"logs","risk"
"Workflow run ID: 70000000270
Workflow: Spring Boot CI
Event: workflow_dispatch
Status: completed
Conclusion: success
Branch: release
Jobs created: 1
Duration seconds: 443

Job: build
Job status: completed
Job conclusion: success
Runner: GitHub Actions 1440501833
Steps:
- Set up job: success
- Checkout repository: success
- Setup Java 21: success
- Build Project: success
- Dependency Scan: success
- Security Scan: success
- Publish Artifact: success
- Post Setup Java 21: success
- Post Checkout repository: success
- Complete job: success

Workflow result: all required stages completed successfully
Deployment recommendation: proceed","LOW"
"Workflow run ID: 80000000108
Workflow: Cloud Native CI/CD
Event: pull_request
Status: completed
Conclusion: success
Branch: feature/risk-analysis
Jobs created: 1
Duration seconds: 128

Job: build
Job status: completed
Job conclusion: success
Runner: GitHub Actions 1922164897
Steps:
- Set up job: success
- Checkout repository: success
- Setup Java 21: success
- Build Project: success
- Run Unit Tests: success
- Medium severity vulnerability detected review required: success
- Build Docker Image: success
- Post Setup Java 21: success
- Post Checkout repository: success
- Complete job: success

Warning: Medium severity vulnerability detected review required
Workflow result: completed successfully with non-critical warnings
Deployment recommendation: manual review required","MEDIUM"
"Workflow run ID: 70000000026
Workflow: Maven Build Pipeline
Event: push
Status: completed
Conclusion: success
Branch: main
Jobs created: 1
Duration seconds: 308

Job: build
Job status: completed
Job conclusion: success
Runner: GitHub Actions 1020976613
Steps:
- Set up job: success
- Checkout repository: success
- Setup Java 21: success
- Build Project: success
- Run Unit Tests: success
- Code Coverage Check: success
- Package Application: success
- Post Setup Java 21: success
- Post Checkout repository: success
- Complete job: success

Workflow result: all required stages completed successfully
Deployment recommendation: proceed","LOW"
"Workflow run ID: 90000000263
Workflow: Maven Build Pipeline
Event: push
Status: completed
Conclusion: failure
Branch: develop
Jobs created: 1
Duration seconds: 227

Job: build
Job status: completed
Job conclusion: failure
Runner: GitHub Actions 1378208867
Steps:
- Set up job: success
- Checkout repository: success
- Setup Java 21: success
- Resolve Maven dependencies: failure
- Compile application: skipped
- Run Unit Tests: skipped
- Run Integration Tests: skipped
- Build Docker Image: skipped
- Deploy to Staging: skipped
- Application Health Check: skipped
- Upload diagnostic reports: success
- Post Setup Java 21: success
- Post Checkout repository: success
- Complete job: success

Error: Maven build failed due to unresolved dependency
Process completed with exit code 1
Workflow result: pipeline failed
Deployment recommendation: stop deployment","HIGH"
"Workflow run ID: 70000000048
Workflow: Cloud Native CI/CD
Event: push
Status: completed
Conclusion: success
Branch: main
Jobs created: 1
Duration seconds: 483

Job: build
Job status: completed
Job conclusion: success
Runner: GitHub Actions 1652897298
Steps:
- Set up job: success
- Checkout repository: success
- Setup Java 21: success
- Build Project: success
- Dependency Scan: success
- Security Scan: success
- Publish Artifact: success
- Post Setup Java 21: success
- Post Checkout repository: success
- Complete job: success

Workflow result: all required stages completed successfully
Deployment recommendation: proceed","LOW"
"Workflow run ID: 90000000290
Workflow: Kubernetes Deployment Pipeline
Event: pull_request
Status: completed
Conclusion: failure
Branch: develop
Jobs created: 1
Duration seconds: 123

Job: build
Job status: completed
Job conclusion: failure
Runner: GitHub Actions 1852593235
Steps:
- Set up job: success
- Checkout repository: success
- Setup Java 21: success
- Resolve Maven dependencies: success
- Compile application: success
- Run Unit Tests: success
- Run Integration Tests: success
- Build Docker Image: success
- Deploy to Staging: success
- Application Health Check: success
- Security Scan: failure
- Upload diagnostic reports: success
- Post Setup Java 21: success
- Post Checkout repository: success
- Complete job: success

Error: Critical vulnerabilities detected deployment blocked
Process completed with exit code 1
Workflow result: pipeline failed
Deployment recommendation: stop deployment","HIGH"
"Workflow run ID: 80000000310
Workflow: Cloud Native CI/CD
Event: pull_request
Status: completed
Conclusion: success
Branch: main
Jobs created: 1
Duration seconds: 224

Job: build
Job status: completed
Job conclusion: success
Runner: GitHub Actions 1401581442
Steps:
- Set up job: success
- Checkout repository: success
- Setup Java 21: success
- Build Project: success
- Run Unit Tests: success
- Minor configuration warning detected during deployment: success
- Package Application: success
- Post Setup Java 21: success
- Post Checkout repository: success
- Complete job: success

Warning: Minor configuration warning detected during deployment
Workflow result: completed successfully with non-critical warnings
Deployment recommendation: manual review required","MEDIUM"
"Workflow run ID: 80000000320
Workflow: Java CI Build
Event: pull_request
Status: completed
Conclusion: success
Branch: hotfix/build-fix
Jobs created: 1
Duration seconds: 521

Job: build
Job status: completed
Job conclusion: success
Runner: GitHub Actions 1553804504
Steps:
- Set up job: success
- Checkout repository: success
- Setup Java 21: success
- Build Project: success
- Run Unit Tests: success
- Memory usage warning detected during compilation: success
- Deploy to Staging: success
- Post Setup Java 21: success
- Post Checkout repository: success
- Complete job: success

Warning: Memory usage warning detected during compilation
Workflow result: completed successfully with non-critical warnings
Deployment recommendation: manual review required","MEDIUM"
"Workflow run ID: 80000000099
Workflow: Spring Boot CI
Event: workflow_dispatch
Status: completed
Conclusion: success
Branch: main
Jobs created: 1
Duration seconds: 373

Job: build
Job status: completed
Job conclusion: success
Runner: GitHub Actions 1239546050
Steps:
- Set up job: success
- Checkout repository: success
- Setup Java 21: success
- Build Project: success
- Run Unit Tests: success
- Staging health check intermittent response detected: success
- Deploy to Staging: success
- Post Setup Java 21: success
- Post Checkout repository: success
- Complete job: success

Warning: Staging health check intermittent response detected
Workflow result: completed successfully with non-critical warnings
Deployment recommendation: manual review required","MEDIUM"
"Workflow run ID: 80000000006
Workflow: Cloud Native CI/CD
Event: pull_request
Status: completed
Conclusion: success
Branch: feature/risk-analysis
Jobs created: 1
Duration seconds: 392

Job: build
Job status: completed
Job conclusion: success
Runner: GitHub Actions 1526725319
Steps:
- Set up job: success
- Checkout repository: success
- Setup Java 21: success
- Build Project: success
- Run Unit Tests: success
- Memory usage warning detected during compilation: success
- Build Docker Image: success
- Post Setup Java 21: success
- Post Checkout repository: success
- Complete job: success

Warning: Memory usage warning detected during compilation
Workflow result: completed successfully with non-critical warnings
Deployment recommendation: manual review required","MEDIUM"
"Workflow run ID: 70000000244
Workflow: Docker Build and Deploy
Event: workflow_dispatch
Status: completed
Conclusion: success
Branch: release
Jobs created: 1
Duration seconds: 354

Job: build
Job status: completed
Job conclusion: success
Runner: GitHub Actions 1718159884
Steps:
- Set up job: success
- Checkout repository: success
- Setup Java 21: success
- Build Project: success
- Run Unit Tests: success
- Code Coverage Check: success
- Package Application: success
- Post Setup Java 21: success
- Post Checkout repository: success
- Complete job: success

Workflow result: all required stages completed successfully
Deployment recommendation: proceed","LOW"
"Workflow run ID: 80000000018
Workflow: Kubernetes Deployment Pipeline
Event: workflow_dispatch
Status: completed
Conclusion: success
Branch: hotfix/build-fix
Jobs created: 1
Duration seconds: 150

Job: build
Job status: completed
Job conclusion: success
Runner: GitHub Actions 1460673383
Steps:
- Set up job: success
- Checkout repository: success
- Setup Java 21: success
- Build Project: success
- Run Unit Tests: success
- Docker image size exceeded recommended limit: success
- Deploy to Staging: success
- Post Setup Java 21: success
- Post Checkout repository: success
- Complete job: success

Warning: Docker image size exceeded recommended limit
Workflow result: completed successfully with non-critical warnings
Deployment recommendation: manual review required","MEDIUM"
"Workflow run ID: 70000000046
Workflow: Cloud Native CI/CD
Event: workflow_dispatch
Status: completed
Conclusion: success
Branch: develop
Jobs created: 1
Duration seconds: 179

Job: build
Job status: completed
Job conclusion: success
Runner: GitHub Actions 1762560031
Steps:
- Set up job: success
- Checkout repository: success
- Setup Java 21: success
- Maven Build: success
- Run Unit Tests: success
- SonarQube Analysis: success
- Complete Build: success
- Post Setup Java 21: success
- Post Checkout repository: success
- Complete job: success

Workflow result: all required stages completed successfully
Deployment recommendation: proceed","LOW"
"Workflow run ID: 90000000253
Workflow: Kubernetes Deployment Pipeline
Event: workflow_dispatch
Status: completed
Conclusion: failure
Branch: feature/risk-analysis
Jobs created: 1
Duration seconds: 307

Job: build
Job status: completed
Job conclusion: failure
Runner: GitHub Actions 1359485969
Steps:
- Set up job: success
- Checkout repository: success
- Setup Java 21: success
- Resolve Maven dependencies: failure
- Compile application: skipped
- Run Unit Tests: skipped
- Run Integration Tests: skipped
- Build Docker Image: skipped
- Deploy to Staging: skipped
- Application Health Check: skipped
- Upload diagnostic reports: success
- Post Setup Java 21: success
- Post Checkout repository: success
- Complete job: success

Error: Maven build failed due to unresolved dependency
Process completed with exit code 1
Workflow result: pipeline failed
Deployment recommendation: stop deployment","HIGH"
"Workflow run ID: 70000000155
Workflow: Spring Boot CI
Event: push
Status: completed
Conclusion: success
Branch: main
Jobs created: 1
Duration seconds: 296

Job: build
Job status: completed
Job conclusion: success
Runner: GitHub Actions 1294083955
Steps:
- Set up job: success
- Checkout repository: success
- Setup Java 21: success
- Build Project: success
- Dependency Scan: success
- Security Scan: success
- Publish Artifact: success
- Post Setup Java 21: success
- Post Checkout repository: success
- Complete job: success

Workflow result: all required stages completed successfully
Deployment recommendation: proceed","LOW"
"Workflow run ID: 80000000333
Workflow: Cloud Native CI/CD
Event: push
Status: completed
Conclusion: success
Branch: release
Jobs created: 1
Duration seconds: 561

Job: build
Job status: completed
Job conclusion: success
Runner: GitHub Actions 1907958839
Steps:
- Set up job: success
- Checkout repository: success
- Setup Java 21: success
- Build Project: success
- Run Unit Tests: success
- Manual deployment approval required: success
- Build Docker Image: success
- Post Setup Java 21: success
- Post Checkout repository: success
- Complete job: success

Warning: Manual deployment approval required
Workflow result: completed successfully with non-critical warnings
Deployment recommendation: manual review required","MEDIUM"
"Workflow run ID: 70000000239
Workflow: Cloud Native CI/CD
Event: pull_request
Status: completed
Conclusion: success
Branch: feature/risk-analysis
Jobs created: 1
Duration seconds: 205

Job: build
Job status: completed
Job conclusion: success
Runner: GitHub Actions 1788485844
Steps:
- Set up job: success
- Checkout repository: success
- Setup Java 21: success
- Compile application: success
- Run Unit Tests: success
- Run Integration Tests: success
- Build Docker Image: success
- Post Setup Java 21: success
- Post Checkout repository: success
- Complete job: success

Workflow result: all required stages completed successfully
Deployment recommendation: proceed","LOW"
"Workflow run ID: 90000000331
Workflow: Kubernetes Deployment Pipeline
Event: workflow_dispatch
Status: completed
Conclusion: failure
Branch: develop
Jobs created: 1
Duration seconds: 277

Job: build
Job status: completed
Job conclusion: failure
Runner: GitHub Actions 1589614643
Steps:
- Set up job: success
- Checkout repository: success
- Setup Java 21: success
- Resolve Maven dependencies: success
- Compile application: success
- Run Unit Tests: success
- Run Integration Tests: success
- Build Docker Image: success
- Deploy to Staging: success
- Application Health Check: failure
- Upload diagnostic reports: success
- Post Setup Java 21: success
- Post Checkout repository: success
- Complete job: success

Error: Health check failed after deployment
Process completed with exit code 1
Workflow result: pipeline failed
Deployment recommendation: stop deployment","HIGH"
"Workflow run ID: 70000000054
Workflow: Maven Build Pipeline
Event: pull_request
Status: completed
Conclusion: success
Branch: hotfix/build-fix
Jobs created: 1
Duration seconds: 319

Job: build
Job status: completed
Job conclusion: success
Runner: GitHub Actions 1771822431
Steps:
- Set up job: success
- Checkout repository: success
- Setup Java 21: success
- Compile application: success
- Run Unit Tests: success
- Run Integration Tests: success
- Build Docker Image: success
- Post Setup Java 21: success
- Post Checkout repository: success
- Complete job: success

Workflow result: all required stages completed successfully
Deployment recommendation: proceed","LOW"
"Workflow run ID: 90000000332
Workflow: Maven Build Pipeline
Event: push
Status: completed
Conclusion: failure
Branch: feature/risk-analysis
Jobs created: 1
Duration seconds: 260

Job: build
Job status: completed
Job conclusion: failure
Runner: GitHub Actions 1264658817
Steps:
- Set up job: success
- Checkout repository: success
- Setup Java 21: success
- Resolve Maven dependencies: success
- Compile application: success
- Run Unit Tests: success
- Run Integration Tests: success
- Build Docker Image: success
- Deploy to Staging: failure
- Application Health Check: skipped
- Upload diagnostic reports: success
- Post Setup Java 21: success
- Post Checkout repository: success
- Complete job: success

Error: Deployment failed because service was unavailable
Process completed with exit code 1
Workflow result: pipeline failed
Deployment recommendation: stop deployment","HIGH"
"Workflow run ID: 90000000319
Workflow: Cloud Native CI/CD
Event: workflow_dispatch
Status: completed
Conclusion: failure
Branch: release
Jobs created: 1
Duration seconds: 237

Job: build
Job status: completed
Job conclusion: failure
Runner: GitHub Actions 1583632631
Steps:
- Set up job: success
- Checkout repository: success
- Setup Java 21: success
- Resolve Maven dependencies: success
- Compile application: success
- Run Unit Tests: failure
- Run Integration Tests: skipped
- Build Docker Image: skipped
- Deploy to Staging: skipped
- Application Health Check: skipped
- Upload diagnostic reports: success
- Post Setup Java 21: success
- Post Checkout repository: success
- Complete job: success

Error: Unit tests failed with assertion errors
Process completed with exit code 1
Workflow result: pipeline failed
Deployment recommendation: stop deployment","HIGH"
"Workflow run ID: 90000000017
Workflow: Cloud Native CI/CD
Event: workflow_dispatch
Status: completed
Conclusion: failure
Branch: feature/risk-analysis
Jobs created: 1
Duration seconds: 180

Job: build
Job status: completed
Job conclusion: failure
Runner: GitHub Actions 1643932007
Steps:
- Set up job: success
- Checkout repository: success
- Setup Java 21: success
- Resolve Maven dependencies: failure
- Compile application: skipped
- Run Unit Tests: skipped
- Run Integration Tests: skipped
- Build Docker Image: skipped
- Deploy to Staging: skipped
- Application Health Check: skipped
- Upload diagnostic reports: success
- Post Setup Java 21: success
- Post Checkout repository: success
- Complete job: success

Error: Maven build failed due to unresolved dependency
Process completed with exit code 1
Workflow result: pipeline failed
Deployment recommendation: stop deployment","HIGH"
"Workflow run ID: 70000000304
Workflow: Docker Build and Deploy
Event: push
Status: completed
Conclusion: success
Branch: develop
Jobs created: 1
Duration seconds: 406

Job: build
Job status: completed
Job conclusion: success
Runner: GitHub Actions 1584291077
Steps:
- Set up job: success
- Checkout repository: success
- Setup Java 21: success
- Build Docker Image: success
- Push Docker Image: success
- Deploy to Staging: success
- Application Health Check: success
- Post Setup Java 21: success
- Post Checkout repository: success
- Complete job: success

Workflow result: all required stages completed successfully
Deployment recommendation: proceed","LOW"
"Workflow run ID: 90000000256
Workflow: Maven Build Pipeline
Event: push
Status: completed
Conclusion: failure
Branch: feature/risk-analysis
Jobs created: 1
Duration seconds: 227

Job: build
Job status: completed
Job conclusion: failure
Runner: GitHub Actions 1201879102
Steps:
- Set up job: success
- Checkout repository: success
- Setup Java 21: success
- Resolve Maven dependencies: success
- Compile application: success
- Run Unit Tests: success
- Run Integration Tests: failure
- Build Docker Image: skipped
- Deploy to Staging: skipped
- Application Health Check: skipped
- Upload diagnostic reports: success
- Post Setup Java 21: success
- Post Checkout repository: success
- Complete job: success

Error: Integration tests failed connection refused
Process completed with exit code 1
Workflow result: pipeline failed
Deployment recommendation: stop deployment","HIGH"
"Workflow run ID: 70000000105
Workflow: Java CI Build
Event: push
Status: completed
Conclusion: success
Branch: feature/risk-analysis
Jobs created: 1
Duration seconds: 367

Job: build
Job status: completed
Job conclusion: success
Runner: GitHub Actions 1366947371
Steps:
- Set up job: success
- Checkout repository: success
- Setup Java 21: success
- Build Project: success
- Run Unit Tests: success
- Code Coverage Check: success
- Package Application: success
- Post Setup Java 21: success
- Post Checkout repository: success
- Complete job: success

Workflow result: all required stages completed successfully
Deployment recommendation: proceed","LOW"
"Workflow run ID: 80000000081
Workflow: Cloud Native CI/CD
Event: push
Status: completed
Conclusion: success
Branch: develop
Jobs created: 1
Duration seconds: 566

Job: build
Job status: completed
Job conclusion: success
Runner: GitHub Actions 1401710879
Steps:
- Set up job: success
- Checkout repository: success
- Setup Java 21: success
- Build Project: success
- Run Unit Tests: success
- Build duration above expected threshold performance review required: success
- Build Docker Image: success
- Post Setup Java 21: success
- Post Checkout repository: success
- Complete job: success

Warning: Build duration above expected threshold performance review required
Workflow result: completed successfully with non-critical warnings
Deployment recommendation: manual review required","MEDIUM"
"Workflow run ID: 90000000106
Workflow: Docker Build and Deploy
Event: workflow_dispatch
Status: completed
Conclusion: failure
Branch: main
Jobs created: 1
Duration seconds: 61

Job: build
Job status: completed
Job conclusion: failure
Runner: GitHub Actions 1477452377
Steps:
- Set up job: success
- Checkout repository: success
- Setup Java 21: success
- Resolve Maven dependencies: success
- Compile application: failure
- Run Unit Tests: skipped
- Run Integration Tests: skipped
- Build Docker Image: skipped
- Deploy to Staging: skipped
- Application Health Check: skipped
- Upload diagnostic reports: success
- Post Setup Java 21: success
- Post Checkout repository: success
- Complete job: success

Error: Compilation failed because symbol could not be resolved
Process completed with exit code 1
Workflow result: pipeline failed
Deployment recommendation: stop deployment","HIGH"
"Workflow run ID: 70000000106
Workflow: Docker Build and Deploy
Event: push
Status: completed
Conclusion: success
Branch: main
Jobs created: 1
Duration seconds: 118

Job: build
Job status: completed
Job conclusion: success
Runner: GitHub Actions 1852771607
Steps:
- Set up job: success
- Checkout repository: success
- Setup Java 21: success
- Build Docker Image: success
- Push Docker Image: success
- Deploy to Staging: success
- Application Health Check: success
- Post Setup Java 21: success
- Post Checkout repository: success
- Complete job: success

Workflow result: all required stages completed successfully
Deployment recommendation: proceed","LOW"
"Workflow run ID: 90000000198
Workflow: Docker Build and Deploy
Event: push
Status: completed
Conclusion: failure
Branch: develop
Jobs created: 1
Duration seconds: 307

Job: build
Job status: completed
Job conclusion: failure
Runner: GitHub Actions 1486689192
Steps:
- Set up job: success
- Checkout repository: success
- Setup Java 21: success
- Resolve Maven dependencies: success
- Compile application: success
- Run Unit Tests: success
- Run Integration Tests: success
- Build Docker Image: success
- Deploy to Staging: success
- Application Health Check: success
- Security Scan: failure
- Upload diagnostic reports: success
- Post Setup Java 21: success
- Post Checkout repository: success
- Complete job: success

Error: Critical vulnerabilities detected deployment blocked
Process completed with exit code 1
Workflow result: pipeline failed
Deployment recommendation: stop deployment","HIGH"
"Workflow run ID: 80000000140
Workflow: Kubernetes Deployment Pipeline
Event: push
Status: completed
Conclusion: success
Branch: main
Jobs created: 1
Duration seconds: 224

Job: build
Job status: completed
Job conclusion: success
Runner: GitHub Actions 1058177420
Steps:
- Set up job: success
- Checkout repository: success
- Setup Java 21: success
- Build Project: success
- Run Unit Tests: success
- Manual deployment approval required: success
- Deploy to Staging: success
- Post Setup Java 21: success
- Post Checkout repository: success
- Complete job: success

Warning: Manual deployment approval required
Workflow result: completed successfully with non-critical warnings
Deployment recommendation: manual review required","MEDIUM"
"Workflow run ID: 90000000062
Workflow: Spring Boot CI
Event: push
Status: completed
Conclusion: failure
Branch: feature/risk-analysis
Jobs created: 1
Duration seconds: 85

Job: build
Job status: completed
Job conclusion: failure
Runner: GitHub Actions 1094820511
Steps:
- Set up job: success
- Checkout repository: success
- Setup Java 21: success
- Resolve Maven dependencies: success
- Compile application: success
- Run Unit Tests: success
- Run Integration Tests: success
- Build Docker Image: success
- Deploy to Staging: success
- Application Health Check: failure
- Upload diagnostic reports: success
- Post Setup Java 21: success
- Post Checkout repository: success
- Complete job: success

Error: Health check failed after deployment
Process completed with exit code 1
Workflow result: pipeline failed
Deployment recommendation: stop deployment","HIGH"
"Workflow run ID: 80000000224
Workflow: Cloud Native CI/CD
Event: push
Status: completed
Conclusion: success
Branch: main
Jobs created: 1
Duration seconds: 405

Job: build
Job status: completed
Job conclusion: success
Runner: GitHub Actions 1798447176
Steps:
- Set up job: success
- Checkout repository: success
- Setup Java 21: success
- Build Project: success
- Run Unit Tests: success
- Code coverage below threshold manual review required: success
- Deploy to Staging: success
- Post Setup Java 21: success
- Post Checkout repository: success
- Complete job: success

Warning: Code coverage below threshold manual review required
Workflow result: completed successfully with non-critical warnings
Deployment recommendation: manual review required","MEDIUM"
"Workflow run ID: 70000000289
Workflow: Java CI Build
Event: pull_request
Status: completed
Conclusion: success
Branch: main
Jobs created: 1
Duration seconds: 269

Job: build
Job status: completed
Job conclusion: success
Runner: GitHub Actions 1714884437
Steps:
- Set up job: success
- Checkout repository: success
- Setup Java 21: success
- Maven Build: success
- Run Unit Tests: success
- SonarQube Analysis: success
- Complete Build: success
- Post Setup Java 21: success
- Post Checkout repository: success
- Complete job: success

Workflow result: all required stages completed successfully
Deployment recommendation: proceed","LOW"
"Workflow run ID: 80000000314
Workflow: Kubernetes Deployment Pipeline
Event: pull_request
Status: completed
Conclusion: success
Branch: develop
Jobs created: 1
Duration seconds: 589

Job: build
Job status: completed
Job conclusion: success
Runner: GitHub Actions 1275699299
Steps:
- Set up job: success
- Checkout repository: success
- Setup Java 21: success
- Build Project: success
- Run Unit Tests: success
- Medium severity vulnerability detected review required: success
- Build Docker Image: success
- Post Setup Java 21: success
- Post Checkout repository: success
- Complete job: success

Warning: Medium severity vulnerability detected review required
Workflow result: completed successfully with non-critical warnings
Deployment recommendation: manual review required","MEDIUM"
"Workflow run ID: 70000000313
Workflow: Spring Boot CI
Event: workflow_dispatch
Status: completed
Conclusion: success
Branch: hotfix/build-fix
Jobs created: 1
Duration seconds: 55

Job: build
Job status: completed
Job conclusion: success
Runner: GitHub Actions 1658209536
Steps:
- Set up job: success
- Checkout repository: success
- Setup Java 21: success
- Build Project: success
- Dependency Scan: success
- Security Scan: success
- Publish Artifact: success
- Post Setup Java 21: success
- Post Checkout repository: success
- Complete job: success

Workflow result: all required stages completed successfully
Deployment recommendation: proceed","LOW"
"Workflow run ID: 90000000032
Workflow: Cloud Native CI/CD
Event: workflow_dispatch
Status: completed
Conclusion: failure
Branch: hotfix/build-fix
Jobs created: 1
Duration seconds: 65

Job: build
Job status: completed
Job conclusion: failure
Runner: GitHub Actions 1386560590
Steps:
- Set up job: success
- Checkout repository: success
- Setup Java 21: success
- Resolve Maven dependencies: success
- Compile application: success
- Run Unit Tests: success
- Run Integration Tests: success
- Build Docker Image: success
- Deploy to Staging: failure
- Application Health Check: skipped
- Upload diagnostic reports: success
- Post Setup Java 21: success
- Post Checkout repository: success
- Complete job: success

Error: Deployment failed because service was unavailable
Process completed with exit code 1
Workflow result: pipeline failed
Deployment recommendation: stop deployment","HIGH"
"Workflow run ID: 80000000283
Workflow: Spring Boot CI
Event: push
Status: completed
Conclusion: success
Branch: release
Jobs created: 1
Duration seconds: 494

Job: build
Job status: completed
Job conclusion: success
Runner: GitHub Actions 1967036749
Steps:
- Set up job: success
- Checkout repository: success
- Setup Java 21: success
- Build Project: success
- Run Unit Tests: success
- Build duration above expected threshold performance review required: success
- Build Docker Image: success
- Post Setup Java 21: success
- Post Checkout repository: success
- Complete job: success

Warning: Build duration above expected threshold performance review required
Workflow result: completed successfully with non-critical warnings
Deployment recommendation: manual review required","MEDIUM"
"Workflow run ID: 80000000047
Workflow: Java CI Build
Event: pull_request
Status: completed
Conclusion: success
Branch: main
Jobs created: 1
Duration seconds: 514

Job: build
Job status: completed
Job conclusion: success
Runner: GitHub Actions 1484632791
Steps:
- Set up job: success
- Checkout repository: success
- Setup Java 21: success
- Build Project: success
- Run Unit Tests: success
- Memory usage warning detected during compilation: success
- Deploy to Staging: success
- Post Setup Java 21: success
- Post Checkout repository: success
- Complete job: success

Warning: Memory usage warning detected during compilation
Workflow result: completed successfully with non-critical warnings
Deployment recommendation: manual review required","MEDIUM"
"Workflow run ID: 80000000048
Workflow: Java CI Build
Event: workflow_dispatch
Status: completed
Conclusion: success
Branch: develop
Jobs created: 1
Duration seconds: 127

Job: build
Job status: completed
Job conclusion: success
Runner: GitHub Actions 1572366187
Steps:
- Set up job: success
- Checkout repository: success
- Setup Java 21: success
- Build Project: success
- Run Unit Tests: success
- Medium severity vulnerability detected review required: success
- Package Application: success
- Post Setup Java 21: success
- Post Checkout repository: success
- Complete job: success

Warning: Medium severity vulnerability detected review required
Workflow result: completed successfully with non-critical warnings
Deployment recommendation: manual review required","MEDIUM"
"Workflow run ID: 80000000117
Workflow: Maven Build Pipeline
Event: workflow_dispatch
Status: completed
Conclusion: success
Branch: hotfix/build-fix
Jobs created: 1
Duration seconds: 495

Job: build
Job status: completed
Job conclusion: success
Runner: GitHub Actions 1487809810
Steps:
- Set up job: success
- Checkout repository: success
- Setup Java 21: success
- Build Project: success
- Run Unit Tests: success
- Flaky tests detected retry passed manual review required: success
- Deploy to Staging: success
- Post Setup Java 21: success
- Post Checkout repository: success
- Complete job: success

Warning: Flaky tests detected retry passed manual review required
Workflow result: completed successfully with non-critical warnings
Deployment recommendation: manual review required","MEDIUM"
"Workflow run ID: 90000000111
Workflow: Docker Build and Deploy
Event: push
Status: completed
Conclusion: failure
Branch: main
Jobs created: 1
Duration seconds: 294

Job: build
Job status: completed
Job conclusion: failure
Runner: GitHub Actions 1041248336
Steps:
- Set up job: success
- Checkout repository: success
- Setup Java 21: success
- Resolve Maven dependencies: success
- Compile application: failure
- Run Unit Tests: skipped
- Run Integration Tests: skipped
- Build Docker Image: skipped
- Deploy to Staging: skipped
- Application Health Check: skipped
- Upload diagnostic reports: success
- Post Setup Java 21: success
- Post Checkout repository: success
- Complete job: success

Error: Compilation failed because symbol could not be resolved
Process completed with exit code 1
Workflow result: pipeline failed
Deployment recommendation: stop deployment","HIGH"
"Workflow run ID: 80000000300
Workflow: Cloud Native CI/CD
Event: workflow_dispatch
Status: completed
Conclusion: success
Branch: develop
Jobs created: 1
Duration seconds: 98

Job: build
Job status: completed
Job conclusion: success
Runner: GitHub Actions 1552750883
Steps:
- Set up job: success
- Checkout repository: success
- Setup Java 21: success
- Build Project: success
- Run Unit Tests: success
- Build duration above expected threshold performance review required: success
- Build Docker Image: success
- Post Setup Java 21: success
- Post Checkout repository: success
- Complete job: success

Warning: Build duration above expected threshold performance review required
Workflow result: completed successfully with non-critical warnings
Deployment recommendation: manual review required","MEDIUM"
"Workflow run ID: 70000000293
Workflow: Kubernetes Deployment Pipeline
Event: push
Status: completed
Conclusion: success
Branch: main
Jobs created: 1
Duration seconds: 469

Job: build
Job status: completed
Job conclusion: success
Runner: GitHub Actions 1920730862
Steps:
- Set up job: success
- Checkout repository: success
- Setup Java 21: success
- Maven Build: success
- Run Unit Tests: success
- SonarQube Analysis: success
- Complete Build: success
- Post Setup Java 21: success
- Post Checkout repository: success
- Complete job: success

Workflow result: all required stages completed successfully
Deployment recommendation: proceed","LOW"
"Workflow run ID: 70000000288
Workflow: Maven Build Pipeline
Event: workflow_dispatch
Status: completed
Conclusion: success
Branch: hotfix/build-fix
Jobs created: 1
Duration seconds: 251

Job: build
Job status: completed
Job conclusion: success
Runner: GitHub Actions 1347993555
Steps:
- Set up job: success
- Checkout repository: success
- Setup Java 21: success
- Build Project: success
- Run Unit Tests: success
- Code Coverage Check: success
- Package Application: success
- Post Setup Java 21: success
- Post Checkout repository: success
- Complete job: success

Workflow result: all required stages completed successfully
Deployment recommendation: proceed","LOW"
"Workflow run ID: 80000000038
Workflow: Cloud Native CI/CD
Event: pull_request
Status: completed
Conclusion: success
Branch: main
Jobs created: 1
Duration seconds: 361

Job: build
Job status: completed
Job conclusion: success
Runner: GitHub Actions 1713001368
Steps:
- Set up job: success
- Checkout repository: success
- Setup Java 21: success
- Build Project: success
- Run Unit Tests: success
- Code coverage below threshold manual review required: success
- Package Application: success
- Post Setup Java 21: success
- Post Checkout repository: success
- Complete job: success

Warning: Code coverage below threshold manual review required
Workflow result: completed successfully with non-critical warnings
Deployment recommendation: manual review required","MEDIUM"
"Workflow run ID: 90000000064
Workflow: Spring Boot CI
Event: pull_request
Status: completed
Conclusion: failure
Branch: main
Jobs created: 1
Duration seconds: 98

Job: build
Job status: completed
Job conclusion: failure
Runner: GitHub Actions 1632276278
Steps:
- Set up job: success
- Checkout repository: success
- Setup Java 21: success
- Resolve Maven dependencies: failure
- Compile application: skipped
- Run Unit Tests: skipped
- Run Integration Tests: skipped
- Build Docker Image: skipped
- Deploy to Staging: skipped
- Application Health Check: skipped
- Upload diagnostic reports: success
- Post Setup Java 21: success
- Post Checkout repository: success
- Complete job: success

Error: Maven build failed due to unresolved dependency
Process completed with exit code 1
Workflow result: pipeline failed
Deployment recommendation: stop deployment","HIGH"
"Workflow run ID: 70000000180
Workflow: Maven Build Pipeline
Event: push
Status: completed
Conclusion: success
Branch: hotfix/build-fix
Jobs created: 1
Duration seconds: 417

Job: build
Job status: completed
Job conclusion: success
Runner: GitHub Actions 1617458101
Steps:
- Set up job: success
- Checkout repository: success
- Setup Java 21: success
- Compile application: success
- Run Unit Tests: success
- Run Integration Tests: success
- Build Docker Image: success
- Post Setup Java 21: success
- Post Checkout repository: success
- Complete job: success

Workflow result: all required stages completed successfully
Deployment recommendation: proceed","LOW"
"Workflow run ID: 90000000232
Workflow: Maven Build Pipeline
Event: workflow_dispatch
Status: completed
Conclusion: failure
Branch: main
Jobs created: 1
Duration seconds: 387

Job: build
Job status: completed
Job conclusion: failure
Runner: GitHub Actions 1179614330
Steps:
- Set up job: success
- Checkout repository: success
- Setup Java 21: success
- Resolve Maven dependencies: success
- Compile application: success
- Run Unit Tests: success
- Run Integration Tests: success
- Build Docker Image: success
- Deploy to Staging: success
- Application Health Check: success
- Kubernetes Deployment: failure
- Upload diagnostic reports: success
- Post Setup Java 21: success
- Post Checkout repository: success
- Complete job: success

Error: Kubernetes deployment failed with ImagePullBackOff
Process completed with exit code 1
Workflow result: pipeline failed
Deployment recommendation: stop deployment","HIGH"
"Workflow run ID: 80000000200
Workflow: Maven Build Pipeline
Event: workflow_dispatch
Status: completed
Conclusion: success
Branch: main
Jobs created: 1
Duration seconds: 137

Job: build
Job status: completed
Job conclusion: success
Runner: GitHub Actions 1549456625
Steps:
- Set up job: success
- Checkout repository: success
- Setup Java 21: success
- Build Project: success
- Run Unit Tests: success
- Staging health check intermittent response detected: success
- Package Application: success
- Post Setup Java 21: success
- Post Checkout repository: success
- Complete job: success

Warning: Staging health check intermittent response detected
Workflow result: completed successfully with non-critical warnings
Deployment recommendation: manual review required","MEDIUM"
"Workflow run ID: 90000000185
Workflow: Maven Build Pipeline
Event: pull_request
Status: completed
Conclusion: failure
Branch: main
Jobs created: 1
Duration seconds: 142

Job: build
Job status: completed
Job conclusion: failure
Runner: GitHub Actions 1128129036
Steps:
- Set up job: success
- Checkout repository: success
- Setup Java 21: success
- Resolve Maven dependencies: success
- Compile application: success
- Run Unit Tests: success
- Run Integration Tests: failure
- Build Docker Image: skipped
- Deploy to Staging: skipped
- Application Health Check: skipped
- Upload diagnostic reports: success
- Post Setup Java 21: success
- Post Checkout repository: success
- Complete job: success

Error: Integration tests failed connection refused
Process completed with exit code 1
Workflow result: pipeline failed
Deployment recommendation: stop deployment","HIGH"
"Workflow run ID: 90000000050
Workflow: Kubernetes Deployment Pipeline
Event: push
Status: completed
Conclusion: failure
Branch: hotfix/build-fix
Jobs created: 1
Duration seconds: 318

Job: build
Job status: completed
Job conclusion: failure
Runner: GitHub Actions 1313140585
Steps:
- Set up job: success
- Checkout repository: success
- Setup Java 21: success
- Resolve Maven dependencies: success
- Compile application: success
- Run Unit Tests: success
- Run Integration Tests: success
- Build Docker Image: success
- Deploy to Staging: success
- Application Health Check: success
- Database Migration: failure
- Upload diagnostic reports: success
- Post Setup Java 21: success
- Post Checkout repository: success
- Complete job: success

Error: Database migration failed and deployment was stopped
Process completed with exit code 1
Workflow result: pipeline failed
Deployment recommendation: stop deployment","HIGH"
"Workflow run ID: 90000000001
Workflow: Maven Build Pipeline
Event: pull_request
Status: completed
Conclusion: failure
Branch: hotfix/build-fix
Jobs created: 1
Duration seconds: 34

Job: build
Job status: completed
Job conclusion: failure
Runner: GitHub Actions 1570319066
Steps:
- Set up job: success
- Checkout repository: success
- Setup Java 21: success
- Resolve Maven dependencies: success
- Compile application: success
- Run Unit Tests: success
- Run Integration Tests: success
- Build Docker Image: success
- Deploy to Staging: failure
- Application Health Check: skipped
- Upload diagnostic reports: success
- Post Setup Java 21: success
- Post Checkout repository: success
- Complete job: success

Error: Deployment failed because service was unavailable
Process completed with exit code 1
Workflow result: pipeline failed
Deployment recommendation: stop deployment","HIGH"
"Workflow run ID: 90000000282
Workflow: Spring Boot CI
Event: workflow_dispatch
Status: completed
Conclusion: failure
Branch: main
Jobs created: 1
Duration seconds: 363

Job: build
Job status: completed
Job conclusion: failure
Runner: GitHub Actions 1164749709
Steps:
- Set up job: success
- Checkout repository: success
- Setup Java 21: success
- Resolve Maven dependencies: success
- Compile application: success
- Run Unit Tests: success
- Run Integration Tests: success
- Build Docker Image: success
- Deploy to Staging: success
- Application Health Check: failure
- Upload diagnostic reports: success
- Post Setup Java 21: success
- Post Checkout repository: success
- Complete job: success

Error: Health check failed after deployment
Process completed with exit code 1
Workflow result: pipeline failed
Deployment recommendation: stop deployment","HIGH"
"Workflow run ID: 80000000327
Workflow: Cloud Native CI/CD
Event: pull_request
Status: completed
Conclusion: success
Branch: feature/risk-analysis
Jobs created: 1
Duration seconds: 533

Job: build
Job status: completed
Job conclusion: success
Runner: GitHub Actions 1818150890
Steps:
- Set up job: success
- Checkout repository: success
- Setup Java 21: success
- Build Project: success
- Run Unit Tests: success
- Code coverage below threshold manual review required: success
- Package Application: success
- Post Setup Java 21: success
- Post Checkout repository: success
- Complete job: success

Warning: Code coverage below threshold manual review required
Workflow result: completed successfully with non-critical warnings
Deployment recommendation: manual review required","MEDIUM"
"Workflow run ID: 80000000252
Workflow: Maven Build Pipeline
Event: workflow_dispatch
Status: completed
Conclusion: success
Branch: main
Jobs created: 1
Duration seconds: 249

Job: build
Job status: completed
Job conclusion: success
Runner: GitHub Actions 1693824979
Steps:
- Set up job: success
- Checkout repository: success
- Setup Java 21: success
- Build Project: success
- Run Unit Tests: success
- Minor configuration warning detected during deployment: success
- Deploy to Staging: success
- Post Setup Java 21: success
- Post Checkout repository: success
- Complete job: success

Warning: Minor configuration warning detected during deployment
Workflow result: completed successfully with non-critical warnings
Deployment recommendation: manual review required","MEDIUM"
"Workflow run ID: 70000000080
Workflow: Maven Build Pipeline
Event: workflow_dispatch
Status: completed
Conclusion: success
Branch: feature/risk-analysis
Jobs created: 1
Duration seconds: 244

Job: build
Job status: completed
Job conclusion: success
Runner: GitHub Actions 1698433805
Steps:
- Set up job: success
- Checkout repository: success
- Setup Java 21: success
- Build Docker Image: success
- Push Docker Image: success
- Deploy to Staging: success
- Application Health Check: success
- Post Setup Java 21: success
- Post Checkout repository: success
- Complete job: success

Workflow result: all required stages completed successfully
Deployment recommendation: proceed","LOW"
"Workflow run ID: 80000000295
Workflow: Spring Boot CI
Event: workflow_dispatch
Status: completed
Conclusion: success
Branch: release
Jobs created: 1
Duration seconds: 147

Job: build
Job status: completed
Job conclusion: success
Runner: GitHub Actions 1304104657
Steps:
- Set up job: success
- Checkout repository: success
- Setup Java 21: success
- Build Project: success
- Run Unit Tests: success
- Minor configuration warning detected during deployment: success
- Build Docker Image: success
- Post Setup Java 21: success
- Post Checkout repository: success
- Complete job: success

Warning: Minor configuration warning detected during deployment
Workflow result: completed successfully with non-critical warnings
Deployment recommendation: manual review required","MEDIUM"
"Workflow run ID: 70000000010
Workflow: Spring Boot CI
Event: pull_request
Status: completed
Conclusion: success
Branch: release
Jobs created: 1
Duration seconds: 344

Job: build
Job status: completed
Job conclusion: success
Runner: GitHub Actions 1525903156
Steps:
- Set up job: success
- Checkout repository: success
- Setup Java 21: success
- Build Project: success
- Run Unit Tests: success
- Code Coverage Check: success
- Package Application: success
- Post Setup Java 21: success
- Post Checkout repository: success
- Complete job: success

Workflow result: all required stages completed successfully
Deployment recommendation: proceed","LOW"
"Workflow run ID: 90000000156
Workflow: Maven Build Pipeline
Event: workflow_dispatch
Status: completed
Conclusion: failure
Branch: hotfix/build-fix
Jobs created: 1
Duration seconds: 390

Job: build
Job status: completed
Job conclusion: failure
Runner: GitHub Actions 1505830183
Steps:
- Set up job: success
- Checkout repository: success
- Setup Java 21: success
- Resolve Maven dependencies: success
- Compile application: success
- Run Unit Tests: success
- Run Integration Tests: failure
- Build Docker Image: skipped
- Deploy to Staging: skipped
- Application Health Check: skipped
- Upload diagnostic reports: success
- Post Setup Java 21: success
- Post Checkout repository: success
- Complete job: success

Error: Integration tests failed connection refused
Process completed with exit code 1
Workflow result: pipeline failed
Deployment recommendation: stop deployment","HIGH"
"Workflow run ID: 90000000023
Workflow: Docker Build and Deploy
Event: push
Status: completed
Conclusion: failure
Branch: develop
Jobs created: 1
Duration seconds: 129

Job: build
Job status: completed
Job conclusion: failure
Runner: GitHub Actions 1935974559
Steps:
- Set up job: success
- Checkout repository: success
- Setup Java 21: success
- Resolve Maven dependencies: success
- Compile application: success
- Run Unit Tests: success
- Run Integration Tests: success
- Build Docker Image: success
- Deploy to Staging: failure
- Application Health Check: skipped
- Upload diagnostic reports: success
- Post Setup Java 21: success
- Post Checkout repository: success
- Complete job: success

Error: Deployment failed because service was unavailable
Process completed with exit code 1
Workflow result: pipeline failed
Deployment recommendation: stop deployment","HIGH"
"Workflow run ID: 80000000288
Workflow: Java CI Build
Event: workflow_dispatch
Status: completed
Conclusion: success
Branch: feature/risk-analysis
Jobs created: 1
Duration seconds: 559

Job: build
Job status: completed
Job conclusion: success
Runner: GitHub Actions 1609745761
Steps:
- Set up job: success
- Checkout repository: success
- Setup Java 21: success
- Build Project: success
- Run Unit Tests: success
- Minor configuration warning detected during deployment: success
- Package Application: success
- Post Setup Java 21: success
- Post Checkout repository: success
- Complete job: success

Warning: Minor configuration warning detected during deployment
Workflow result: completed successfully with non-critical warnings
Deployment recommendation: manual review required","MEDIUM"
"Workflow run ID: 80000000309
Workflow: Spring Boot CI
Event: workflow_dispatch
Status: completed
Conclusion: success
Branch: feature/risk-analysis
Jobs created: 1
Duration seconds: 184

Job: build
Job status: completed
Job conclusion: success
Runner: GitHub Actions 1908211314
Steps:
- Set up job: success
- Checkout repository: success
- Setup Java 21: success
- Build Project: success
- Run Unit Tests: success
- Build duration above expected threshold performance review required: success
- Deploy to Staging: success
- Post Setup Java 21: success
- Post Checkout repository: success
- Complete job: success

Warning: Build duration above expected threshold performance review required
Workflow result: completed successfully with non-critical warnings
Deployment recommendation: manual review required","MEDIUM"
"Workflow run ID: 70000000028
Workflow: Java CI Build
Event: pull_request
Status: completed
Conclusion: success
Branch: release
Jobs created: 1
Duration seconds: 389

Job: build
Job status: completed
Job conclusion: success
Runner: GitHub Actions 1357630452
Steps:
- Set up job: success
- Checkout repository: success
- Setup Java 21: success
- Build Project: success
- Run Unit Tests: success
- Code Coverage Check: success
- Package Application: success
- Post Setup Java 21: success
- Post Checkout repository: success
- Complete job: success

Workflow result: all required stages completed successfully
Deployment recommendation: proceed","LOW"
"Workflow run ID: 80000000073
Workflow: Docker Build and Deploy
Event: pull_request
Status: completed
Conclusion: success
Branch: hotfix/build-fix
Jobs created: 1
Duration seconds: 273

Job: build
Job status: completed
Job conclusion: success
Runner: GitHub Actions 1933296728
Steps:
- Set up job: success
- Checkout repository: success
- Setup Java 21: success
- Build Project: success
- Run Unit Tests: success
- Minor configuration warning detected during deployment: success
- Package Application: success
- Post Setup Java 21: success
- Post Checkout repository: success
- Complete job: success

Warning: Minor configuration warning detected during deployment
Workflow result: completed successfully with non-critical warnings
Deployment recommendation: manual review required","MEDIUM"
"Workflow run ID: 70000000278
Workflow: Java CI Build
Event: push
Status: completed
Conclusion: success
Branch: feature/risk-analysis
Jobs created: 1
Duration seconds: 303

Job: build
Job status: completed
Job conclusion: success
Runner: GitHub Actions 1816696084
Steps:
- Set up job: success
- Checkout repository: success
- Setup Java 21: success
- Maven Build: success
- Run Unit Tests: success
- SonarQube Analysis: success
- Complete Build: success
- Post Setup Java 21: success
- Post Checkout repository: success
- Complete job: success

Workflow result: all required stages completed successfully
Deployment recommendation: proceed","LOW"
"Workflow run ID: 80000000041
Workflow: Kubernetes Deployment Pipeline
Event: workflow_dispatch
Status: completed
Conclusion: success
Branch: hotfix/build-fix
Jobs created: 1
Duration seconds: 582

Job: build
Job status: completed
Job conclusion: success
Runner: GitHub Actions 1030025436
Steps:
- Set up job: success
- Checkout repository: success
- Setup Java 21: success
- Build Project: success
- Run Unit Tests: success
- Build duration above expected threshold performance review required: success
- Package Application: success
- Post Setup Java 21: success
- Post Checkout repository: success
- Complete job: success

Warning: Build duration above expected threshold performance review required
Workflow result: completed successfully with non-critical warnings
Deployment recommendation: manual review required","MEDIUM"
"Workflow run ID: 70000000193
Workflow: Spring Boot CI
Event: workflow_dispatch
Status: completed
Conclusion: success
Branch: release
Jobs created: 1
Duration seconds: 318

Job: build
Job status: completed
Job conclusion: success
Runner: GitHub Actions 1596381086
Steps:
- Set up job: success
- Checkout repository: success
- Setup Java 21: success
- Compile application: success
- Run Unit Tests: success
- Run Integration Tests: success
- Build Docker Image: success
- Post Setup Java 21: success
- Post Checkout repository: success
- Complete job: success

Workflow result: all required stages completed successfully
Deployment recommendation: proceed","LOW"
"Workflow run ID: 90000000264
Workflow: Cloud Native CI/CD
Event: workflow_dispatch
Status: completed
Conclusion: failure
Branch: release
Jobs created: 1
Duration seconds: 362

Job: build
Job status: completed
Job conclusion: failure
Runner: GitHub Actions 1684889637
Steps:
- Set up job: success
- Checkout repository: success
- Setup Java 21: success
- Resolve Maven dependencies: success
- Compile application: success
- Run Unit Tests: failure
- Run Integration Tests: skipped
- Build Docker Image: skipped
- Deploy to Staging: skipped
- Application Health Check: skipped
- Upload diagnostic reports: success
- Post Setup Java 21: success
- Post Checkout repository: success
- Complete job: success

Error: Unit tests failed with assertion errors
Process completed with exit code 1
Workflow result: pipeline failed
Deployment recommendation: stop deployment","HIGH"
"Workflow run ID: 90000000081
Workflow: Java CI Build
Event: push
Status: completed
Conclusion: failure
Branch: release
Jobs created: 1
Duration seconds: 389

Job: build
Job status: completed
Job conclusion: failure
Runner: GitHub Actions 1041709297
Steps:
- Set up job: success
- Checkout repository: success
- Setup Java 21: success
- Resolve Maven dependencies: success
- Compile application: success
- Run Unit Tests: success
- Run Integration Tests: success
- Build Docker Image: failure
- Deploy to Staging: skipped
- Application Health Check: skipped
- Upload diagnostic reports: success
- Post Setup Java 21: success
- Post Checkout repository: success
- Complete job: success

Error: Docker build failed because base image was not found
Process completed with exit code 1
Workflow result: pipeline failed
Deployment recommendation: stop deployment","HIGH"
"Workflow run ID: 90000000098
Workflow: Docker Build and Deploy
Event: pull_request
Status: completed
Conclusion: failure
Branch: main
Jobs created: 1
Duration seconds: 49

Job: build
Job status: completed
Job conclusion: failure
Runner: GitHub Actions 1903831079
Steps:
- Set up job: success
- Checkout repository: success
- Setup Java 21: success
- Resolve Maven dependencies: success
- Compile application: success
- Run Unit Tests: success
- Run Integration Tests: success
- Build Docker Image: success
- Deploy to Staging: failure
- Application Health Check: skipped
- Upload diagnostic reports: success
- Post Setup Java 21: success
- Post Checkout repository: success
- Complete job: success

Error: Deployment failed because service was unavailable
Process completed with exit code 1
Workflow result: pipeline failed
Deployment recommendation: stop deployment","HIGH"
"Workflow run ID: 70000000172
Workflow: Kubernetes Deployment Pipeline
Event: push
Status: completed
Conclusion: success
Branch: hotfix/build-fix
Jobs created: 1
Duration seconds: 118

Job: build
Job status: completed
Job conclusion: success
Runner: GitHub Actions 1894019573
Steps:
- Set up job: success
- Checkout repository: success
- Setup Java 21: success
- Build Project: success
- Run Unit Tests: success
- Code Coverage Check: success
- Package Application: success
- Post Setup Java 21: success
- Post Checkout repository: success
- Complete job: success

Workflow result: all required stages completed successfully
Deployment recommendation: proceed","LOW"
"Workflow run ID: 90000000228
Workflow: Docker Build and Deploy
Event: push
Status: completed
Conclusion: failure
Branch: develop
Jobs created: 1
Duration seconds: 402

Job: build
Job status: completed
Job conclusion: failure
Runner: GitHub Actions 1534693194
Steps:
- Set up job: success
- Checkout repository: success
- Setup Java 21: success
- Resolve Maven dependencies: success
- Compile application: failure
- Run Unit Tests: skipped
- Run Integration Tests: skipped
- Build Docker Image: skipped
- Deploy to Staging: skipped
- Application Health Check: skipped
- Upload diagnostic reports: success
- Post Setup Java 21: success
- Post Checkout repository: success
- Complete job: success

Error: Compilation failed because symbol could not be resolved
Process completed with exit code 1
Workflow result: pipeline failed
Deployment recommendation: stop deployment","HIGH"
"Workflow run ID: 70000000034
Workflow: Kubernetes Deployment Pipeline
Event: push
Status: completed
Conclusion: success
Branch: feature/risk-analysis
Jobs created: 1
Duration seconds: 162

Job: build
Job status: completed
Job conclusion: success
Runner: GitHub Actions 1100577826
Steps:
- Set up job: success
- Checkout repository: success
- Setup Java 21: success
- Maven Build: success
- Run Unit Tests: success
- SonarQube Analysis: success
- Complete Build: success
- Post Setup Java 21: success
- Post Checkout repository: success
- Complete job: success

Workflow result: all required stages completed successfully
Deployment recommendation: proceed","LOW"
"Workflow run ID: 70000000329
Workflow: Spring Boot CI
Event: pull_request
Status: completed
Conclusion: success
Branch: main
Jobs created: 1
Duration seconds: 485

Job: build
Job status: completed
Job conclusion: success
Runner: GitHub Actions 1674612744
Steps:
- Set up job: success
- Checkout repository: success
- Setup Java 21: success
- Maven Build: success
- Run Unit Tests: success
- SonarQube Analysis: success
- Complete Build: success
- Post Setup Java 21: success
- Post Checkout repository: success
- Complete job: success

Workflow result: all required stages completed successfully
Deployment recommendation: proceed","LOW"
"Workflow run ID: 90000000105
Workflow: Spring Boot CI
Event: pull_request
Status: completed
Conclusion: failure
Branch: develop
Jobs created: 1
Duration seconds: 413

Job: build
Job status: completed
Job conclusion: failure
Runner: GitHub Actions 1516232438
Steps:
- Set up job: success
- Checkout repository: success
- Setup Java 21: success
- Resolve Maven dependencies: success
- Compile application: success
- Run Unit Tests: success
- Run Integration Tests: failure
- Build Docker Image: skipped
- Deploy to Staging: skipped
- Application Health Check: skipped
- Upload diagnostic reports: success
- Post Setup Java 21: success
- Post Checkout repository: success
- Complete job: success

Error: Integration tests failed connection refused
Process completed with exit code 1
Workflow result: pipeline failed
Deployment recommendation: stop deployment","HIGH"
"Workflow run ID: 90000000268
Workflow: Java CI Build
Event: pull_request
Status: completed
Conclusion: failure
Branch: hotfix/build-fix
Jobs created: 1
Duration seconds: 251

Job: build
Job status: completed
Job conclusion: failure
Runner: GitHub Actions 1526997082
Steps:
- Set up job: success
- Checkout repository: success
- Setup Java 21: success
- Resolve Maven dependencies: success
- Compile application: success
- Run Unit Tests: success
- Run Integration Tests: success
- Build Docker Image: success
- Deploy to Staging: success
- Application Health Check: success
- Database Migration: failure
- Upload diagnostic reports: success
- Post Setup Java 21: success
- Post Checkout repository: success
- Complete job: success

Error: Database migration failed and deployment was stopped
Process completed with exit code 1
Workflow result: pipeline failed
Deployment recommendation: stop deployment","HIGH"
"Workflow run ID: 80000000044
Workflow: Spring Boot CI
Event: pull_request
Status: completed
Conclusion: success
Branch: release
Jobs created: 1
Duration seconds: 279

Job: build
Job status: completed
Job conclusion: success
Runner: GitHub Actions 1249963789
Steps:
- Set up job: success
- Checkout repository: success
- Setup Java 21: success
- Build Project: success
- Run Unit Tests: success
- Code coverage below threshold manual review required: success
- Package Application: success
- Post Setup Java 21: success
- Post Checkout repository: success
- Complete job: success

Warning: Code coverage below threshold manual review required
Workflow result: completed successfully with non-critical warnings
Deployment recommendation: manual review required","MEDIUM"
"Workflow run ID: 70000000250
Workflow: Cloud Native CI/CD
Event: pull_request
Status: completed
Conclusion: success
Branch: main
Jobs created: 1
Duration seconds: 142

Job: build
Job status: completed
Job conclusion: success
Runner: GitHub Actions 1263165972
Steps:
- Set up job: success
- Checkout repository: success
- Setup Java 21: success
- Build Project: success
- Dependency Scan: success
- Security Scan: success
- Publish Artifact: success
- Post Setup Java 21: success
- Post Checkout repository: success
- Complete job: success

Workflow result: all required stages completed successfully
Deployment recommendation: proceed","LOW"
"Workflow run ID: 70000000265
Workflow: Docker Build and Deploy
Event: push
Status: completed
Conclusion: success
Branch: hotfix/build-fix
Jobs created: 1
Duration seconds: 233

Job: build
Job status: completed
Job conclusion: success
Runner: GitHub Actions 1025622721
Steps:
- Set up job: success
- Checkout repository: success
- Setup Java 21: success
- Build Project: success
- Run Unit Tests: success
- Code Coverage Check: success
- Package Application: success
- Post Setup Java 21: success
- Post Checkout repository: success
- Complete job: success

Workflow result: all required stages completed successfully
Deployment recommendation: proceed","LOW"
"Workflow run ID: 80000000187
Workflow: Docker Build and Deploy
Event: push
Status: completed
Conclusion: success
Branch: develop
Jobs created: 1
Duration seconds: 285

Job: build
Job status: completed
Job conclusion: success
Runner: GitHub Actions 1319956372
Steps:
- Set up job: success
- Checkout repository: success
- Setup Java 21: success
- Build Project: success
- Run Unit Tests: success
- Deprecated dependency detected upgrade recommended: success
- Build Docker Image: success
- Post Setup Java 21: success
- Post Checkout repository: success
- Complete job: success

Warning: Deprecated dependency detected upgrade recommended
Workflow result: completed successfully with non-critical warnings
Deployment recommendation: manual review required","MEDIUM"
"Workflow run ID: 80000000130
Workflow: Docker Build and Deploy
Event: push
Status: completed
Conclusion: success
Branch: feature/risk-analysis
Jobs created: 1
Duration seconds: 406

Job: build
Job status: completed
Job conclusion: success
Runner: GitHub Actions 1511399335
Steps:
- Set up job: success
- Checkout repository: success
- Setup Java 21: success
- Build Project: success
- Run Unit Tests: success
- Code coverage below threshold manual review required: success
- Package Application: success
- Post Setup Java 21: success
- Post Checkout repository: success
- Complete job: success

Warning: Code coverage below threshold manual review required
Workflow result: completed successfully with non-critical warnings
Deployment recommendation: manual review required","MEDIUM"
"Workflow run ID: 90000000095
Workflow: Maven Build Pipeline
Event: pull_request
Status: completed
Conclusion: failure
Branch: release
Jobs created: 1
Duration seconds: 419

Job: build
Job status: completed
Job conclusion: failure
Runner: GitHub Actions 1230722728
Steps:
- Set up job: success
- Checkout repository: success
- Setup Java 21: success
- Resolve Maven dependencies: success
- Compile application: success
- Run Unit Tests: success
- Run Integration Tests: success
- Build Docker Image: success
- Deploy to Staging: failure
- Application Health Check: skipped
- Upload diagnostic reports: success
- Post Setup Java 21: success
- Post Checkout repository: success
- Complete job: success

Error: Deployment failed because service was unavailable
Process completed with exit code 1
Workflow result: pipeline failed
Deployment recommendation: stop deployment","HIGH"
"Workflow run ID: 90000000114
Workflow: Docker Build and Deploy
Event: push
Status: completed
Conclusion: failure
Branch: develop
Jobs created: 1
Duration seconds: 231

Job: build
Job status: completed
Job conclusion: failure
Runner: GitHub Actions 1936835755
Steps:
- Set up job: success
- Checkout repository: success
- Setup Java 21: success
- Resolve Maven dependencies: success
- Compile application: failure
- Run Unit Tests: skipped
- Run Integration Tests: skipped
- Build Docker Image: skipped
- Deploy to Staging: skipped
- Application Health Check: skipped
- Upload diagnostic reports: success
- Post Setup Java 21: success
- Post Checkout repository: success
- Complete job: success

Error: Compilation failed because symbol could not be resolved
Process completed with exit code 1
Workflow result: pipeline failed
Deployment recommendation: stop deployment","HIGH"
"Workflow run ID: 80000000135
Workflow: Java CI Build
Event: workflow_dispatch
Status: completed
Conclusion: success
Branch: release
Jobs created: 1
Duration seconds: 170

Job: build
Job status: completed
Job conclusion: success
Runner: GitHub Actions 1753078789
Steps:
- Set up job: success
- Checkout repository: success
- Setup Java 21: success
- Build Project: success
- Run Unit Tests: success
- Deprecated dependency detected upgrade recommended: success
- Package Application: success
- Post Setup Java 21: success
- Post Checkout repository: success
- Complete job: success

Warning: Deprecated dependency detected upgrade recommended
Workflow result: completed successfully with non-critical warnings
Deployment recommendation: manual review required","MEDIUM"
"Workflow run ID: 70000000332
Workflow: Spring Boot CI
Event: push
Status: completed
Conclusion: success
Branch: release
Jobs created: 1
Duration seconds: 538

Job: build
Job status: completed
Job conclusion: success
Runner: GitHub Actions 1139026478
Steps:
- Set up job: success
- Checkout repository: success
- Setup Java 21: success
- Maven Build: success
- Run Unit Tests: success
- SonarQube Analysis: success
- Complete Build: success
- Post Setup Java 21: success
- Post Checkout repository: success
- Complete job: success

Workflow result: all required stages completed successfully
Deployment recommendation: proceed","LOW"
"Workflow run ID: 80000000178
Workflow: Maven Build Pipeline
Event: push
Status: completed
Conclusion: success
Branch: hotfix/build-fix
Jobs created: 1
Duration seconds: 179

Job: build
Job status: completed
Job conclusion: success
Runner: GitHub Actions 1619931766
Steps:
- Set up job: success
- Checkout repository: success
- Setup Java 21: success
- Build Project: success
- Run Unit Tests: success
- Memory usage warning detected during compilation: success
- Deploy to Staging: success
- Post Setup Java 21: success
- Post Checkout repository: success
- Complete job: success

Warning: Memory usage warning detected during compilation
Workflow result: completed successfully with non-critical warnings
Deployment recommendation: manual review required","MEDIUM"
"Workflow run ID: 70000000227
Workflow: Kubernetes Deployment Pipeline
Event: pull_request
Status: completed
Conclusion: success
Branch: hotfix/build-fix
Jobs created: 1
Duration seconds: 395

Job: build
Job status: completed
Job conclusion: success
Runner: GitHub Actions 1273495058
Steps:
- Set up job: success
- Checkout repository: success
- Setup Java 21: success
- Build Project: success
- Run Unit Tests: success
- Code Coverage Check: success
- Package Application: success
- Post Setup Java 21: success
- Post Checkout repository: success
- Complete job: success

Workflow result: all required stages completed successfully
Deployment recommendation: proceed","LOW"
"Workflow run ID: 80000000180
Workflow: Maven Build Pipeline
Event: push
Status: completed
Conclusion: success
Branch: feature/risk-analysis
Jobs created: 1
Duration seconds: 257

Job: build
Job status: completed
Job conclusion: success
Runner: GitHub Actions 1710434183
Steps:
- Set up job: success
- Checkout repository: success
- Setup Java 21: success
- Build Project: success
- Run Unit Tests: success
- Medium severity vulnerability detected review required: success
- Build Docker Image: success
- Post Setup Java 21: success
- Post Checkout repository: success
- Complete job: success

Warning: Medium severity vulnerability detected review required
Workflow result: completed successfully with non-critical warnings
Deployment recommendation: manual review required","MEDIUM"
"Workflow run ID: 70000000002
Workflow: Java CI Build
Event: pull_request
Status: completed
Conclusion: success
Branch: hotfix/build-fix
Jobs created: 1
Duration seconds: 332

Job: build
Job status: completed
Job conclusion: success
Runner: GitHub Actions 1636484666
Steps:
- Set up job: success
- Checkout repository: success
- Setup Java 21: success
- Build Project: success
- Run Unit Tests: success
- Code Coverage Check: success
- Package Application: success
- Post Setup Java 21: success
- Post Checkout repository: success
- Complete job: success

Workflow result: all required stages completed successfully
Deployment recommendation: proceed","LOW"
"Workflow run ID: 80000000040
Workflow: Spring Boot CI
Event: workflow_dispatch
Status: completed
Conclusion: success
Branch: main
Jobs created: 1
Duration seconds: 333

Job: build
Job status: completed
Job conclusion: success
Runner: GitHub Actions 1272712041
Steps:
- Set up job: success
- Checkout repository: success
- Setup Java 21: success
- Build Project: success
- Run Unit Tests: success
- Manual deployment approval required: success
- Build Docker Image: success
- Post Setup Java 21: success
- Post Checkout repository: success
- Complete job: success

Warning: Manual deployment approval required
Workflow result: completed successfully with non-critical warnings
Deployment recommendation: manual review required","MEDIUM"
"Workflow run ID: 80000000287
Workflow: Java CI Build
Event: push
Status: completed
Conclusion: success
Branch: hotfix/build-fix
Jobs created: 1
Duration seconds: 434

Job: build
Job status: completed
Job conclusion: success
Runner: GitHub Actions 1678261648
Steps:
- Set up job: success
- Checkout repository: success
- Setup Java 21: success
- Build Project: success
- Run Unit Tests: success
- Memory usage warning detected during compilation: success
- Build Docker Image: success
- Post Setup Java 21: success
- Post Checkout repository: success
- Complete job: success

Warning: Memory usage warning detected during compilation
Workflow result: completed successfully with non-critical warnings
Deployment recommendation: manual review required","MEDIUM"
"Workflow run ID: 90000000201
Workflow: Cloud Native CI/CD
Event: pull_request
Status: completed
Conclusion: failure
Branch: release
Jobs created: 1
Duration seconds: 292

Job: build
Job status: completed
Job conclusion: failure
Runner: GitHub Actions 1756330100
Steps:
- Set up job: success
- Checkout repository: success
- Setup Java 21: success
- Resolve Maven dependencies: success
- Compile application: success
- Run Unit Tests: success
- Run Integration Tests: success
- Build Docker Image: success
- Deploy to Staging: success
- Application Health Check: success
- Database Migration: failure
- Upload diagnostic reports: success
- Post Setup Java 21: success
- Post Checkout repository: success
- Complete job: success

Error: Database migration failed and deployment was stopped
Process completed with exit code 1
Workflow result: pipeline failed
Deployment recommendation: stop deployment","HIGH"
"Workflow run ID: 80000000139
Workflow: Java CI Build
Event: workflow_dispatch
Status: completed
Conclusion: success
Branch: develop
Jobs created: 1
Duration seconds: 251

Job: build
Job status: completed
Job conclusion: success
Runner: GitHub Actions 1845434943
Steps:
- Set up job: success
- Checkout repository: success
- Setup Java 21: success
- Build Project: success
- Run Unit Tests: success
- Memory usage warning detected during compilation: success
- Deploy to Staging: success
- Post Setup Java 21: success
- Post Checkout repository: success
- Complete job: success

Warning: Memory usage warning detected during compilation
Workflow result: completed successfully with non-critical warnings
Deployment recommendation: manual review required","MEDIUM"
"Workflow run ID: 80000000090
Workflow: Docker Build and Deploy
Event: workflow_dispatch
Status: completed
Conclusion: success
Branch: release
Jobs created: 1
Duration seconds: 331

Job: build
Job status: completed
Job conclusion: success
Runner: GitHub Actions 1781988888
Steps:
- Set up job: success
- Checkout repository: success
- Setup Java 21: success
- Build Project: success
- Run Unit Tests: success
- Staging health check intermittent response detected: success
- Build Docker Image: success
- Post Setup Java 21: success
- Post Checkout repository: success
- Complete job: success

Warning: Staging health check intermittent response detected
Workflow result: completed successfully with non-critical warnings
Deployment recommendation: manual review required","MEDIUM"
"Workflow run ID: 90000000194
Workflow: Kubernetes Deployment Pipeline
Event: workflow_dispatch
Status: completed
Conclusion: failure
Branch: feature/risk-analysis
Jobs created: 1
Duration seconds: 268

Job: build
Job status: completed
Job conclusion: failure
Runner: GitHub Actions 1237009574
Steps:
- Set up job: success
- Checkout repository: success
- Setup Java 21: success
- Resolve Maven dependencies: success
- Compile application: success
- Run Unit Tests: success
- Run Integration Tests: success
- Build Docker Image: success
- Deploy to Staging: success
- Application Health Check: success
- Security Scan: failure
- Upload diagnostic reports: success
- Post Setup Java 21: success
- Post Checkout repository: success
- Complete job: success

Error: Critical vulnerabilities detected deployment blocked
Process completed with exit code 1
Workflow result: pipeline failed
Deployment recommendation: stop deployment","HIGH"
"Workflow run ID: 70000000290
Workflow: Java CI Build
Event: workflow_dispatch
Status: completed
Conclusion: success
Branch: hotfix/build-fix
Jobs created: 1
Duration seconds: 134

Job: build
Job status: completed
Job conclusion: success
Runner: GitHub Actions 1148119697
Steps:
- Set up job: success
- Checkout repository: success
- Setup Java 21: success
- Build Project: success
- Dependency Scan: success
- Security Scan: success
- Publish Artifact: success
- Post Setup Java 21: success
- Post Checkout repository: success
- Complete job: success

Workflow result: all required stages completed successfully
Deployment recommendation: proceed","LOW"
"Workflow run ID: 80000000257
Workflow: Kubernetes Deployment Pipeline
Event: push
Status: completed
Conclusion: success
Branch: hotfix/build-fix
Jobs created: 1
Duration seconds: 239

Job: build
Job status: completed
Job conclusion: success
Runner: GitHub Actions 1491522815
Steps:
- Set up job: success
- Checkout repository: success
- Setup Java 21: success
- Build Project: success
- Run Unit Tests: success
- Build duration above expected threshold performance review required: success
- Deploy to Staging: success
- Post Setup Java 21: success
- Post Checkout repository: success
- Complete job: success

Warning: Build duration above expected threshold performance review required
Workflow result: completed successfully with non-critical warnings
Deployment recommendation: manual review required","MEDIUM"
"Workflow run ID: 80000000206
Workflow: Cloud Native CI/CD
Event: workflow_dispatch
Status: completed
Conclusion: success
Branch: develop
Jobs created: 1
Duration seconds: 116

Job: build
Job status: completed
Job conclusion: success
Runner: GitHub Actions 1637455655
Steps:
- Set up job: success
- Checkout repository: success
- Setup Java 21: success
- Build Project: success
- Run Unit Tests: success
- Deprecated dependency detected upgrade recommended: success
- Deploy to Staging: success
- Post Setup Java 21: success
- Post Checkout repository: success
- Complete job: success

Warning: Deprecated dependency detected upgrade recommended
Workflow result: completed successfully with non-critical warnings
Deployment recommendation: manual review required","MEDIUM"
"Workflow run ID: 80000000248
Workflow: Maven Build Pipeline
Event: push
Status: completed
Conclusion: success
Branch: feature/risk-analysis
Jobs created: 1
Duration seconds: 249

Job: build
Job status: completed
Job conclusion: success
Runner: GitHub Actions 1648011566
Steps:
- Set up job: success
- Checkout repository: success
- Setup Java 21: success
- Build Project: success
- Run Unit Tests: success
- Flaky tests detected retry passed manual review required: success
- Build Docker Image: success
- Post Setup Java 21: success
- Post Checkout repository: success
- Complete job: success

Warning: Flaky tests detected retry passed manual review required
Workflow result: completed successfully with non-critical warnings
Deployment recommendation: manual review required","MEDIUM"
"Workflow run ID: 80000000027
Workflow: Cloud Native CI/CD
Event: pull_request
Status: completed
Conclusion: success
Branch: develop
Jobs created: 1
Duration seconds: 391

Job: build
Job status: completed
Job conclusion: success
Runner: GitHub Actions 1498199433
Steps:
- Set up job: success
- Checkout repository: success
- Setup Java 21: success
- Build Project: success
- Run Unit Tests: success
- Manual deployment approval required: success
- Build Docker Image: success
- Post Setup Java 21: success
- Post Checkout repository: success
- Complete job: success

Warning: Manual deployment approval required
Workflow result: completed successfully with non-critical warnings
Deployment recommendation: manual review required","MEDIUM"
"Workflow run ID: 90000000109
Workflow: Spring Boot CI
Event: pull_request
Status: completed
Conclusion: failure
Branch: feature/risk-analysis
Jobs created: 1
Duration seconds: 26

Job: build
Job status: completed
Job conclusion: failure
Runner: GitHub Actions 1774841445
Steps:
- Set up job: success
- Checkout repository: success
- Setup Java 21: success
- Resolve Maven dependencies: success
- Compile application: success
- Run Unit Tests: success
- Run Integration Tests: success
- Build Docker Image: success
- Deploy to Staging: success
- Application Health Check: success
- Security Scan: failure
- Upload diagnostic reports: success
- Post Setup Java 21: success
- Post Checkout repository: success
- Complete job: success

Error: Critical vulnerabilities detected deployment blocked
Process completed with exit code 1
Workflow result: pipeline failed
Deployment recommendation: stop deployment","HIGH"
"Workflow run ID: 90000000087
Workflow: Maven Build Pipeline
Event: push
Status: completed
Conclusion: failure
Branch: main
Jobs created: 1
Duration seconds: 63

Job: build
Job status: completed
Job conclusion: failure
Runner: GitHub Actions 1377601910
Steps:
- Set up job: success
- Checkout repository: success
- Setup Java 21: success
- Resolve Maven dependencies: success
- Compile application: success
- Run Unit Tests: success
- Run Integration Tests: success
- Build Docker Image: success
- Deploy to Staging: success
- Application Health Check: success
- Security Scan: failure
- Upload diagnostic reports: success
- Post Setup Java 21: success
- Post Checkout repository: success
- Complete job: success

Error: Critical vulnerabilities detected deployment blocked
Process completed with exit code 1
Workflow result: pipeline failed
Deployment recommendation: stop deployment","HIGH"
"Workflow run ID: 80000000266
Workflow: Java CI Build
Event: push
Status: completed
Conclusion: success
Branch: feature/risk-analysis
Jobs created: 1
Duration seconds: 343

Job: build
Job status: completed
Job conclusion: success
Runner: GitHub Actions 1325075488
Steps:
- Set up job: success
- Checkout repository: success
- Setup Java 21: success
- Build Project: success
- Run Unit Tests: success
- Minor configuration warning detected during deployment: success
- Package Application: success
- Post Setup Java 21: success
- Post Checkout repository: success
- Complete job: success

Warning: Minor configuration warning detected during deployment
Workflow result: completed successfully with non-critical warnings
Deployment recommendation: manual review required","MEDIUM"
"Workflow run ID: 70000000326
Workflow: Docker Build and Deploy
Event: workflow_dispatch
Status: completed
Conclusion: success
Branch: hotfix/build-fix
Jobs created: 1
Duration seconds: 319

Job: build
Job status: completed
Job conclusion: success
Runner: GitHub Actions 1421805013
Steps:
- Set up job: success
- Checkout repository: success
- Setup Java 21: success
- Maven Build: success
- Run Unit Tests: success
- SonarQube Analysis: success
- Complete Build: success
- Post Setup Java 21: success
- Post Checkout repository: success
- Complete job: success

Workflow result: all required stages completed successfully
Deployment recommendation: proceed","LOW"
"Workflow run ID: 70000000306
Workflow: Java CI Build
Event: workflow_dispatch
Status: completed
Conclusion: success
Branch: hotfix/build-fix
Jobs created: 1
Duration seconds: 274

Job: build
Job status: completed
Job conclusion: success
Runner: GitHub Actions 1567093301
Steps:
- Set up job: success
- Checkout repository: success
- Setup Java 21: success
- Build Docker Image: success
- Push Docker Image: success
- Deploy to Staging: success
- Application Health Check: success
- Post Setup Java 21: success
- Post Checkout repository: success
- Complete job: success

Workflow result: all required stages completed successfully
Deployment recommendation: proceed","LOW"
"Workflow run ID: 70000000225
Workflow: Kubernetes Deployment Pipeline
Event: push
Status: completed
Conclusion: success
Branch: release
Jobs created: 1
Duration seconds: 473

Job: build
Job status: completed
Job conclusion: success
Runner: GitHub Actions 1539729945
Steps:
- Set up job: success
- Checkout repository: success
- Setup Java 21: success
- Compile application: success
- Run Unit Tests: success
- Run Integration Tests: success
- Build Docker Image: success
- Post Setup Java 21: success
- Post Checkout repository: success
- Complete job: success

Workflow result: all required stages completed successfully
Deployment recommendation: proceed","LOW"
"Workflow run ID: 70000000018
Workflow: Cloud Native CI/CD
Event: pull_request
Status: completed
Conclusion: success
Branch: release
Jobs created: 1
Duration seconds: 92

Job: build
Job status: completed
Job conclusion: success
Runner: GitHub Actions 1801815217
Steps:
- Set up job: success
- Checkout repository: success
- Setup Java 21: success
- Compile application: success
- Run Unit Tests: success
- Run Integration Tests: success
- Build Docker Image: success
- Post Setup Java 21: success
- Post Checkout repository: success
- Complete job: success

Workflow result: all required stages completed successfully
Deployment recommendation: proceed","LOW"
"Workflow run ID: 70000000275
Workflow: Docker Build and Deploy
Event: push
Status: completed
Conclusion: success
Branch: hotfix/build-fix
Jobs created: 1
Duration seconds: 138

Job: build
Job status: completed
Job conclusion: success
Runner: GitHub Actions 1451356942
Steps:
- Set up job: success
- Checkout repository: success
- Setup Java 21: success
- Build Project: success
- Run Unit Tests: success
- Code Coverage Check: success
- Package Application: success
- Post Setup Java 21: success
- Post Checkout repository: success
- Complete job: success

Workflow result: all required stages completed successfully
Deployment recommendation: proceed","LOW"
"Workflow run ID: 90000000182
Workflow: Kubernetes Deployment Pipeline
Event: pull_request
Status: completed
Conclusion: failure
Branch: feature/risk-analysis
Jobs created: 1
Duration seconds: 203

Job: build
Job status: completed
Job conclusion: failure
Runner: GitHub Actions 1055009326
Steps:
- Set up job: success
- Checkout repository: success
- Setup Java 21: success
- Resolve Maven dependencies: success
- Compile application: success
- Run Unit Tests: success
- Run Integration Tests: success
- Build Docker Image: success
- Deploy to Staging: success
- Application Health Check: success
- Database Migration: failure
- Upload diagnostic reports: success
- Post Setup Java 21: success
- Post Checkout repository: success
- Complete job: success

Error: Database migration failed and deployment was stopped
Process completed with exit code 1
Workflow result: pipeline failed
Deployment recommendation: stop deployment","HIGH"
"Workflow run ID: 80000000029
Workflow: Docker Build and Deploy
Event: pull_request
Status: completed
Conclusion: success
Branch: main
Jobs created: 1
Duration seconds: 118

Job: build
Job status: completed
Job conclusion: success
Runner: GitHub Actions 1757607379
Steps:
- Set up job: success
- Checkout repository: success
- Setup Java 21: success
- Build Project: success
- Run Unit Tests: success
- Manual deployment approval required: success
- Deploy to Staging: success
- Post Setup Java 21: success
- Post Checkout repository: success
- Complete job: success

Warning: Manual deployment approval required
Workflow result: completed successfully with non-critical warnings
Deployment recommendation: manual review required","MEDIUM"
"Workflow run ID: 90000000292
Workflow: Cloud Native CI/CD
Event: push
Status: completed
Conclusion: failure
Branch: hotfix/build-fix
Jobs created: 1
Duration seconds: 193

Job: build
Job status: completed
Job conclusion: failure
Runner: GitHub Actions 1323529565
Steps:
- Set up job: success
- Checkout repository: success
- Setup Java 21: success
- Resolve Maven dependencies: success
- Compile application: failure
- Run Unit Tests: skipped
- Run Integration Tests: skipped
- Build Docker Image: skipped
- Deploy to Staging: skipped
- Application Health Check: skipped
- Upload diagnostic reports: success
- Post Setup Java 21: success
- Post Checkout repository: success
- Complete job: success

Error: Compilation failed because symbol could not be resolved
Process completed with exit code 1
Workflow result: pipeline failed
Deployment recommendation: stop deployment","HIGH"
"Workflow run ID: 90000000307
Workflow: Maven Build Pipeline
Event: push
Status: completed
Conclusion: failure
Branch: main
Jobs created: 1
Duration seconds: 359

Job: build
Job status: completed
Job conclusion: failure
Runner: GitHub Actions 1629161752
Steps:
- Set up job: success
- Checkout repository: success
- Setup Java 21: success
- Resolve Maven dependencies: success
- Compile application: success
- Run Unit Tests: success
- Run Integration Tests: success
- Build Docker Image: failure
- Deploy to Staging: skipped
- Application Health Check: skipped
- Upload diagnostic reports: success
- Post Setup Java 21: success
- Post Checkout repository: success
- Complete job: success

Error: Docker build failed because base image was not found
Process completed with exit code 1
Workflow result: pipeline failed
Deployment recommendation: stop deployment","HIGH"
"Workflow run ID: 70000000103
Workflow: Maven Build Pipeline
Event: push
Status: completed
Conclusion: success
Branch: feature/risk-analysis
Jobs created: 1
Duration seconds: 296

Job: build
Job status: completed
Job conclusion: success
Runner: GitHub Actions 1707074092
Steps:
- Set up job: success
- Checkout repository: success
- Setup Java 21: success
- Build Docker Image: success
- Push Docker Image: success
- Deploy to Staging: success
- Application Health Check: success
- Post Setup Java 21: success
- Post Checkout repository: success
- Complete job: success

Workflow result: all required stages completed successfully
Deployment recommendation: proceed","LOW"
"Workflow run ID: 70000000118
Workflow: Kubernetes Deployment Pipeline
Event: pull_request
Status: completed
Conclusion: success
Branch: hotfix/build-fix
Jobs created: 1
Duration seconds: 329

Job: build
Job status: completed
Job conclusion: success
Runner: GitHub Actions 1134391690
Steps:
- Set up job: success
- Checkout repository: success
- Setup Java 21: success
- Build Docker Image: success
- Push Docker Image: success
- Deploy to Staging: success
- Application Health Check: success
- Post Setup Java 21: success
- Post Checkout repository: success
- Complete job: success

Workflow result: all required stages completed successfully
Deployment recommendation: proceed","LOW"
"Workflow run ID: 70000000111
Workflow: Kubernetes Deployment Pipeline
Event: workflow_dispatch
Status: completed
Conclusion: success
Branch: release
Jobs created: 1
Duration seconds: 61

Job: build
Job status: completed
Job conclusion: success
Runner: GitHub Actions 1577530253
Steps:
- Set up job: success
- Checkout repository: success
- Setup Java 21: success
- Build Project: success
- Run Unit Tests: success
- Code Coverage Check: success
- Package Application: success
- Post Setup Java 21: success
- Post Checkout repository: success
- Complete job: success

Workflow result: all required stages completed successfully
Deployment recommendation: proceed","LOW"
"Workflow run ID: 90000000255
Workflow: Java CI Build
Event: workflow_dispatch
Status: completed
Conclusion: failure
Branch: release
Jobs created: 1
Duration seconds: 221

Job: build
Job status: completed
Job conclusion: failure
Runner: GitHub Actions 1106691280
Steps:
- Set up job: success
- Checkout repository: success
- Setup Java 21: success
- Resolve Maven dependencies: success
- Compile application: success
- Run Unit Tests: success
- Run Integration Tests: failure
- Build Docker Image: skipped
- Deploy to Staging: skipped
- Application Health Check: skipped
- Upload diagnostic reports: success
- Post Setup Java 21: success
- Post Checkout repository: success
- Complete job: success

Error: Integration tests failed connection refused
Process completed with exit code 1
Workflow result: pipeline failed
Deployment recommendation: stop deployment","HIGH"
"Workflow run ID: 70000000005
Workflow: Maven Build Pipeline
Event: push
Status: completed
Conclusion: success
Branch: release
Jobs created: 1
Duration seconds: 160

Job: build
Job status: completed
Job conclusion: success
Runner: GitHub Actions 1433092161
Steps:
- Set up job: success
- Checkout repository: success
- Setup Java 21: success
- Build Project: success
- Dependency Scan: success
- Security Scan: success
- Publish Artifact: success
- Post Setup Java 21: success
- Post Checkout repository: success
- Complete job: success

Workflow result: all required stages completed successfully
Deployment recommendation: proceed","LOW"
"Workflow run ID: 70000000320
Workflow: Java CI Build
Event: push
Status: completed
Conclusion: success
Branch: release
Jobs created: 1
Duration seconds: 437

Job: build
Job status: completed
Job conclusion: success
Runner: GitHub Actions 1760255562
Steps:
- Set up job: success
- Checkout repository: success
- Setup Java 21: success
- Build Project: success
- Dependency Scan: success
- Security Scan: success
- Publish Artifact: success
- Post Setup Java 21: success
- Post Checkout repository: success
- Complete job: success

Workflow result: all required stages completed successfully
Deployment recommendation: proceed","LOW"
"Workflow run ID: 70000000301
Workflow: Spring Boot CI
Event: pull_request
Status: completed
Conclusion: success
Branch: main
Jobs created: 1
Duration seconds: 247

Job: build
Job status: completed
Job conclusion: success
Runner: GitHub Actions 1025797385
Steps:
- Set up job: success
- Checkout repository: success
- Setup Java 21: success
- Build Project: success
- Dependency Scan: success
- Security Scan: success
- Publish Artifact: success
- Post Setup Java 21: success
- Post Checkout repository: success
- Complete job: success

Workflow result: all required stages completed successfully
Deployment recommendation: proceed","LOW"
"Workflow run ID: 90000000141
Workflow: Docker Build and Deploy
Event: workflow_dispatch
Status: completed
Conclusion: failure
Branch: feature/risk-analysis
Jobs created: 1
Duration seconds: 335

Job: build
Job status: completed
Job conclusion: failure
Runner: GitHub Actions 1712470614
Steps:
- Set up job: success
- Checkout repository: success
- Setup Java 21: success
- Resolve Maven dependencies: success
- Compile application: success
- Run Unit Tests: success
- Run Integration Tests: success
- Build Docker Image: failure
- Deploy to Staging: skipped
- Application Health Check: skipped
- Upload diagnostic reports: success
- Post Setup Java 21: success
- Post Checkout repository: success
- Complete job: success

Error: Docker build failed because base image was not found
Process completed with exit code 1
Workflow result: pipeline failed
Deployment recommendation: stop deployment","HIGH"
"Workflow run ID: 80000000280
Workflow: Cloud Native CI/CD
Event: pull_request
Status: completed
Conclusion: success
Branch: release
Jobs created: 1
Duration seconds: 348

Job: build
Job status: completed
Job conclusion: success
Runner: GitHub Actions 1384524554
Steps:
- Set up job: success
- Checkout repository: success
- Setup Java 21: success
- Build Project: success
- Run Unit Tests: success
- Minor configuration warning detected during deployment: success
- Package Application: success
- Post Setup Java 21: success
- Post Checkout repository: success
- Complete job: success

Warning: Minor configuration warning detected during deployment
Workflow result: completed successfully with non-critical warnings
Deployment recommendation: manual review required","MEDIUM"
"Workflow run ID: 90000000117
Workflow: Docker Build and Deploy
Event: workflow_dispatch
Status: completed
Conclusion: failure
Branch: main
Jobs created: 1
Duration seconds: 335

Job: build
Job status: completed
Job conclusion: failure
Runner: GitHub Actions 1948771721
Steps:
- Set up job: success
- Checkout repository: success
- Setup Java 21: success
- Resolve Maven dependencies: success
- Compile application: failure
- Run Unit Tests: skipped
- Run Integration Tests: skipped
- Build Docker Image: skipped
- Deploy to Staging: skipped
- Application Health Check: skipped
- Upload diagnostic reports: success
- Post Setup Java 21: success
- Post Checkout repository: success
- Complete job: success

Error: Compilation failed because symbol could not be resolved
Process completed with exit code 1
Workflow result: pipeline failed
Deployment recommendation: stop deployment","HIGH"
"Workflow run ID: 80000000261
Workflow: Cloud Native CI/CD
Event: push
Status: completed
Conclusion: success
Branch: release
Jobs created: 1
Duration seconds: 142

Job: build
Job status: completed
Job conclusion: success
Runner: GitHub Actions 1884598063
Steps:
- Set up job: success
- Checkout repository: success
- Setup Java 21: success
- Build Project: success
- Run Unit Tests: success
- Flaky tests detected retry passed manual review required: success
- Build Docker Image: success
- Post Setup Java 21: success
- Post Checkout repository: success
- Complete job: success

Warning: Flaky tests detected retry passed manual review required
Workflow result: completed successfully with non-critical warnings
Deployment recommendation: manual review required","MEDIUM"
"Workflow run ID: 70000000284
Workflow: Java CI Build
Event: workflow_dispatch
Status: completed
Conclusion: success
Branch: release
Jobs created: 1
Duration seconds: 194

Job: build
Job status: completed
Job conclusion: success
Runner: GitHub Actions 1749985997
Steps:
- Set up job: success
- Checkout repository: success
- Setup Java 21: success
- Build Project: success
- Run Unit Tests: success
- Code Coverage Check: success
- Package Application: success
- Post Setup Java 21: success
- Post Checkout repository: success
- Complete job: success

Workflow result: all required stages completed successfully
Deployment recommendation: proceed","LOW"
"Workflow run ID: 90000000089
Workflow: Cloud Native CI/CD
Event: workflow_dispatch
Status: completed
Conclusion: failure
Branch: main
Jobs created: 1
Duration seconds: 73

Job: build
Job status: completed
Job conclusion: failure
Runner: GitHub Actions 1958694219
Steps:
- Set up job: success
- Checkout repository: success
- Setup Java 21: success
- Resolve Maven dependencies: success
- Compile application: success
- Run Unit Tests: success
- Run Integration Tests: success
- Build Docker Image: success
- Deploy to Staging: success
- Application Health Check: success
- Kubernetes Deployment: failure
- Upload diagnostic reports: success
- Post Setup Java 21: success
- Post Checkout repository: success
- Complete job: success

Error: Kubernetes deployment failed with ImagePullBackOff
Process completed with exit code 1
Workflow result: pipeline failed
Deployment recommendation: stop deployment","HIGH"
"Workflow run ID: 90000000227
Workflow: Spring Boot CI
Event: pull_request
Status: completed
Conclusion: failure
Branch: main
Jobs created: 1
Duration seconds: 21

Job: build
Job status: completed
Job conclusion: failure
Runner: GitHub Actions 1072930545
Steps:
- Set up job: success
- Checkout repository: success
- Setup Java 21: success
- Resolve Maven dependencies: success
- Compile application: success
- Run Unit Tests: success
- Run Integration Tests: success
- Build Docker Image: success
- Deploy to Staging: success
- Application Health Check: success
- Database Migration: failure
- Upload diagnostic reports: success
- Post Setup Java 21: success
- Post Checkout repository: success
- Complete job: success

Error: Database migration failed and deployment was stopped
Process completed with exit code 1
Workflow result: pipeline failed
Deployment recommendation: stop deployment","HIGH"
"Workflow run ID: 90000000060
Workflow: Maven Build Pipeline
Event: pull_request
Status: completed
Conclusion: failure
Branch: release
Jobs created: 1
Duration seconds: 281

Job: build
Job status: completed
Job conclusion: failure
Runner: GitHub Actions 1275869943
Steps:
- Set up job: success
- Checkout repository: success
- Setup Java 21: success
- Resolve Maven dependencies: success
- Compile application: success
- Run Unit Tests: success
- Run Integration Tests: success
- Build Docker Image: failure
- Deploy to Staging: skipped
- Application Health Check: skipped
- Upload diagnostic reports: success
- Post Setup Java 21: success
- Post Checkout repository: success
- Complete job: success

Error: Docker build failed because base image was not found
Process completed with exit code 1
Workflow result: pipeline failed
Deployment recommendation: stop deployment","HIGH"
"Workflow run ID: 90000000006
Workflow: Maven Build Pipeline
Event: workflow_dispatch
Status: completed
Conclusion: failure
Branch: develop
Jobs created: 1
Duration seconds: 358

Job: build
Job status: completed
Job conclusion: failure
Runner: GitHub Actions 1909185175
Steps:
- Set up job: success
- Checkout repository: success
- Setup Java 21: success
- Resolve Maven dependencies: success
- Compile application: success
- Run Unit Tests: success
- Run Integration Tests: success
- Build Docker Image: failure
- Deploy to Staging: skipped
- Application Health Check: skipped
- Upload diagnostic reports: success
- Post Setup Java 21: success
- Post Checkout repository: success
- Complete job: success

Error: Docker build failed because base image was not found
Process completed with exit code 1
Workflow result: pipeline failed
Deployment recommendation: stop deployment","HIGH"
"Workflow run ID: 70000000013
Workflow: Maven Build Pipeline
Event: workflow_dispatch
Status: completed
Conclusion: success
Branch: release
Jobs created: 1
Duration seconds: 280

Job: build
Job status: completed
Job conclusion: success
Runner: GitHub Actions 1414826174
Steps:
- Set up job: success
- Checkout repository: success
- Setup Java 21: success
- Build Project: success
- Dependency Scan: success
- Security Scan: success
- Publish Artifact: success
- Post Setup Java 21: success
- Post Checkout repository: success
- Complete job: success

Workflow result: all required stages completed successfully
Deployment recommendation: proceed","LOW"
"Workflow run ID: 70000000157
Workflow: Maven Build Pipeline
Event: workflow_dispatch
Status: completed
Conclusion: success
Branch: main
Jobs created: 1
Duration seconds: 282

Job: build
Job status: completed
Job conclusion: success
Runner: GitHub Actions 1289935209
Steps:
- Set up job: success
- Checkout repository: success
- Setup Java 21: success
- Build Docker Image: success
- Push Docker Image: success
- Deploy to Staging: success
- Application Health Check: success
- Post Setup Java 21: success
- Post Checkout repository: success
- Complete job: success

Workflow result: all required stages completed successfully
Deployment recommendation: proceed","LOW"
"Workflow run ID: 70000000303
Workflow: Java CI Build
Event: pull_request
Status: completed
Conclusion: success
Branch: main
Jobs created: 1
Duration seconds: 58

Job: build
Job status: completed
Job conclusion: success
Runner: GitHub Actions 1887736183
Steps:
- Set up job: success
- Checkout repository: success
- Setup Java 21: success
- Maven Build: success
- Run Unit Tests: success
- SonarQube Analysis: success
- Complete Build: success
- Post Setup Java 21: success
- Post Checkout repository: success
- Complete job: success

Workflow result: all required stages completed successfully
Deployment recommendation: proceed","LOW"
"Workflow run ID: 70000000092
Workflow: Maven Build Pipeline
Event: push
Status: completed
Conclusion: success
Branch: feature/risk-analysis
Jobs created: 1
Duration seconds: 235

Job: build
Job status: completed
Job conclusion: success
Runner: GitHub Actions 1693935661
Steps:
- Set up job: success
- Checkout repository: success
- Setup Java 21: success
- Maven Build: success
- Run Unit Tests: success
- SonarQube Analysis: success
- Complete Build: success
- Post Setup Java 21: success
- Post Checkout repository: success
- Complete job: success

Workflow result: all required stages completed successfully
Deployment recommendation: proceed","LOW"
"Workflow run ID: 80000000303
Workflow: Spring Boot CI
Event: push
Status: completed
Conclusion: success
Branch: feature/risk-analysis
Jobs created: 1
Duration seconds: 180

Job: build
Job status: completed
Job conclusion: success
Runner: GitHub Actions 1845982768
Steps:
- Set up job: success
- Checkout repository: success
- Setup Java 21: success
- Build Project: success
- Run Unit Tests: success
- Manual deployment approval required: success
- Build Docker Image: success
- Post Setup Java 21: success
- Post Checkout repository: success
- Complete job: success

Warning: Manual deployment approval required
Workflow result: completed successfully with non-critical warnings
Deployment recommendation: manual review required","MEDIUM"
"Workflow run ID: 80000000059
Workflow: Kubernetes Deployment Pipeline
Event: push
Status: completed
Conclusion: success
Branch: release
Jobs created: 1
Duration seconds: 323

Job: build
Job status: completed
Job conclusion: success
Runner: GitHub Actions 1603340646
Steps:
- Set up job: success
- Checkout repository: success
- Setup Java 21: success
- Build Project: success
- Run Unit Tests: success
- Build duration above expected threshold performance review required: success
- Deploy to Staging: success
- Post Setup Java 21: success
- Post Checkout repository: success
- Complete job: success

Warning: Build duration above expected threshold performance review required
Workflow result: completed successfully with non-critical warnings
Deployment recommendation: manual review required","MEDIUM"
"Workflow run ID: 70000000183
Workflow: Cloud Native CI/CD
Event: workflow_dispatch
Status: completed
Conclusion: success
Branch: main
Jobs created: 1
Duration seconds: 537

Job: build
Job status: completed
Job conclusion: success
Runner: GitHub Actions 1660308259
Steps:
- Set up job: success
- Checkout repository: success
- Setup Java 21: success
- Maven Build: success
- Run Unit Tests: success
- SonarQube Analysis: success
- Complete Build: success
- Post Setup Java 21: success
- Post Checkout repository: success
- Complete job: success

Workflow result: all required stages completed successfully
Deployment recommendation: proceed","LOW"
"Workflow run ID: 90000000320
Workflow: Spring Boot CI
Event: pull_request
Status: completed
Conclusion: failure
Branch: hotfix/build-fix
Jobs created: 1
Duration seconds: 53

Job: build
Job status: completed
Job conclusion: failure
Runner: GitHub Actions 1031504933
Steps:
- Set up job: success
- Checkout repository: success
- Setup Java 21: success
- Resolve Maven dependencies: failure
- Compile application: skipped
- Run Unit Tests: skipped
- Run Integration Tests: skipped
- Build Docker Image: skipped
- Deploy to Staging: skipped
- Application Health Check: skipped
- Upload diagnostic reports: success
- Post Setup Java 21: success
- Post Checkout repository: success
- Complete job: success

Error: Maven build failed due to unresolved dependency
Process completed with exit code 1
Workflow result: pipeline failed
Deployment recommendation: stop deployment","HIGH"
"Workflow run ID: 90000000168
Workflow: Docker Build and Deploy
Event: pull_request
Status: completed
Conclusion: failure
Branch: hotfix/build-fix
Jobs created: 1
Duration seconds: 88

Job: build
Job status: completed
Job conclusion: failure
Runner: GitHub Actions 1852256683
Steps:
- Set up job: success
- Checkout repository: success
- Setup Java 21: success
- Resolve Maven dependencies: success
- Compile application: success
- Run Unit Tests: failure
- Run Integration Tests: skipped
- Build Docker Image: skipped
- Deploy to Staging: skipped
- Application Health Check: skipped
- Upload diagnostic reports: success
- Post Setup Java 21: success
- Post Checkout repository: success
- Complete job: success

Error: Unit tests failed with assertion errors
Process completed with exit code 1
Workflow result: pipeline failed
Deployment recommendation: stop deployment","HIGH"
"Workflow run ID: 70000000309
Workflow: Docker Build and Deploy
Event: workflow_dispatch
Status: completed
Conclusion: success
Branch: feature/risk-analysis
Jobs created: 1
Duration seconds: 423

Job: build
Job status: completed
Job conclusion: success
Runner: GitHub Actions 1168036187
Steps:
- Set up job: success
- Checkout repository: success
- Setup Java 21: success
- Build Project: success
- Run Unit Tests: success
- Code Coverage Check: success
- Package Application: success
- Post Setup Java 21: success
- Post Checkout repository: success
- Complete job: success

Workflow result: all required stages completed successfully
Deployment recommendation: proceed","LOW"
"Workflow run ID: 80000000085
Workflow: Spring Boot CI
Event: workflow_dispatch
Status: completed
Conclusion: success
Branch: feature/risk-analysis
Jobs created: 1
Duration seconds: 618

Job: build
Job status: completed
Job conclusion: success
Runner: GitHub Actions 1054048757
Steps:
- Set up job: success
- Checkout repository: success
- Setup Java 21: success
- Build Project: success
- Run Unit Tests: success
- Medium severity vulnerability detected review required: success
- Package Application: success
- Post Setup Java 21: success
- Post Checkout repository: success
- Complete job: success

Warning: Medium severity vulnerability detected review required
Workflow result: completed successfully with non-critical warnings
Deployment recommendation: manual review required","MEDIUM"
"Workflow run ID: 80000000001
Workflow: Maven Build Pipeline
Event: pull_request
Status: completed
Conclusion: success
Branch: release
Jobs created: 1
Duration seconds: 550

Job: build
Job status: completed
Job conclusion: success
Runner: GitHub Actions 1561669347
Steps:
- Set up job: success
- Checkout repository: success
- Setup Java 21: success
- Build Project: success
- Run Unit Tests: success
- Flaky tests detected retry passed manual review required: success
- Package Application: success
- Post Setup Java 21: success
- Post Checkout repository: success
- Complete job: success

Warning: Flaky tests detected retry passed manual review required
Workflow result: completed successfully with non-critical warnings
Deployment recommendation: manual review required","MEDIUM"
"Workflow run ID: 90000000287
Workflow: Maven Build Pipeline
Event: pull_request
Status: completed
Conclusion: failure
Branch: release
Jobs created: 1
Duration seconds: 49

Job: build
Job status: completed
Job conclusion: failure
Runner: GitHub Actions 1703958236
Steps:
- Set up job: success
- Checkout repository: success
- Setup Java 21: success
- Resolve Maven dependencies: success
- Compile application: success
- Run Unit Tests: success
- Run Integration Tests: success
- Build Docker Image: success
- Deploy to Staging: success
- Application Health Check: success
- Security Scan: failure
- Upload diagnostic reports: success
- Post Setup Java 21: success
- Post Checkout repository: success
- Complete job: success

Error: Critical vulnerabilities detected deployment blocked
Process completed with exit code 1
Workflow result: pipeline failed
Deployment recommendation: stop deployment","HIGH"
"Workflow run ID: 70000000025
Workflow: Cloud Native CI/CD
Event: pull_request
Status: completed
Conclusion: success
Branch: hotfix/build-fix
Jobs created: 1
Duration seconds: 420

Job: build
Job status: completed
Job conclusion: success
Runner: GitHub Actions 1119757771
Steps:
- Set up job: success
- Checkout repository: success
- Setup Java 21: success
- Maven Build: success
- Run Unit Tests: success
- SonarQube Analysis: success
- Complete Build: success
- Post Setup Java 21: success
- Post Checkout repository: success
- Complete job: success

Workflow result: all required stages completed successfully
Deployment recommendation: proceed","LOW"
"Workflow run ID: 70000000108
Workflow: Docker Build and Deploy
Event: pull_request
Status: completed
Conclusion: success
Branch: hotfix/build-fix
Jobs created: 1
Duration seconds: 168

Job: build
Job status: completed
Job conclusion: success
Runner: GitHub Actions 1157264802
Steps:
- Set up job: success
- Checkout repository: success
- Setup Java 21: success
- Build Project: success
- Run Unit Tests: success
- Code Coverage Check: success
- Package Application: success
- Post Setup Java 21: success
- Post Checkout repository: success
- Complete job: success

Workflow result: all required stages completed successfully
Deployment recommendation: proceed","LOW"
"Workflow run ID: 80000000094
Workflow: Cloud Native CI/CD
Event: push
Status: completed
Conclusion: success
Branch: release
Jobs created: 1
Duration seconds: 206

Job: build
Job status: completed
Job conclusion: success
Runner: GitHub Actions 1420372816
Steps:
- Set up job: success
- Checkout repository: success
- Setup Java 21: success
- Build Project: success
- Run Unit Tests: success
- Minor configuration warning detected during deployment: success
- Package Application: success
- Post Setup Java 21: success
- Post Checkout repository: success
- Complete job: success

Warning: Minor configuration warning detected during deployment
Workflow result: completed successfully with non-critical warnings
Deployment recommendation: manual review required","MEDIUM"
"Workflow run ID: 80000000110
Workflow: Cloud Native CI/CD
Event: pull_request
Status: completed
Conclusion: success
Branch: feature/risk-analysis
Jobs created: 1
Duration seconds: 457

Job: build
Job status: completed
Job conclusion: success
Runner: GitHub Actions 1519826436
Steps:
- Set up job: success
- Checkout repository: success
- Setup Java 21: success
- Build Project: success
- Run Unit Tests: success
- Deprecated dependency detected upgrade recommended: success
- Package Application: success
- Post Setup Java 21: success
- Post Checkout repository: success
- Complete job: success

Warning: Deprecated dependency detected upgrade recommended
Workflow result: completed successfully with non-critical warnings
Deployment recommendation: manual review required","MEDIUM"
"Workflow run ID: 90000000127
Workflow: Maven Build Pipeline
Event: workflow_dispatch
Status: completed
Conclusion: failure
Branch: develop
Jobs created: 1
Duration seconds: 279

Job: build
Job status: completed
Job conclusion: failure
Runner: GitHub Actions 1525968450
Steps:
- Set up job: success
- Checkout repository: success
- Setup Java 21: success
- Resolve Maven dependencies: success
- Compile application: success
- Run Unit Tests: success
- Run Integration Tests: success
- Build Docker Image: failure
- Deploy to Staging: skipped
- Application Health Check: skipped
- Upload diagnostic reports: success
- Post Setup Java 21: success
- Post Checkout repository: success
- Complete job: success

Error: Docker build failed because base image was not found
Process completed with exit code 1
Workflow result: pipeline failed
Deployment recommendation: stop deployment","HIGH"
"Workflow run ID: 90000000322
Workflow: Spring Boot CI
Event: push
Status: completed
Conclusion: failure
Branch: main
Jobs created: 1
Duration seconds: 158

Job: build
Job status: completed
Job conclusion: failure
Runner: GitHub Actions 1452146051
Steps:
- Set up job: success
- Checkout repository: success
- Setup Java 21: success
- Resolve Maven dependencies: failure
- Compile application: skipped
- Run Unit Tests: skipped
- Run Integration Tests: skipped
- Build Docker Image: skipped
- Deploy to Staging: skipped
- Application Health Check: skipped
- Upload diagnostic reports: success
- Post Setup Java 21: success
- Post Checkout repository: success
- Complete job: success

Error: Maven build failed due to unresolved dependency
Process completed with exit code 1
Workflow result: pipeline failed
Deployment recommendation: stop deployment","HIGH"
"Workflow run ID: 80000000176
Workflow: Maven Build Pipeline
Event: pull_request
Status: completed
Conclusion: success
Branch: release
Jobs created: 1
Duration seconds: 581

Job: build
Job status: completed
Job conclusion: success
Runner: GitHub Actions 1516163462
Steps:
- Set up job: success
- Checkout repository: success
- Setup Java 21: success
- Build Project: success
- Run Unit Tests: success
- Staging health check intermittent response detected: success
- Build Docker Image: success
- Post Setup Java 21: success
- Post Checkout repository: success
- Complete job: success

Warning: Staging health check intermittent response detected
Workflow result: completed successfully with non-critical warnings
Deployment recommendation: manual review required","MEDIUM"
"Workflow run ID: 80000000289
Workflow: Cloud Native CI/CD
Event: pull_request
Status: completed
Conclusion: success
Branch: release
Jobs created: 1
Duration seconds: 381

Job: build
Job status: completed
Job conclusion: success
Runner: GitHub Actions 1503017190
Steps:
- Set up job: success
- Checkout repository: success
- Setup Java 21: success
- Build Project: success
- Run Unit Tests: success
- Medium severity vulnerability detected review required: success
- Package Application: success
- Post Setup Java 21: success
- Post Checkout repository: success
- Complete job: success

Warning: Medium severity vulnerability detected review required
Workflow result: completed successfully with non-critical warnings
Deployment recommendation: manual review required","MEDIUM"
"Workflow run ID: 80000000202
Workflow: Docker Build and Deploy
Event: workflow_dispatch
Status: completed
Conclusion: success
Branch: release
Jobs created: 1
Duration seconds: 313

Job: build
Job status: completed
Job conclusion: success
Runner: GitHub Actions 1926528603
Steps:
- Set up job: success
- Checkout repository: success
- Setup Java 21: success
- Build Project: success
- Run Unit Tests: success
- Staging health check intermittent response detected: success
- Build Docker Image: success
- Post Setup Java 21: success
- Post Checkout repository: success
- Complete job: success

Warning: Staging health check intermittent response detected
Workflow result: completed successfully with non-critical warnings
Deployment recommendation: manual review required","MEDIUM"
"Workflow run ID: 90000000269
Workflow: Docker Build and Deploy
Event: pull_request
Status: completed
Conclusion: failure
Branch: hotfix/build-fix
Jobs created: 1
Duration seconds: 190

Job: build
Job status: completed
Job conclusion: failure
Runner: GitHub Actions 1249872026
Steps:
- Set up job: success
- Checkout repository: success
- Setup Java 21: success
- Resolve Maven dependencies: success
- Compile application: success
- Run Unit Tests: failure
- Run Integration Tests: skipped
- Build Docker Image: skipped
- Deploy to Staging: skipped
- Application Health Check: skipped
- Upload diagnostic reports: success
- Post Setup Java 21: success
- Post Checkout repository: success
- Complete job: success

Error: Unit tests failed with assertion errors
Process completed with exit code 1
Workflow result: pipeline failed
Deployment recommendation: stop deployment","HIGH"
"Workflow run ID: 80000000274
Workflow: Spring Boot CI
Event: pull_request
Status: completed
Conclusion: success
Branch: develop
Jobs created: 1
Duration seconds: 487

Job: build
Job status: completed
Job conclusion: success
Runner: GitHub Actions 1948739787
Steps:
- Set up job: success
- Checkout repository: success
- Setup Java 21: success
- Build Project: success
- Run Unit Tests: success
- Deprecated dependency detected upgrade recommended: success
- Deploy to Staging: success
- Post Setup Java 21: success
- Post Checkout repository: success
- Complete job: success

Warning: Deprecated dependency detected upgrade recommended
Workflow result: completed successfully with non-critical warnings
Deployment recommendation: manual review required","MEDIUM"
"Workflow run ID: 70000000203
Workflow: Cloud Native CI/CD
Event: pull_request
Status: completed
Conclusion: success
Branch: release
Jobs created: 1
Duration seconds: 48

Job: build
Job status: completed
Job conclusion: success
Runner: GitHub Actions 1344949043
Steps:
- Set up job: success
- Checkout repository: success
- Setup Java 21: success
- Build Docker Image: success
- Push Docker Image: success
- Deploy to Staging: success
- Application Health Check: success
- Post Setup Java 21: success
- Post Checkout repository: success
- Complete job: success

Workflow result: all required stages completed successfully
Deployment recommendation: proceed","LOW"
"Workflow run ID: 70000000249
Workflow: Java CI Build
Event: push
Status: completed
Conclusion: success
Branch: main
Jobs created: 1
Duration seconds: 419

Job: build
Job status: completed
Job conclusion: success
Runner: GitHub Actions 1219863425
Steps:
- Set up job: success
- Checkout repository: success
- Setup Java 21: success
- Maven Build: success
- Run Unit Tests: success
- SonarQube Analysis: success
- Complete Build: success
- Post Setup Java 21: success
- Post Checkout repository: success
- Complete job: success

Workflow result: all required stages completed successfully
Deployment recommendation: proceed","LOW"
"Workflow run ID: 90000000130
Workflow: Spring Boot CI
Event: pull_request
Status: completed
Conclusion: failure
Branch: feature/risk-analysis
Jobs created: 1
Duration seconds: 420

Job: build
Job status: completed
Job conclusion: failure
Runner: GitHub Actions 1974076981
Steps:
- Set up job: success
- Checkout repository: success
- Setup Java 21: success
- Resolve Maven dependencies: success
- Compile application: success
- Run Unit Tests: success
- Run Integration Tests: success
- Build Docker Image: success
- Deploy to Staging: success
- Application Health Check: failure
- Upload diagnostic reports: success
- Post Setup Java 21: success
- Post Checkout repository: success
- Complete job: success

Error: Health check failed after deployment
Process completed with exit code 1
Workflow result: pipeline failed
Deployment recommendation: stop deployment","HIGH"
"Workflow run ID: 80000000239
Workflow: Java CI Build
Event: push
Status: completed
Conclusion: success
Branch: release
Jobs created: 1
Duration seconds: 555

Job: build
Job status: completed
Job conclusion: success
Runner: GitHub Actions 1683521725
Steps:
- Set up job: success
- Checkout repository: success
- Setup Java 21: success
- Build Project: success
- Run Unit Tests: success
- Build duration above expected threshold performance review required: success
- Build Docker Image: success
- Post Setup Java 21: success
- Post Checkout repository: success
- Complete job: success

Warning: Build duration above expected threshold performance review required
Workflow result: completed successfully with non-critical warnings
Deployment recommendation: manual review required","MEDIUM"
"Workflow run ID: 90000000080
Workflow: Maven Build Pipeline
Event: workflow_dispatch
Status: completed
Conclusion: failure
Branch: main
Jobs created: 1
Duration seconds: 198

Job: build
Job status: completed
Job conclusion: failure
Runner: GitHub Actions 1922643357
Steps:
- Set up job: success
- Checkout repository: success
- Setup Java 21: success
- Resolve Maven dependencies: success
- Compile application: failure
- Run Unit Tests: skipped
- Run Integration Tests: skipped
- Build Docker Image: skipped
- Deploy to Staging: skipped
- Application Health Check: skipped
- Upload diagnostic reports: success
- Post Setup Java 21: success
- Post Checkout repository: success
- Complete job: success

Error: Compilation failed because symbol could not be resolved
Process completed with exit code 1
Workflow result: pipeline failed
Deployment recommendation: stop deployment","HIGH"
"Workflow run ID: 80000000063
Workflow: Cloud Native CI/CD
Event: pull_request
Status: completed
Conclusion: success
Branch: release
Jobs created: 1
Duration seconds: 505

Job: build
Job status: completed
Job conclusion: success
Runner: GitHub Actions 1688960915
Steps:
- Set up job: success
- Checkout repository: success
- Setup Java 21: success
- Build Project: success
- Run Unit Tests: success
- Staging health check intermittent response detected: success
- Build Docker Image: success
- Post Setup Java 21: success
- Post Checkout repository: success
- Complete job: success

Warning: Staging health check intermittent response detected
Workflow result: completed successfully with non-critical warnings
Deployment recommendation: manual review required","MEDIUM"
"Workflow run ID: 80000000136
Workflow: Maven Build Pipeline
Event: push
Status: completed
Conclusion: success
Branch: release
Jobs created: 1
Duration seconds: 528

Job: build
Job status: completed
Job conclusion: success
Runner: GitHub Actions 1597376398
Steps:
- Set up job: success
- Checkout repository: success
- Setup Java 21: success
- Build Project: success
- Run Unit Tests: success
- Medium severity vulnerability detected review required: success
- Package Application: success
- Post Setup Java 21: success
- Post Checkout repository: success
- Complete job: success

Warning: Medium severity vulnerability detected review required
Workflow result: completed successfully with non-critical warnings
Deployment recommendation: manual review required","MEDIUM"
"Workflow run ID: 70000000075
Workflow: Java CI Build
Event: workflow_dispatch
Status: completed
Conclusion: success
Branch: main
Jobs created: 1
Duration seconds: 434

Job: build
Job status: completed
Job conclusion: success
Runner: GitHub Actions 1691260527
Steps:
- Set up job: success
- Checkout repository: success
- Setup Java 21: success
- Build Project: success
- Run Unit Tests: success
- Code Coverage Check: success
- Package Application: success
- Post Setup Java 21: success
- Post Checkout repository: success
- Complete job: success

Workflow result: all required stages completed successfully
Deployment recommendation: proceed","LOW"
"Workflow run ID: 70000000185
Workflow: Kubernetes Deployment Pipeline
Event: push
Status: completed
Conclusion: success
Branch: develop
Jobs created: 1
Duration seconds: 208

Job: build
Job status: completed
Job conclusion: success
Runner: GitHub Actions 1228908096
Steps:
- Set up job: success
- Checkout repository: success
- Setup Java 21: success
- Compile application: success
- Run Unit Tests: success
- Run Integration Tests: success
- Build Docker Image: success
- Post Setup Java 21: success
- Post Checkout repository: success
- Complete job: success

Workflow result: all required stages completed successfully
Deployment recommendation: proceed","LOW"
"Workflow run ID: 70000000119
Workflow: Kubernetes Deployment Pipeline
Event: push
Status: completed
Conclusion: success
Branch: hotfix/build-fix
Jobs created: 1
Duration seconds: 389

Job: build
Job status: completed
Job conclusion: success
Runner: GitHub Actions 1835155493
Steps:
- Set up job: success
- Checkout repository: success
- Setup Java 21: success
- Build Docker Image: success
- Push Docker Image: success
- Deploy to Staging: success
- Application Health Check: success
- Post Setup Java 21: success
- Post Checkout repository: success
- Complete job: success

Workflow result: all required stages completed successfully
Deployment recommendation: proceed","LOW"
"Workflow run ID: 80000000179
Workflow: Spring Boot CI
Event: pull_request
Status: completed
Conclusion: success
Branch: release
Jobs created: 1
Duration seconds: 359

Job: build
Job status: completed
Job conclusion: success
Runner: GitHub Actions 1099304415
Steps:
- Set up job: success
- Checkout repository: success
- Setup Java 21: success
- Build Project: success
- Run Unit Tests: success
- Medium severity vulnerability detected review required: success
- Package Application: success
- Post Setup Java 21: success
- Post Checkout repository: success
- Complete job: success

Warning: Medium severity vulnerability detected review required
Workflow result: completed successfully with non-critical warnings
Deployment recommendation: manual review required","MEDIUM"
"Workflow run ID: 80000000074
Workflow: Docker Build and Deploy
Event: pull_request
Status: completed
Conclusion: success
Branch: main
Jobs created: 1
Duration seconds: 371

Job: build
Job status: completed
Job conclusion: success
Runner: GitHub Actions 1597952711
Steps:
- Set up job: success
- Checkout repository: success
- Setup Java 21: success
- Build Project: success
- Run Unit Tests: success
- Deprecated dependency detected upgrade recommended: success
- Build Docker Image: success
- Post Setup Java 21: success
- Post Checkout repository: success
- Complete job: success

Warning: Deprecated dependency detected upgrade recommended
Workflow result: completed successfully with non-critical warnings
Deployment recommendation: manual review required","MEDIUM"
"Workflow run ID: 70000000210
Workflow: Spring Boot CI
Event: pull_request
Status: completed
Conclusion: success
Branch: main
Jobs created: 1
Duration seconds: 416

Job: build
Job status: completed
Job conclusion: success
Runner: GitHub Actions 1860993586
Steps:
- Set up job: success
- Checkout repository: success
- Setup Java 21: success
- Maven Build: success
- Run Unit Tests: success
- SonarQube Analysis: success
- Complete Build: success
- Post Setup Java 21: success
- Post Checkout repository: success
- Complete job: success

Workflow result: all required stages completed successfully
Deployment recommendation: proceed","LOW"
"Workflow run ID: 70000000125
Workflow: Java CI Build
Event: workflow_dispatch
Status: completed
Conclusion: success
Branch: hotfix/build-fix
Jobs created: 1
Duration seconds: 164

Job: build
Job status: completed
Job conclusion: success
Runner: GitHub Actions 1465811967
Steps:
- Set up job: success
- Checkout repository: success
- Setup Java 21: success
- Maven Build: success
- Run Unit Tests: success
- SonarQube Analysis: success
- Complete Build: success
- Post Setup Java 21: success
- Post Checkout repository: success
- Complete job: success

Workflow result: all required stages completed successfully
Deployment recommendation: proceed","LOW"
"Workflow run ID: 70000000213
Workflow: Cloud Native CI/CD
Event: push
Status: completed
Conclusion: success
Branch: main
Jobs created: 1
Duration seconds: 433

Job: build
Job status: completed
Job conclusion: success
Runner: GitHub Actions 1139833378
Steps:
- Set up job: success
- Checkout repository: success
- Setup Java 21: success
- Build Project: success
- Run Unit Tests: success
- Code Coverage Check: success
- Package Application: success
- Post Setup Java 21: success
- Post Checkout repository: success
- Complete job: success

Workflow result: all required stages completed successfully
Deployment recommendation: proceed","LOW"
"Workflow run ID: 80000000291
Workflow: Maven Build Pipeline
Event: push
Status: completed
Conclusion: success
Branch: feature/risk-analysis
Jobs created: 1
Duration seconds: 399

Job: build
Job status: completed
Job conclusion: success
Runner: GitHub Actions 1349860596
Steps:
- Set up job: success
- Checkout repository: success
- Setup Java 21: success
- Build Project: success
- Run Unit Tests: success
- Minor configuration warning detected during deployment: success
- Build Docker Image: success
- Post Setup Java 21: success
- Post Checkout repository: success
- Complete job: success

Warning: Minor configuration warning detected during deployment
Workflow result: completed successfully with non-critical warnings
Deployment recommendation: manual review required","MEDIUM"
"Workflow run ID: 90000000179
Workflow: Kubernetes Deployment Pipeline
Event: push
Status: completed
Conclusion: failure
Branch: release
Jobs created: 1
Duration seconds: 40

Job: build
Job status: completed
Job conclusion: failure
Runner: GitHub Actions 1570029985
Steps:
- Set up job: success
- Checkout repository: success
- Setup Java 21: success
- Resolve Maven dependencies: success
- Compile application: success
- Run Unit Tests: success
- Run Integration Tests: success
- Build Docker Image: success
- Deploy to Staging: success
- Application Health Check: success
- Database Migration: failure
- Upload diagnostic reports: success
- Post Setup Java 21: success
- Post Checkout repository: success
- Complete job: success

Error: Database migration failed and deployment was stopped
Process completed with exit code 1
Workflow result: pipeline failed
Deployment recommendation: stop deployment","HIGH"
"Workflow run ID: 80000000194
Workflow: Java CI Build
Event: workflow_dispatch
Status: completed
Conclusion: success
Branch: main
Jobs created: 1
Duration seconds: 125

Job: build
Job status: completed
Job conclusion: success
Runner: GitHub Actions 1675564360
Steps:
- Set up job: success
- Checkout repository: success
- Setup Java 21: success
- Build Project: success
- Run Unit Tests: success
- Memory usage warning detected during compilation: success
- Deploy to Staging: success
- Post Setup Java 21: success
- Post Checkout repository: success
- Complete job: success

Warning: Memory usage warning detected during compilation
Workflow result: completed successfully with non-critical warnings
Deployment recommendation: manual review required","MEDIUM"
"Workflow run ID: 70000000024
Workflow: Kubernetes Deployment Pipeline
Event: pull_request
Status: completed
Conclusion: success
Branch: release
Jobs created: 1
Duration seconds: 265

Job: build
Job status: completed
Job conclusion: success
Runner: GitHub Actions 1248691376
Steps:
- Set up job: success
- Checkout repository: success
- Setup Java 21: success
- Build Docker Image: success
- Push Docker Image: success
- Deploy to Staging: success
- Application Health Check: success
- Post Setup Java 21: success
- Post Checkout repository: success
- Complete job: success

Workflow result: all required stages completed successfully
Deployment recommendation: proceed","LOW"
"Workflow run ID: 80000000101
Workflow: Spring Boot CI
Event: push
Status: completed
Conclusion: success
Branch: release
Jobs created: 1
Duration seconds: 147

Job: build
Job status: completed
Job conclusion: success
Runner: GitHub Actions 1222086989
Steps:
- Set up job: success
- Checkout repository: success
- Setup Java 21: success
- Build Project: success
- Run Unit Tests: success
- Flaky tests detected retry passed manual review required: success
- Package Application: success
- Post Setup Java 21: success
- Post Checkout repository: success
- Complete job: success

Warning: Flaky tests detected retry passed manual review required
Workflow result: completed successfully with non-critical warnings
Deployment recommendation: manual review required","MEDIUM"
"Workflow run ID: 90000000301
Workflow: Spring Boot CI
Event: push
Status: completed
Conclusion: failure
Branch: feature/risk-analysis
Jobs created: 1
Duration seconds: 298

Job: build
Job status: completed
Job conclusion: failure
Runner: GitHub Actions 1555024035
Steps:
- Set up job: success
- Checkout repository: success
- Setup Java 21: success
- Resolve Maven dependencies: success
- Compile application: success
- Run Unit Tests: success
- Run Integration Tests: success
- Build Docker Image: success
- Deploy to Staging: success
- Application Health Check: success
- Database Migration: failure
- Upload diagnostic reports: success
- Post Setup Java 21: success
- Post Checkout repository: success
- Complete job: success

Error: Database migration failed and deployment was stopped
Process completed with exit code 1
Workflow result: pipeline failed
Deployment recommendation: stop deployment","HIGH"
"Workflow run ID: 70000000163
Workflow: Spring Boot CI
Event: push
Status: completed
Conclusion: success
Branch: release
Jobs created: 1
Duration seconds: 336

Job: build
Job status: completed
Job conclusion: success
Runner: GitHub Actions 1074391922
Steps:
- Set up job: success
- Checkout repository: success
- Setup Java 21: success
- Build Docker Image: success
- Push Docker Image: success
- Deploy to Staging: success
- Application Health Check: success
- Post Setup Java 21: success
- Post Checkout repository: success
- Complete job: success

Workflow result: all required stages completed successfully
Deployment recommendation: proceed","LOW"
"Workflow run ID: 80000000121
Workflow: Maven Build Pipeline
Event: push
Status: completed
Conclusion: success
Branch: feature/risk-analysis
Jobs created: 1
Duration seconds: 401

Job: build
Job status: completed
Job conclusion: success
Runner: GitHub Actions 1354726340
Steps:
- Set up job: success
- Checkout repository: success
- Setup Java 21: success
- Build Project: success
- Run Unit Tests: success
- Build duration above expected threshold performance review required: success
- Build Docker Image: success
- Post Setup Java 21: success
- Post Checkout repository: success
- Complete job: success

Warning: Build duration above expected threshold performance review required
Workflow result: completed successfully with non-critical warnings
Deployment recommendation: manual review required","MEDIUM"
"Workflow run ID: 70000000243
Workflow: Maven Build Pipeline
Event: pull_request
Status: completed
Conclusion: success
Branch: develop
Jobs created: 1
Duration seconds: 393

Job: build
Job status: completed
Job conclusion: success
Runner: GitHub Actions 1336205315
Steps:
- Set up job: success
- Checkout repository: success
- Setup Java 21: success
- Build Docker Image: success
- Push Docker Image: success
- Deploy to Staging: success
- Application Health Check: success
- Post Setup Java 21: success
- Post Checkout repository: success
- Complete job: success

Workflow result: all required stages completed successfully
Deployment recommendation: proceed","LOW"
"Workflow run ID: 80000000159
Workflow: Java CI Build
Event: pull_request
Status: completed
Conclusion: success
Branch: main
Jobs created: 1
Duration seconds: 526

Job: build
Job status: completed
Job conclusion: success
Runner: GitHub Actions 1009815167
Steps:
- Set up job: success
- Checkout repository: success
- Setup Java 21: success
- Build Project: success
- Run Unit Tests: success
- Minor configuration warning detected during deployment: success
- Deploy to Staging: success
- Post Setup Java 21: success
- Post Checkout repository: success
- Complete job: success

Warning: Minor configuration warning detected during deployment
Workflow result: completed successfully with non-critical warnings
Deployment recommendation: manual review required","MEDIUM"
"Workflow run ID: 70000000142
Workflow: Spring Boot CI
Event: push
Status: completed
Conclusion: success
Branch: develop
Jobs created: 1
Duration seconds: 71

Job: build
Job status: completed
Job conclusion: success
Runner: GitHub Actions 1348289880
Steps:
- Set up job: success
- Checkout repository: success
- Setup Java 21: success
- Compile application: success
- Run Unit Tests: success
- Run Integration Tests: success
- Build Docker Image: success
- Post Setup Java 21: success
- Post Checkout repository: success
- Complete job: success

Workflow result: all required stages completed successfully
Deployment recommendation: proceed","LOW"
"Workflow run ID: 70000000044
Workflow: Docker Build and Deploy
Event: pull_request
Status: completed
Conclusion: success
Branch: hotfix/build-fix
Jobs created: 1
Duration seconds: 148

Job: build
Job status: completed
Job conclusion: success
Runner: GitHub Actions 1464197779
Steps:
- Set up job: success
- Checkout repository: success
- Setup Java 21: success
- Build Project: success
- Run Unit Tests: success
- Code Coverage Check: success
- Package Application: success
- Post Setup Java 21: success
- Post Checkout repository: success
- Complete job: success

Workflow result: all required stages completed successfully
Deployment recommendation: proceed","LOW"
"Workflow run ID: 70000000160
Workflow: Docker Build and Deploy
Event: workflow_dispatch
Status: completed
Conclusion: success
Branch: release
Jobs created: 1
Duration seconds: 197

Job: build
Job status: completed
Job conclusion: success
Runner: GitHub Actions 1271252738
Steps:
- Set up job: success
- Checkout repository: success
- Setup Java 21: success
- Build Project: success
- Dependency Scan: success
- Security Scan: success
- Publish Artifact: success
- Post Setup Java 21: success
- Post Checkout repository: success
- Complete job: success

Workflow result: all required stages completed successfully
Deployment recommendation: proceed","LOW"
"Workflow run ID: 90000000084
Workflow: Maven Build Pipeline
Event: push
Status: completed
Conclusion: failure
Branch: release
Jobs created: 1
Duration seconds: 75

Job: build
Job status: completed
Job conclusion: failure
Runner: GitHub Actions 1875750116
Steps:
- Set up job: success
- Checkout repository: success
- Setup Java 21: success
- Resolve Maven dependencies: success
- Compile application: success
- Run Unit Tests: failure
- Run Integration Tests: skipped
- Build Docker Image: skipped
- Deploy to Staging: skipped
- Application Health Check: skipped
- Upload diagnostic reports: success
- Post Setup Java 21: success
- Post Checkout repository: success
- Complete job: success

Error: Unit tests failed with assertion errors
Process completed with exit code 1
Workflow result: pipeline failed
Deployment recommendation: stop deployment","HIGH"
"Workflow run ID: 90000000011
Workflow: Spring Boot CI
Event: workflow_dispatch
Status: completed
Conclusion: failure
Branch: develop
Jobs created: 1
Duration seconds: 349

Job: build
Job status: completed
Job conclusion: failure
Runner: GitHub Actions 1414691896
Steps:
- Set up job: success
- Checkout repository: success
- Setup Java 21: success
- Resolve Maven dependencies: success
- Compile application: success
- Run Unit Tests: success
- Run Integration Tests: success
- Build Docker Image: success
- Deploy to Staging: success
- Application Health Check: failure
- Upload diagnostic reports: success
- Post Setup Java 21: success
- Post Checkout repository: success
- Complete job: success

Error: Health check failed after deployment
Process completed with exit code 1
Workflow result: pipeline failed
Deployment recommendation: stop deployment","HIGH"
"Workflow run ID: 70000000011
Workflow: Spring Boot CI
Event: push
Status: completed
Conclusion: success
Branch: release
Jobs created: 1
Duration seconds: 226

Job: build
Job status: completed
Job conclusion: success
Runner: GitHub Actions 1645180192
Steps:
- Set up job: success
- Checkout repository: success
- Setup Java 21: success
- Build Project: success
- Run Unit Tests: success
- Code Coverage Check: success
- Package Application: success
- Post Setup Java 21: success
- Post Checkout repository: success
- Complete job: success

Workflow result: all required stages completed successfully
Deployment recommendation: proceed","LOW"
"Workflow run ID: 90000000285
Workflow: Docker Build and Deploy
Event: workflow_dispatch
Status: completed
Conclusion: failure
Branch: main
Jobs created: 1
Duration seconds: 289

Job: build
Job status: completed
Job conclusion: failure
Runner: GitHub Actions 1758073209
Steps:
- Set up job: success
- Checkout repository: success
- Setup Java 21: success
- Resolve Maven dependencies: success
- Compile application: success
- Run Unit Tests: success
- Run Integration Tests: success
- Build Docker Image: success
- Deploy to Staging: success
- Application Health Check: success
- Database Migration: failure
- Upload diagnostic reports: success
- Post Setup Java 21: success
- Post Checkout repository: success
- Complete job: success

Error: Database migration failed and deployment was stopped
Process completed with exit code 1
Workflow result: pipeline failed
Deployment recommendation: stop deployment","HIGH"
"Workflow run ID: 70000000334
Workflow: Java CI Build
Event: pull_request
Status: completed
Conclusion: success
Branch: main
Jobs created: 1
Duration seconds: 109

Job: build
Job status: completed
Job conclusion: success
Runner: GitHub Actions 1239026433
Steps:
- Set up job: success
- Checkout repository: success
- Setup Java 21: success
- Build Project: success
- Dependency Scan: success
- Security Scan: success
- Publish Artifact: success
- Post Setup Java 21: success
- Post Checkout repository: success
- Complete job: success

Workflow result: all required stages completed successfully
Deployment recommendation: proceed","LOW"
"Workflow run ID: 80000000231
Workflow: Kubernetes Deployment Pipeline
Event: pull_request
Status: completed
Conclusion: success
Branch: main
Jobs created: 1
Duration seconds: 174

Job: build
Job status: completed
Job conclusion: success
Runner: GitHub Actions 1384952465
Steps:
- Set up job: success
- Checkout repository: success
- Setup Java 21: success
- Build Project: success
- Run Unit Tests: success
- Deprecated dependency detected upgrade recommended: success
- Package Application: success
- Post Setup Java 21: success
- Post Checkout repository: success
- Complete job: success

Warning: Deprecated dependency detected upgrade recommended
Workflow result: completed successfully with non-critical warnings
Deployment recommendation: manual review required","MEDIUM"
"Workflow run ID: 70000000259
Workflow: Spring Boot CI
Event: workflow_dispatch
Status: completed
Conclusion: success
Branch: hotfix/build-fix
Jobs created: 1
Duration seconds: 473

Job: build
Job status: completed
Job conclusion: success
Runner: GitHub Actions 1812970585
Steps:
- Set up job: success
- Checkout repository: success
- Setup Java 21: success
- Build Docker Image: success
- Push Docker Image: success
- Deploy to Staging: success
- Application Health Check: success
- Post Setup Java 21: success
- Post Checkout repository: success
- Complete job: success

Workflow result: all required stages completed successfully
Deployment recommendation: proceed","LOW"
"Workflow run ID: 90000000138
Workflow: Maven Build Pipeline
Event: push
Status: completed
Conclusion: failure
Branch: develop
Jobs created: 1
Duration seconds: 191

Job: build
Job status: completed
Job conclusion: failure
Runner: GitHub Actions 1140164675
Steps:
- Set up job: success
- Checkout repository: success
- Setup Java 21: success
- Resolve Maven dependencies: success
- Compile application: success
- Run Unit Tests: success
- Run Integration Tests: success
- Build Docker Image: success
- Deploy to Staging: success
- Application Health Check: failure
- Upload diagnostic reports: success
- Post Setup Java 21: success
- Post Checkout repository: success
- Complete job: success

Error: Health check failed after deployment
Process completed with exit code 1
Workflow result: pipeline failed
Deployment recommendation: stop deployment","HIGH"
"Workflow run ID: 80000000196
Workflow: Kubernetes Deployment Pipeline
Event: workflow_dispatch
Status: completed
Conclusion: success
Branch: release
Jobs created: 1
Duration seconds: 609

Job: build
Job status: completed
Job conclusion: success
Runner: GitHub Actions 1194336819
Steps:
- Set up job: success
- Checkout repository: success
- Setup Java 21: success
- Build Project: success
- Run Unit Tests: success
- Medium severity vulnerability detected review required: success
- Package Application: success
- Post Setup Java 21: success
- Post Checkout repository: success
- Complete job: success

Warning: Medium severity vulnerability detected review required
Workflow result: completed successfully with non-critical warnings
Deployment recommendation: manual review required","MEDIUM"
"Workflow run ID: 70000000323
Workflow: Docker Build and Deploy
Event: workflow_dispatch
Status: completed
Conclusion: success
Branch: feature/risk-analysis
Jobs created: 1
Duration seconds: 108

Job: build
Job status: completed
Job conclusion: success
Runner: GitHub Actions 1597696448
Steps:
- Set up job: success
- Checkout repository: success
- Setup Java 21: success
- Maven Build: success
- Run Unit Tests: success
- SonarQube Analysis: success
- Complete Build: success
- Post Setup Java 21: success
- Post Checkout repository: success
- Complete job: success

Workflow result: all required stages completed successfully
Deployment recommendation: proceed","LOW"
"Workflow run ID: 90000000096
Workflow: Cloud Native CI/CD
Event: workflow_dispatch
Status: completed
Conclusion: failure
Branch: feature/risk-analysis
Jobs created: 1
Duration seconds: 261

Job: build
Job status: completed
Job conclusion: failure
Runner: GitHub Actions 1007483752
Steps:
- Set up job: success
- Checkout repository: success
- Setup Java 21: success
- Resolve Maven dependencies: success
- Compile application: success
- Run Unit Tests: success
- Run Integration Tests: failure
- Build Docker Image: skipped
- Deploy to Staging: skipped
- Application Health Check: skipped
- Upload diagnostic reports: success
- Post Setup Java 21: success
- Post Checkout repository: success
- Complete job: success

Error: Integration tests failed connection refused
Process completed with exit code 1
Workflow result: pipeline failed
Deployment recommendation: stop deployment","HIGH"
"Workflow run ID: 90000000013
Workflow: Spring Boot CI
Event: workflow_dispatch
Status: completed
Conclusion: failure
Branch: feature/risk-analysis
Jobs created: 1
Duration seconds: 24

Job: build
Job status: completed
Job conclusion: failure
Runner: GitHub Actions 1495190078
Steps:
- Set up job: success
- Checkout repository: success
- Setup Java 21: success
- Resolve Maven dependencies: success
- Compile application: success
- Run Unit Tests: success
- Run Integration Tests: success
- Build Docker Image: failure
- Deploy to Staging: skipped
- Application Health Check: skipped
- Upload diagnostic reports: success
- Post Setup Java 21: success
- Post Checkout repository: success
- Complete job: success

Error: Docker build failed because base image was not found
Process completed with exit code 1
Workflow result: pipeline failed
Deployment recommendation: stop deployment","HIGH"
"Workflow run ID: 90000000248
Workflow: Java CI Build
Event: push
Status: completed
Conclusion: failure
Branch: develop
Jobs created: 1
Duration seconds: 304

Job: build
Job status: completed
Job conclusion: failure
Runner: GitHub Actions 1587280979
Steps:
- Set up job: success
- Checkout repository: success
- Setup Java 21: success
- Resolve Maven dependencies: success
- Compile application: success
- Run Unit Tests: success
- Run Integration Tests: success
- Build Docker Image: success
- Deploy to Staging: success
- Application Health Check: success
- Security Scan: failure
- Upload diagnostic reports: success
- Post Setup Java 21: success
- Post Checkout repository: success
- Complete job: success

Error: Critical vulnerabilities detected deployment blocked
Process completed with exit code 1
Workflow result: pipeline failed
Deployment recommendation: stop deployment","HIGH"
"Workflow run ID: 70000000169
Workflow: Maven Build Pipeline
Event: workflow_dispatch
Status: completed
Conclusion: success
Branch: develop
Jobs created: 1
Duration seconds: 66

Job: build
Job status: completed
Job conclusion: success
Runner: GitHub Actions 1599435741
Steps:
- Set up job: success
- Checkout repository: success
- Setup Java 21: success
- Compile application: success
- Run Unit Tests: success
- Run Integration Tests: success
- Build Docker Image: success
- Post Setup Java 21: success
- Post Checkout repository: success
- Complete job: success

Workflow result: all required stages completed successfully
Deployment recommendation: proceed","LOW"
"Workflow run ID: 80000000042
Workflow: Maven Build Pipeline
Event: workflow_dispatch
Status: completed
Conclusion: success
Branch: hotfix/build-fix
Jobs created: 1
Duration seconds: 515

Job: build
Job status: completed
Job conclusion: success
Runner: GitHub Actions 1379520652
Steps:
- Set up job: success
- Checkout repository: success
- Setup Java 21: success
- Build Project: success
- Run Unit Tests: success
- Deprecated dependency detected upgrade recommended: success
- Build Docker Image: success
- Post Setup Java 21: success
- Post Checkout repository: success
- Complete job: success

Warning: Deprecated dependency detected upgrade recommended
Workflow result: completed successfully with non-critical warnings
Deployment recommendation: manual review required","MEDIUM"
"Workflow run ID: 80000000150
Workflow: Java CI Build
Event: workflow_dispatch
Status: completed
Conclusion: success
Branch: feature/risk-analysis
Jobs created: 1
Duration seconds: 92

Job: build
Job status: completed
Job conclusion: success
Runner: GitHub Actions 1939029091
Steps:
- Set up job: success
- Checkout repository: success
- Setup Java 21: success
- Build Project: success
- Run Unit Tests: success
- Docker image size exceeded recommended limit: success
- Deploy to Staging: success
- Post Setup Java 21: success
- Post Checkout repository: success
- Complete job: success

Warning: Docker image size exceeded recommended limit
Workflow result: completed successfully with non-critical warnings
Deployment recommendation: manual review required","MEDIUM"
"Workflow run ID: 90000000034
Workflow: Cloud Native CI/CD
Event: pull_request
Status: completed
Conclusion: failure
Branch: hotfix/build-fix
Jobs created: 1
Duration seconds: 67

Job: build
Job status: completed
Job conclusion: failure
Runner: GitHub Actions 1161773385
Steps:
- Set up job: success
- Checkout repository: success
- Setup Java 21: success
- Resolve Maven dependencies: success
- Compile application: failure
- Run Unit Tests: skipped
- Run Integration Tests: skipped
- Build Docker Image: skipped
- Deploy to Staging: skipped
- Application Health Check: skipped
- Upload diagnostic reports: success
- Post Setup Java 21: success
- Post Checkout repository: success
- Complete job: success

Error: Compilation failed because symbol could not be resolved
Process completed with exit code 1
Workflow result: pipeline failed
Deployment recommendation: stop deployment","HIGH"
"Workflow run ID: 80000000055
Workflow: Java CI Build
Event: push
Status: completed
Conclusion: success
Branch: hotfix/build-fix
Jobs created: 1
Duration seconds: 360

Job: build
Job status: completed
Job conclusion: success
Runner: GitHub Actions 1919763746
Steps:
- Set up job: success
- Checkout repository: success
- Setup Java 21: success
- Build Project: success
- Run Unit Tests: success
- Manual deployment approval required: success
- Package Application: success
- Post Setup Java 21: success
- Post Checkout repository: success
- Complete job: success

Warning: Manual deployment approval required
Workflow result: completed successfully with non-critical warnings
Deployment recommendation: manual review required","MEDIUM"
"Workflow run ID: 70000000235
Workflow: Kubernetes Deployment Pipeline
Event: workflow_dispatch
Status: completed
Conclusion: success
Branch: hotfix/build-fix
Jobs created: 1
Duration seconds: 351

Job: build
Job status: completed
Job conclusion: success
Runner: GitHub Actions 1155818669
Steps:
- Set up job: success
- Checkout repository: success
- Setup Java 21: success
- Build Docker Image: success
- Push Docker Image: success
- Deploy to Staging: success
- Application Health Check: success
- Post Setup Java 21: success
- Post Checkout repository: success
- Complete job: success

Workflow result: all required stages completed successfully
Deployment recommendation: proceed","LOW"
"Workflow run ID: 90000000082
Workflow: Maven Build Pipeline
Event: pull_request
Status: completed
Conclusion: failure
Branch: feature/risk-analysis
Jobs created: 1
Duration seconds: 250

Job: build
Job status: completed
Job conclusion: failure
Runner: GitHub Actions 1845885071
Steps:
- Set up job: success
- Checkout repository: success
- Setup Java 21: success
- Resolve Maven dependencies: failure
- Compile application: skipped
- Run Unit Tests: skipped
- Run Integration Tests: skipped
- Build Docker Image: skipped
- Deploy to Staging: skipped
- Application Health Check: skipped
- Upload diagnostic reports: success
- Post Setup Java 21: success
- Post Checkout repository: success
- Complete job: success

Error: Maven build failed due to unresolved dependency
Process completed with exit code 1
Workflow result: pipeline failed
Deployment recommendation: stop deployment","HIGH"
"Workflow run ID: 70000000188
Workflow: Java CI Build
Event: workflow_dispatch
Status: completed
Conclusion: success
Branch: main
Jobs created: 1
Duration seconds: 89

Job: build
Job status: completed
Job conclusion: success
Runner: GitHub Actions 1189997741
Steps:
- Set up job: success
- Checkout repository: success
- Setup Java 21: success
- Build Project: success
- Run Unit Tests: success
- Code Coverage Check: success
- Package Application: success
- Post Setup Java 21: success
- Post Checkout repository: success
- Complete job: success

Workflow result: all required stages completed successfully
Deployment recommendation: proceed","LOW"
"Workflow run ID: 70000000315
Workflow: Cloud Native CI/CD
Event: push
Status: completed
Conclusion: success
Branch: feature/risk-analysis
Jobs created: 1
Duration seconds: 499

Job: build
Job status: completed
Job conclusion: success
Runner: GitHub Actions 1666052484
Steps:
- Set up job: success
- Checkout repository: success
- Setup Java 21: success
- Build Project: success
- Run Unit Tests: success
- Code Coverage Check: success
- Package Application: success
- Post Setup Java 21: success
- Post Checkout repository: success
- Complete job: success

Workflow result: all required stages completed successfully
Deployment recommendation: proceed","LOW"
"Workflow run ID: 90000000092
Workflow: Java CI Build
Event: push
Status: completed
Conclusion: failure
Branch: hotfix/build-fix
Jobs created: 1
Duration seconds: 336

Job: build
Job status: completed
Job conclusion: failure
Runner: GitHub Actions 1300758327
Steps:
- Set up job: success
- Checkout repository: success
- Setup Java 21: success
- Resolve Maven dependencies: success
- Compile application: success
- Run Unit Tests: success
- Run Integration Tests: success
- Build Docker Image: success
- Deploy to Staging: success
- Application Health Check: success
- Database Migration: failure
- Upload diagnostic reports: success
- Post Setup Java 21: success
- Post Checkout repository: success
- Complete job: success

Error: Database migration failed and deployment was stopped
Process completed with exit code 1
Workflow result: pipeline failed
Deployment recommendation: stop deployment","HIGH"
"Workflow run ID: 70000000330
Workflow: Docker Build and Deploy
Event: workflow_dispatch
Status: completed
Conclusion: success
Branch: feature/risk-analysis
Jobs created: 1
Duration seconds: 253

Job: build
Job status: completed
Job conclusion: success
Runner: GitHub Actions 1979088489
Steps:
- Set up job: success
- Checkout repository: success
- Setup Java 21: success
- Build Project: success
- Run Unit Tests: success
- Code Coverage Check: success
- Package Application: success
- Post Setup Java 21: success
- Post Checkout repository: success
- Complete job: success

Workflow result: all required stages completed successfully
Deployment recommendation: proceed","LOW"
"Workflow run ID: 70000000246
Workflow: Maven Build Pipeline
Event: push
Status: completed
Conclusion: success
Branch: main
Jobs created: 1
Duration seconds: 222

Job: build
Job status: completed
Job conclusion: success
Runner: GitHub Actions 1076131126
Steps:
- Set up job: success
- Checkout repository: success
- Setup Java 21: success
- Build Project: success
- Run Unit Tests: success
- Code Coverage Check: success
- Package Application: success
- Post Setup Java 21: success
- Post Checkout repository: success
- Complete job: success

Workflow result: all required stages completed successfully
Deployment recommendation: proceed","LOW"
"Workflow run ID: 90000000099
Workflow: Docker Build and Deploy
Event: pull_request
Status: completed
Conclusion: failure
Branch: release
Jobs created: 1
Duration seconds: 171

Job: build
Job status: completed
Job conclusion: failure
Runner: GitHub Actions 1925470701
Steps:
- Set up job: success
- Checkout repository: success
- Setup Java 21: success
- Resolve Maven dependencies: success
- Compile application: failure
- Run Unit Tests: skipped
- Run Integration Tests: skipped
- Build Docker Image: skipped
- Deploy to Staging: skipped
- Application Health Check: skipped
- Upload diagnostic reports: success
- Post Setup Java 21: success
- Post Checkout repository: success
- Complete job: success

Error: Compilation failed because symbol could not be resolved
Process completed with exit code 1
Workflow result: pipeline failed
Deployment recommendation: stop deployment","HIGH"
"Workflow run ID: 80000000068
Workflow: Cloud Native CI/CD
Event: push
Status: completed
Conclusion: success
Branch: feature/risk-analysis
Jobs created: 1
Duration seconds: 340

Job: build
Job status: completed
Job conclusion: success
Runner: GitHub Actions 1778513655
Steps:
- Set up job: success
- Checkout repository: success
- Setup Java 21: success
- Build Project: success
- Run Unit Tests: success
- Medium severity vulnerability detected review required: success
- Build Docker Image: success
- Post Setup Java 21: success
- Post Checkout repository: success
- Complete job: success

Warning: Medium severity vulnerability detected review required
Workflow result: completed successfully with non-critical warnings
Deployment recommendation: manual review required","MEDIUM"
"Workflow run ID: 90000000251
Workflow: Spring Boot CI
Event: push
Status: completed
Conclusion: failure
Branch: main
Jobs created: 1
Duration seconds: 36

Job: build
Job status: completed
Job conclusion: failure
Runner: GitHub Actions 1712656271
Steps:
- Set up job: success
- Checkout repository: success
- Setup Java 21: success
- Resolve Maven dependencies: success
- Compile application: success
- Run Unit Tests: success
- Run Integration Tests: success
- Build Docker Image: success
- Deploy to Staging: failure
- Application Health Check: skipped
- Upload diagnostic reports: success
- Post Setup Java 21: success
- Post Checkout repository: success
- Complete job: success

Error: Deployment failed because service was unavailable
Process completed with exit code 1
Workflow result: pipeline failed
Deployment recommendation: stop deployment","HIGH"
"Workflow run ID: 90000000025
Workflow: Java CI Build
Event: pull_request
Status: completed
Conclusion: failure
Branch: release
Jobs created: 1
Duration seconds: 321

Job: build
Job status: completed
Job conclusion: failure
Runner: GitHub Actions 1239898965
Steps:
- Set up job: success
- Checkout repository: success
- Setup Java 21: success
- Resolve Maven dependencies: success
- Compile application: success
- Run Unit Tests: success
- Run Integration Tests: success
- Build Docker Image: success
- Deploy to Staging: success
- Application Health Check: failure
- Upload diagnostic reports: success
- Post Setup Java 21: success
- Post Checkout repository: success
- Complete job: success

Error: Health check failed after deployment
Process completed with exit code 1
Workflow result: pipeline failed
Deployment recommendation: stop deployment","HIGH"
"Workflow run ID: 90000000165
Workflow: Docker Build and Deploy
Event: push
Status: completed
Conclusion: failure
Branch: develop
Jobs created: 1
Duration seconds: 317

Job: build
Job status: completed
Job conclusion: failure
Runner: GitHub Actions 1631707232
Steps:
- Set up job: success
- Checkout repository: success
- Setup Java 21: success
- Resolve Maven dependencies: success
- Compile application: success
- Run Unit Tests: success
- Run Integration Tests: success
- Build Docker Image: success
- Deploy to Staging: success
- Application Health Check: failure
- Upload diagnostic reports: success
- Post Setup Java 21: success
- Post Checkout repository: success
- Complete job: success

Error: Health check failed after deployment
Process completed with exit code 1
Workflow result: pipeline failed
Deployment recommendation: stop deployment","HIGH"
"Workflow run ID: 70000000171
Workflow: Docker Build and Deploy
Event: workflow_dispatch
Status: completed
Conclusion: success
Branch: hotfix/build-fix
Jobs created: 1
Duration seconds: 164

Job: build
Job status: completed
Job conclusion: success
Runner: GitHub Actions 1043258457
Steps:
- Set up job: success
- Checkout repository: success
- Setup Java 21: success
- Build Project: success
- Run Unit Tests: success
- Code Coverage Check: success
- Package Application: success
- Post Setup Java 21: success
- Post Checkout repository: success
- Complete job: success

Workflow result: all required stages completed successfully
Deployment recommendation: proceed","LOW"
"Workflow run ID: 90000000212
Workflow: Docker Build and Deploy
Event: workflow_dispatch
Status: completed
Conclusion: failure
Branch: develop
Jobs created: 1
Duration seconds: 265

Job: build
Job status: completed
Job conclusion: failure
Runner: GitHub Actions 1847236232
Steps:
- Set up job: success
- Checkout repository: success
- Setup Java 21: success
- Resolve Maven dependencies: failure
- Compile application: skipped
- Run Unit Tests: skipped
- Run Integration Tests: skipped
- Build Docker Image: skipped
- Deploy to Staging: skipped
- Application Health Check: skipped
- Upload diagnostic reports: success
- Post Setup Java 21: success
- Post Checkout repository: success
- Complete job: success

Error: Maven build failed due to unresolved dependency
Process completed with exit code 1
Workflow result: pipeline failed
Deployment recommendation: stop deployment","HIGH"
"Workflow run ID: 70000000178
Workflow: Maven Build Pipeline
Event: push
Status: completed
Conclusion: success
Branch: develop
Jobs created: 1
Duration seconds: 471

Job: build
Job status: completed
Job conclusion: success
Runner: GitHub Actions 1835703901
Steps:
- Set up job: success
- Checkout repository: success
- Setup Java 21: success
- Compile application: success
- Run Unit Tests: success
- Run Integration Tests: success
- Build Docker Image: success
- Post Setup Java 21: success
- Post Checkout repository: success
- Complete job: success

Workflow result: all required stages completed successfully
Deployment recommendation: proceed","LOW"
"Workflow run ID: 70000000088
Workflow: Kubernetes Deployment Pipeline
Event: push
Status: completed
Conclusion: success
Branch: develop
Jobs created: 1
Duration seconds: 59

Job: build
Job status: completed
Job conclusion: success
Runner: GitHub Actions 1600741399
Steps:
- Set up job: success
- Checkout repository: success
- Setup Java 21: success
- Maven Build: success
- Run Unit Tests: success
- SonarQube Analysis: success
- Complete Build: success
- Post Setup Java 21: success
- Post Checkout repository: success
- Complete job: success

Workflow result: all required stages completed successfully
Deployment recommendation: proceed","LOW"
"Workflow run ID: 90000000123
Workflow: Docker Build and Deploy
Event: push
Status: completed
Conclusion: failure
Branch: hotfix/build-fix
Jobs created: 1
Duration seconds: 42

Job: build
Job status: completed
Job conclusion: failure
Runner: GitHub Actions 1638128705
Steps:
- Set up job: success
- Checkout repository: success
- Setup Java 21: success
- Resolve Maven dependencies: success
- Compile application: success
- Run Unit Tests: success
- Run Integration Tests: success
- Build Docker Image: success
- Deploy to Staging: success
- Application Health Check: success
- Kubernetes Deployment: failure
- Upload diagnostic reports: success
- Post Setup Java 21: success
- Post Checkout repository: success
- Complete job: success

Error: Kubernetes deployment failed with ImagePullBackOff
Process completed with exit code 1
Workflow result: pipeline failed
Deployment recommendation: stop deployment","HIGH"
"Workflow run ID: 80000000212
Workflow: Kubernetes Deployment Pipeline
Event: push
Status: completed
Conclusion: success
Branch: hotfix/build-fix
Jobs created: 1
Duration seconds: 402

Job: build
Job status: completed
Job conclusion: success
Runner: GitHub Actions 1562104464
Steps:
- Set up job: success
- Checkout repository: success
- Setup Java 21: success
- Build Project: success
- Run Unit Tests: success
- Docker image size exceeded recommended limit: success
- Build Docker Image: success
- Post Setup Java 21: success
- Post Checkout repository: success
- Complete job: success

Warning: Docker image size exceeded recommended limit
Workflow result: completed successfully with non-critical warnings
Deployment recommendation: manual review required","MEDIUM"
"Workflow run ID: 90000000330
Workflow: Maven Build Pipeline
Event: pull_request
Status: completed
Conclusion: failure
Branch: release
Jobs created: 1
Duration seconds: 166

Job: build
Job status: completed
Job conclusion: failure
Runner: GitHub Actions 1828516043
Steps:
- Set up job: success
- Checkout repository: success
- Setup Java 21: success
- Resolve Maven dependencies: success
- Compile application: success
- Run Unit Tests: failure
- Run Integration Tests: skipped
- Build Docker Image: skipped
- Deploy to Staging: skipped
- Application Health Check: skipped
- Upload diagnostic reports: success
- Post Setup Java 21: success
- Post Checkout repository: success
- Complete job: success

Error: Unit tests failed with assertion errors
Process completed with exit code 1
Workflow result: pipeline failed
Deployment recommendation: stop deployment","HIGH"
"Workflow run ID: 90000000226
Workflow: Kubernetes Deployment Pipeline
Event: pull_request
Status: completed
Conclusion: failure
Branch: feature/risk-analysis
Jobs created: 1
Duration seconds: 316

Job: build
Job status: completed
Job conclusion: failure
Runner: GitHub Actions 1994425196
Steps:
- Set up job: success
- Checkout repository: success
- Setup Java 21: success
- Resolve Maven dependencies: success
- Compile application: success
- Run Unit Tests: success
- Run Integration Tests: failure
- Build Docker Image: skipped
- Deploy to Staging: skipped
- Application Health Check: skipped
- Upload diagnostic reports: success
- Post Setup Java 21: success
- Post Checkout repository: success
- Complete job: success

Error: Integration tests failed connection refused
Process completed with exit code 1
Workflow result: pipeline failed
Deployment recommendation: stop deployment","HIGH"
"Workflow run ID: 80000000282
Workflow: Kubernetes Deployment Pipeline
Event: workflow_dispatch
Status: completed
Conclusion: success
Branch: main
Jobs created: 1
Duration seconds: 160

Job: build
Job status: completed
Job conclusion: success
Runner: GitHub Actions 1381980796
Steps:
- Set up job: success
- Checkout repository: success
- Setup Java 21: success
- Build Project: success
- Run Unit Tests: success
- Code coverage below threshold manual review required: success
- Package Application: success
- Post Setup Java 21: success
- Post Checkout repository: success
- Complete job: success

Warning: Code coverage below threshold manual review required
Workflow result: completed successfully with non-critical warnings
Deployment recommendation: manual review required","MEDIUM"
"Workflow run ID: 80000000315
Workflow: Java CI Build
Event: push
Status: completed
Conclusion: success
Branch: hotfix/build-fix
Jobs created: 1
Duration seconds: 412

Job: build
Job status: completed
Job conclusion: success
Runner: GitHub Actions 1198412740
Steps:
- Set up job: success
- Checkout repository: success
- Setup Java 21: success
- Build Project: success
- Run Unit Tests: success
- Flaky tests detected retry passed manual review required: success
- Deploy to Staging: success
- Post Setup Java 21: success
- Post Checkout repository: success
- Complete job: success

Warning: Flaky tests detected retry passed manual review required
Workflow result: completed successfully with non-critical warnings
Deployment recommendation: manual review required","MEDIUM"
"Workflow run ID: 70000000167
Workflow: Kubernetes Deployment Pipeline
Event: workflow_dispatch
Status: completed
Conclusion: success
Branch: main
Jobs created: 1
Duration seconds: 131

Job: build
Job status: completed
Job conclusion: success
Runner: GitHub Actions 1781184253
Steps:
- Set up job: success
- Checkout repository: success
- Setup Java 21: success
- Build Project: success
- Run Unit Tests: success
- Code Coverage Check: success
- Package Application: success
- Post Setup Java 21: success
- Post Checkout repository: success
- Complete job: success

Workflow result: all required stages completed successfully
Deployment recommendation: proceed","LOW"
"Workflow run ID: 80000000026
Workflow: Spring Boot CI
Event: push
Status: completed
Conclusion: success
Branch: feature/risk-analysis
Jobs created: 1
Duration seconds: 213

Job: build
Job status: completed
Job conclusion: success
Runner: GitHub Actions 1809213627
Steps:
- Set up job: success
- Checkout repository: success
- Setup Java 21: success
- Build Project: success
- Run Unit Tests: success
- Staging health check intermittent response detected: success
- Package Application: success
- Post Setup Java 21: success
- Post Checkout repository: success
- Complete job: success

Warning: Staging health check intermittent response detected
Workflow result: completed successfully with non-critical warnings
Deployment recommendation: manual review required","MEDIUM"
"Workflow run ID: 80000000321
Workflow: Cloud Native CI/CD
Event: pull_request
Status: completed
Conclusion: success
Branch: release
Jobs created: 1
Duration seconds: 401

Job: build
Job status: completed
Job conclusion: success
Runner: GitHub Actions 1816990633
Steps:
- Set up job: success
- Checkout repository: success
- Setup Java 21: success
- Build Project: success
- Run Unit Tests: success
- Medium severity vulnerability detected review required: success
- Deploy to Staging: success
- Post Setup Java 21: success
- Post Checkout repository: success
- Complete job: success

Warning: Medium severity vulnerability detected review required
Workflow result: completed successfully with non-critical warnings
Deployment recommendation: manual review required","MEDIUM"
"Workflow run ID: 70000000089
Workflow: Kubernetes Deployment Pipeline
Event: pull_request
Status: completed
Conclusion: success
Branch: feature/risk-analysis
Jobs created: 1
Duration seconds: 78

Job: build
Job status: completed
Job conclusion: success
Runner: GitHub Actions 1671269199
Steps:
- Set up job: success
- Checkout repository: success
- Setup Java 21: success
- Build Docker Image: success
- Push Docker Image: success
- Deploy to Staging: success
- Application Health Check: success
- Post Setup Java 21: success
- Post Checkout repository: success
- Complete job: success

Workflow result: all required stages completed successfully
Deployment recommendation: proceed","LOW"
"Workflow run ID: 70000000283
Workflow: Docker Build and Deploy
Event: pull_request
Status: completed
Conclusion: success
Branch: release
Jobs created: 1
Duration seconds: 438

Job: build
Job status: completed
Job conclusion: success
Runner: GitHub Actions 1706412912
Steps:
- Set up job: success
- Checkout repository: success
- Setup Java 21: success
- Maven Build: success
- Run Unit Tests: success
- SonarQube Analysis: success
- Complete Build: success
- Post Setup Java 21: success
- Post Checkout repository: success
- Complete job: success

Workflow result: all required stages completed successfully
Deployment recommendation: proceed","LOW"
"Workflow run ID: 80000000293
Workflow: Java CI Build
Event: pull_request
Status: completed
Conclusion: success
Branch: feature/risk-analysis
Jobs created: 1
Duration seconds: 215

Job: build
Job status: completed
Job conclusion: success
Runner: GitHub Actions 1120480398
Steps:
- Set up job: success
- Checkout repository: success
- Setup Java 21: success
- Build Project: success
- Run Unit Tests: success
- Memory usage warning detected during compilation: success
- Package Application: success
- Post Setup Java 21: success
- Post Checkout repository: success
- Complete job: success

Warning: Memory usage warning detected during compilation
Workflow result: completed successfully with non-critical warnings
Deployment recommendation: manual review required","MEDIUM"
"Workflow run ID: 90000000278
Workflow: Kubernetes Deployment Pipeline
Event: pull_request
Status: completed
Conclusion: failure
Branch: main
Jobs created: 1
Duration seconds: 404

Job: build
Job status: completed
Job conclusion: failure
Runner: GitHub Actions 1613746969
Steps:
- Set up job: success
- Checkout repository: success
- Setup Java 21: success
- Resolve Maven dependencies: success
- Compile application: success
- Run Unit Tests: success
- Run Integration Tests: success
- Build Docker Image: success
- Deploy to Staging: success
- Application Health Check: success
- Database Migration: failure
- Upload diagnostic reports: success
- Post Setup Java 21: success
- Post Checkout repository: success
- Complete job: success

Error: Database migration failed and deployment was stopped
Process completed with exit code 1
Workflow result: pipeline failed
Deployment recommendation: stop deployment","HIGH"
"Workflow run ID: 70000000321
Workflow: Maven Build Pipeline
Event: pull_request
Status: completed
Conclusion: success
Branch: feature/risk-analysis
Jobs created: 1
Duration seconds: 49

Job: build
Job status: completed
Job conclusion: success
Runner: GitHub Actions 1305835670
Steps:
- Set up job: success
- Checkout repository: success
- Setup Java 21: success
- Build Project: success
- Dependency Scan: success
- Security Scan: success
- Publish Artifact: success
- Post Setup Java 21: success
- Post Checkout repository: success
- Complete job: success

Workflow result: all required stages completed successfully
Deployment recommendation: proceed","LOW"
"Workflow run ID: 80000000284
Workflow: Docker Build and Deploy
Event: push
Status: completed
Conclusion: success
Branch: release
Jobs created: 1
Duration seconds: 573

Job: build
Job status: completed
Job conclusion: success
Runner: GitHub Actions 1337399502
Steps:
- Set up job: success
- Checkout repository: success
- Setup Java 21: success
- Build Project: success
- Run Unit Tests: success
- Medium severity vulnerability detected review required: success
- Deploy to Staging: success
- Post Setup Java 21: success
- Post Checkout repository: success
- Complete job: success

Warning: Medium severity vulnerability detected review required
Workflow result: completed successfully with non-critical warnings
Deployment recommendation: manual review required","MEDIUM"
"Workflow run ID: 80000000112
Workflow: Kubernetes Deployment Pipeline
Event: push
Status: completed
Conclusion: success
Branch: main
Jobs created: 1
Duration seconds: 439

Job: build
Job status: completed
Job conclusion: success
Runner: GitHub Actions 1592437583
Steps:
- Set up job: success
- Checkout repository: success
- Setup Java 21: success
- Build Project: success
- Run Unit Tests: success
- Flaky tests detected retry passed manual review required: success
- Build Docker Image: success
- Post Setup Java 21: success
- Post Checkout repository: success
- Complete job: success

Warning: Flaky tests detected retry passed manual review required
Workflow result: completed successfully with non-critical warnings
Deployment recommendation: manual review required","MEDIUM"
"Workflow run ID: 70000000062
Workflow: Kubernetes Deployment Pipeline
Event: pull_request
Status: completed
Conclusion: success
Branch: hotfix/build-fix
Jobs created: 1
Duration seconds: 478

Job: build
Job status: completed
Job conclusion: success
Runner: GitHub Actions 1999196043
Steps:
- Set up job: success
- Checkout repository: success
- Setup Java 21: success
- Compile application: success
- Run Unit Tests: success
- Run Integration Tests: success
- Build Docker Image: success
- Post Setup Java 21: success
- Post Checkout repository: success
- Complete job: success

Workflow result: all required stages completed successfully
Deployment recommendation: proceed","LOW"
"Workflow run ID: 90000000093
Workflow: Java CI Build
Event: push
Status: completed
Conclusion: failure
Branch: hotfix/build-fix
Jobs created: 1
Duration seconds: 300

Job: build
Job status: completed
Job conclusion: failure
Runner: GitHub Actions 1499729577
Steps:
- Set up job: success
- Checkout repository: success
- Setup Java 21: success
- Resolve Maven dependencies: success
- Compile application: success
- Run Unit Tests: success
- Run Integration Tests: success
- Build Docker Image: failure
- Deploy to Staging: skipped
- Application Health Check: skipped
- Upload diagnostic reports: success
- Post Setup Java 21: success
- Post Checkout repository: success
- Complete job: success

Error: Docker build failed because base image was not found
Process completed with exit code 1
Workflow result: pipeline failed
Deployment recommendation: stop deployment","HIGH"
"Workflow run ID: 70000000214
Workflow: Cloud Native CI/CD
Event: push
Status: completed
Conclusion: success
Branch: feature/risk-analysis
Jobs created: 1
Duration seconds: 413

Job: build
Job status: completed
Job conclusion: success
Runner: GitHub Actions 1719789624
Steps:
- Set up job: success
- Checkout repository: success
- Setup Java 21: success
- Build Project: success
- Run Unit Tests: success
- Code Coverage Check: success
- Package Application: success
- Post Setup Java 21: success
- Post Checkout repository: success
- Complete job: success

Workflow result: all required stages completed successfully
Deployment recommendation: proceed","LOW"
"Workflow run ID: 90000000174
Workflow: Java CI Build
Event: pull_request
Status: completed
Conclusion: failure
Branch: main
Jobs created: 1
Duration seconds: 138

Job: build
Job status: completed
Job conclusion: failure
Runner: GitHub Actions 1935027605
Steps:
- Set up job: success
- Checkout repository: success
- Setup Java 21: success
- Resolve Maven dependencies: success
- Compile application: success
- Run Unit Tests: success
- Run Integration Tests: failure
- Build Docker Image: skipped
- Deploy to Staging: skipped
- Application Health Check: skipped
- Upload diagnostic reports: success
- Post Setup Java 21: success
- Post Checkout repository: success
- Complete job: success

Error: Integration tests failed connection refused
Process completed with exit code 1
Workflow result: pipeline failed
Deployment recommendation: stop deployment","HIGH"
"Workflow run ID: 70000000174
Workflow: Cloud Native CI/CD
Event: workflow_dispatch
Status: completed
Conclusion: success
Branch: feature/risk-analysis
Jobs created: 1
Duration seconds: 190

Job: build
Job status: completed
Job conclusion: success
Runner: GitHub Actions 1704612455
Steps:
- Set up job: success
- Checkout repository: success
- Setup Java 21: success
- Build Docker Image: success
- Push Docker Image: success
- Deploy to Staging: success
- Application Health Check: success
- Post Setup Java 21: success
- Post Checkout repository: success
- Complete job: success

Workflow result: all required stages completed successfully
Deployment recommendation: proceed","LOW"
"Workflow run ID: 80000000084
Workflow: Maven Build Pipeline
Event: pull_request
Status: completed
Conclusion: success
Branch: develop
Jobs created: 1
Duration seconds: 172

Job: build
Job status: completed
Job conclusion: success
Runner: GitHub Actions 1883139711
Steps:
- Set up job: success
- Checkout repository: success
- Setup Java 21: success
- Build Project: success
- Run Unit Tests: success
- Deprecated dependency detected upgrade recommended: success
- Package Application: success
- Post Setup Java 21: success
- Post Checkout repository: success
- Complete job: success

Warning: Deprecated dependency detected upgrade recommended
Workflow result: completed successfully with non-critical warnings
Deployment recommendation: manual review required","MEDIUM"
"Workflow run ID: 90000000030
Workflow: Spring Boot CI
Event: push
Status: completed
Conclusion: failure
Branch: develop
Jobs created: 1
Duration seconds: 217

Job: build
Job status: completed
Job conclusion: failure
Runner: GitHub Actions 1965005185
Steps:
- Set up job: success
- Checkout repository: success
- Setup Java 21: success
- Resolve Maven dependencies: success
- Compile application: success
- Run Unit Tests: failure
- Run Integration Tests: skipped
- Build Docker Image: skipped
- Deploy to Staging: skipped
- Application Health Check: skipped
- Upload diagnostic reports: success
- Post Setup Java 21: success
- Post Checkout repository: success
- Complete job: success

Error: Unit tests failed with assertion errors
Process completed with exit code 1
Workflow result: pipeline failed
Deployment recommendation: stop deployment","HIGH"
"Workflow run ID: 80000000220
Workflow: Docker Build and Deploy
Event: push
Status: completed
Conclusion: success
Branch: develop
Jobs created: 1
Duration seconds: 187

Job: build
Job status: completed
Job conclusion: success
Runner: GitHub Actions 1821068825
Steps:
- Set up job: success
- Checkout repository: success
- Setup Java 21: success
- Build Project: success
- Run Unit Tests: success
- Medium severity vulnerability detected review required: success
- Deploy to Staging: success
- Post Setup Java 21: success
- Post Checkout repository: success
- Complete job: success

Warning: Medium severity vulnerability detected review required
Workflow result: completed successfully with non-critical warnings
Deployment recommendation: manual review required","MEDIUM"
"Workflow run ID: 90000000041
Workflow: Spring Boot CI
Event: push
Status: completed
Conclusion: failure
Branch: release
Jobs created: 1
Duration seconds: 319

Job: build
Job status: completed
Job conclusion: failure
Runner: GitHub Actions 1355718297
Steps:
- Set up job: success
- Checkout repository: success
- Setup Java 21: success
- Resolve Maven dependencies: success
- Compile application: success
- Run Unit Tests: success
- Run Integration Tests: success
- Build Docker Image: success
- Deploy to Staging: success
- Application Health Check: success
- Security Scan: failure
- Upload diagnostic reports: success
- Post Setup Java 21: success
- Post Checkout repository: success
- Complete job: success

Error: Critical vulnerabilities detected deployment blocked
Process completed with exit code 1
Workflow result: pipeline failed
Deployment recommendation: stop deployment","HIGH"
"Workflow run ID: 80000000223
Workflow: Cloud Native CI/CD
Event: workflow_dispatch
Status: completed
Conclusion: success
Branch: feature/risk-analysis
Jobs created: 1
Duration seconds: 588

Job: build
Job status: completed
Job conclusion: success
Runner: GitHub Actions 1166570894
Steps:
- Set up job: success
- Checkout repository: success
- Setup Java 21: success
- Build Project: success
- Run Unit Tests: success
- Medium severity vulnerability detected review required: success
- Deploy to Staging: success
- Post Setup Java 21: success
- Post Checkout repository: success
- Complete job: success

Warning: Medium severity vulnerability detected review required
Workflow result: completed successfully with non-critical warnings
Deployment recommendation: manual review required","MEDIUM"
"Workflow run ID: 70000000287
Workflow: Maven Build Pipeline
Event: push
Status: completed
Conclusion: success
Branch: hotfix/build-fix
Jobs created: 1
Duration seconds: 378

Job: build
Job status: completed
Job conclusion: success
Runner: GitHub Actions 1823376949
Steps:
- Set up job: success
- Checkout repository: success
- Setup Java 21: success
- Compile application: success
- Run Unit Tests: success
- Run Integration Tests: success
- Build Docker Image: success
- Post Setup Java 21: success
- Post Checkout repository: success
- Complete job: success

Workflow result: all required stages completed successfully
Deployment recommendation: proceed","LOW"
"Workflow run ID: 80000000225
Workflow: Kubernetes Deployment Pipeline
Event: workflow_dispatch
Status: completed
Conclusion: success
Branch: develop
Jobs created: 1
Duration seconds: 590

Job: build
Job status: completed
Job conclusion: success
Runner: GitHub Actions 1233950149
Steps:
- Set up job: success
- Checkout repository: success
- Setup Java 21: success
- Build Project: success
- Run Unit Tests: success
- Manual deployment approval required: success
- Package Application: success
- Post Setup Java 21: success
- Post Checkout repository: success
- Complete job: success

Warning: Manual deployment approval required
Workflow result: completed successfully with non-critical warnings
Deployment recommendation: manual review required","MEDIUM"
"Workflow run ID: 90000000257
Workflow: Spring Boot CI
Event: pull_request
Status: completed
Conclusion: failure
Branch: develop
Jobs created: 1
Duration seconds: 411

Job: build
Job status: completed
Job conclusion: failure
Runner: GitHub Actions 1440908962
Steps:
- Set up job: success
- Checkout repository: success
- Setup Java 21: success
- Resolve Maven dependencies: success
- Compile application: success
- Run Unit Tests: success
- Run Integration Tests: success
- Build Docker Image: failure
- Deploy to Staging: skipped
- Application Health Check: skipped
- Upload diagnostic reports: success
- Post Setup Java 21: success
- Post Checkout repository: success
- Complete job: success

Error: Docker build failed because base image was not found
Process completed with exit code 1
Workflow result: pipeline failed
Deployment recommendation: stop deployment","HIGH"
"Workflow run ID: 70000000082
Workflow: Cloud Native CI/CD
Event: workflow_dispatch
Status: completed
Conclusion: success
Branch: release
Jobs created: 1
Duration seconds: 330

Job: build
Job status: completed
Job conclusion: success
Runner: GitHub Actions 1797791087
Steps:
- Set up job: success
- Checkout repository: success
- Setup Java 21: success
- Build Docker Image: success
- Push Docker Image: success
- Deploy to Staging: success
- Application Health Check: success
- Post Setup Java 21: success
- Post Checkout repository: success
- Complete job: success

Workflow result: all required stages completed successfully
Deployment recommendation: proceed","LOW"
"Workflow run ID: 90000000293
Workflow: Maven Build Pipeline
Event: pull_request
Status: completed
Conclusion: failure
Branch: release
Jobs created: 1
Duration seconds: 27

Job: build
Job status: completed
Job conclusion: failure
Runner: GitHub Actions 1757215269
Steps:
- Set up job: success
- Checkout repository: success
- Setup Java 21: success
- Resolve Maven dependencies: success
- Compile application: success
- Run Unit Tests: success
- Run Integration Tests: failure
- Build Docker Image: skipped
- Deploy to Staging: skipped
- Application Health Check: skipped
- Upload diagnostic reports: success
- Post Setup Java 21: success
- Post Checkout repository: success
- Complete job: success

Error: Integration tests failed connection refused
Process completed with exit code 1
Workflow result: pipeline failed
Deployment recommendation: stop deployment","HIGH"
"Workflow run ID: 70000000094
Workflow: Java CI Build
Event: pull_request
Status: completed
Conclusion: success
Branch: main
Jobs created: 1
Duration seconds: 68

Job: build
Job status: completed
Job conclusion: success
Runner: GitHub Actions 1507230731
Steps:
- Set up job: success
- Checkout repository: success
- Setup Java 21: success
- Build Docker Image: success
- Push Docker Image: success
- Deploy to Staging: success
- Application Health Check: success
- Post Setup Java 21: success
- Post Checkout repository: success
- Complete job: success

Workflow result: all required stages completed successfully
Deployment recommendation: proceed","LOW"
"Workflow run ID: 70000000154
Workflow: Kubernetes Deployment Pipeline
Event: push
Status: completed
Conclusion: success
Branch: hotfix/build-fix
Jobs created: 1
Duration seconds: 411

Job: build
Job status: completed
Job conclusion: success
Runner: GitHub Actions 1051435289
Steps:
- Set up job: success
- Checkout repository: success
- Setup Java 21: success
- Maven Build: success
- Run Unit Tests: success
- SonarQube Analysis: success
- Complete Build: success
- Post Setup Java 21: success
- Post Checkout repository: success
- Complete job: success

Workflow result: all required stages completed successfully
Deployment recommendation: proceed","LOW"
"Workflow run ID: 70000000236
Workflow: Docker Build and Deploy
Event: workflow_dispatch
Status: completed
Conclusion: success
Branch: release
Jobs created: 1
Duration seconds: 289

Job: build
Job status: completed
Job conclusion: success
Runner: GitHub Actions 1946685986
Steps:
- Set up job: success
- Checkout repository: success
- Setup Java 21: success
- Maven Build: success
- Run Unit Tests: success
- SonarQube Analysis: success
- Complete Build: success
- Post Setup Java 21: success
- Post Checkout repository: success
- Complete job: success

Workflow result: all required stages completed successfully
Deployment recommendation: proceed","LOW"
"Workflow run ID: 90000000310
Workflow: Cloud Native CI/CD
Event: push
Status: completed
Conclusion: failure
Branch: release
Jobs created: 1
Duration seconds: 145

Job: build
Job status: completed
Job conclusion: failure
Runner: GitHub Actions 1016899779
Steps:
- Set up job: success
- Checkout repository: success
- Setup Java 21: success
- Resolve Maven dependencies: failure
- Compile application: skipped
- Run Unit Tests: skipped
- Run Integration Tests: skipped
- Build Docker Image: skipped
- Deploy to Staging: skipped
- Application Health Check: skipped
- Upload diagnostic reports: success
- Post Setup Java 21: success
- Post Checkout repository: success
- Complete job: success

Error: Maven build failed due to unresolved dependency
Process completed with exit code 1
Workflow result: pipeline failed
Deployment recommendation: stop deployment","HIGH"
"Workflow run ID: 80000000119
Workflow: Docker Build and Deploy
Event: pull_request
Status: completed
Conclusion: success
Branch: develop
Jobs created: 1
Duration seconds: 449

Job: build
Job status: completed
Job conclusion: success
Runner: GitHub Actions 1662318766
Steps:
- Set up job: success
- Checkout repository: success
- Setup Java 21: success
- Build Project: success
- Run Unit Tests: success
- Build duration above expected threshold performance review required: success
- Build Docker Image: success
- Post Setup Java 21: success
- Post Checkout repository: success
- Complete job: success

Warning: Build duration above expected threshold performance review required
Workflow result: completed successfully with non-critical warnings
Deployment recommendation: manual review required","MEDIUM"
"Workflow run ID: 90000000196
Workflow: Spring Boot CI
Event: push
Status: completed
Conclusion: failure
Branch: release
Jobs created: 1
Duration seconds: 154

Job: build
Job status: completed
Job conclusion: failure
Runner: GitHub Actions 1935422922
Steps:
- Set up job: success
- Checkout repository: success
- Setup Java 21: success
- Resolve Maven dependencies: success
- Compile application: success
- Run Unit Tests: success
- Run Integration Tests: success
- Build Docker Image: success
- Deploy to Staging: success
- Application Health Check: success
- Database Migration: failure
- Upload diagnostic reports: success
- Post Setup Java 21: success
- Post Checkout repository: success
- Complete job: success

Error: Database migration failed and deployment was stopped
Process completed with exit code 1
Workflow result: pipeline failed
Deployment recommendation: stop deployment","HIGH"
"Workflow run ID: 80000000329
Workflow: Docker Build and Deploy
Event: workflow_dispatch
Status: completed
Conclusion: success
Branch: feature/risk-analysis
Jobs created: 1
Duration seconds: 231

Job: build
Job status: completed
Job conclusion: success
Runner: GitHub Actions 1479322045
Steps:
- Set up job: success
- Checkout repository: success
- Setup Java 21: success
- Build Project: success
- Run Unit Tests: success
- Memory usage warning detected during compilation: success
- Package Application: success
- Post Setup Java 21: success
- Post Checkout repository: success
- Complete job: success

Warning: Memory usage warning detected during compilation
Workflow result: completed successfully with non-critical warnings
Deployment recommendation: manual review required","MEDIUM"
"Workflow run ID: 80000000201
Workflow: Cloud Native CI/CD
Event: workflow_dispatch
Status: completed
Conclusion: success
Branch: release
Jobs created: 1
Duration seconds: 174

Job: build
Job status: completed
Job conclusion: success
Runner: GitHub Actions 1502782700
Steps:
- Set up job: success
- Checkout repository: success
- Setup Java 21: success
- Build Project: success
- Run Unit Tests: success
- Code coverage below threshold manual review required: success
- Package Application: success
- Post Setup Java 21: success
- Post Checkout repository: success
- Complete job: success

Warning: Code coverage below threshold manual review required
Workflow result: completed successfully with non-critical warnings
Deployment recommendation: manual review required","MEDIUM"
"Workflow run ID: 90000000146
Workflow: Cloud Native CI/CD
Event: push
Status: completed
Conclusion: failure
Branch: develop
Jobs created: 1
Duration seconds: 143

Job: build
Job status: completed
Job conclusion: failure
Runner: GitHub Actions 1028746589
Steps:
- Set up job: success
- Checkout repository: success
- Setup Java 21: success
- Resolve Maven dependencies: success
- Compile application: failure
- Run Unit Tests: skipped
- Run Integration Tests: skipped
- Build Docker Image: skipped
- Deploy to Staging: skipped
- Application Health Check: skipped
- Upload diagnostic reports: success
- Post Setup Java 21: success
- Post Checkout repository: success
- Complete job: success

Error: Compilation failed because symbol could not be resolved
Process completed with exit code 1
Workflow result: pipeline failed
Deployment recommendation: stop deployment","HIGH"
"Workflow run ID: 70000000254
Workflow: Maven Build Pipeline
Event: push
Status: completed
Conclusion: success
Branch: develop
Jobs created: 1
Duration seconds: 385

Job: build
Job status: completed
Job conclusion: success
Runner: GitHub Actions 1355429065
Steps:
- Set up job: success
- Checkout repository: success
- Setup Java 21: success
- Compile application: success
- Run Unit Tests: success
- Run Integration Tests: success
- Build Docker Image: success
- Post Setup Java 21: success
- Post Checkout repository: success
- Complete job: success

Workflow result: all required stages completed successfully
Deployment recommendation: proceed","LOW"
"Workflow run ID: 90000000071
Workflow: Kubernetes Deployment Pipeline
Event: workflow_dispatch
Status: completed
Conclusion: failure
Branch: feature/risk-analysis
Jobs created: 1
Duration seconds: 91

Job: build
Job status: completed
Job conclusion: failure
Runner: GitHub Actions 1755691270
Steps:
- Set up job: success
- Checkout repository: success
- Setup Java 21: success
- Resolve Maven dependencies: success
- Compile application: success
- Run Unit Tests: success
- Run Integration Tests: success
- Build Docker Image: success
- Deploy to Staging: success
- Application Health Check: failure
- Upload diagnostic reports: success
- Post Setup Java 21: success
- Post Checkout repository: success
- Complete job: success

Error: Health check failed after deployment
Process completed with exit code 1
Workflow result: pipeline failed
Deployment recommendation: stop deployment","HIGH"
"Workflow run ID: 80000000304
Workflow: Maven Build Pipeline
Event: pull_request
Status: completed
Conclusion: success
Branch: main
Jobs created: 1
Duration seconds: 229

Job: build
Job status: completed
Job conclusion: success
Runner: GitHub Actions 1144646432
Steps:
- Set up job: success
- Checkout repository: success
- Setup Java 21: success
- Build Project: success
- Run Unit Tests: success
- Docker image size exceeded recommended limit: success
- Deploy to Staging: success
- Post Setup Java 21: success
- Post Checkout repository: success
- Complete job: success

Warning: Docker image size exceeded recommended limit
Workflow result: completed successfully with non-critical warnings
Deployment recommendation: manual review required","MEDIUM"
"Workflow run ID: 70000000117
Workflow: Kubernetes Deployment Pipeline
Event: push
Status: completed
Conclusion: success
Branch: main
Jobs created: 1
Duration seconds: 142

Job: build
Job status: completed
Job conclusion: success
Runner: GitHub Actions 1629338220
Steps:
- Set up job: success
- Checkout repository: success
- Setup Java 21: success
- Build Docker Image: success
- Push Docker Image: success
- Deploy to Staging: success
- Application Health Check: success
- Post Setup Java 21: success
- Post Checkout repository: success
- Complete job: success

Workflow result: all required stages completed successfully
Deployment recommendation: proceed","LOW"
"Workflow run ID: 70000000091
Workflow: Docker Build and Deploy
Event: push
Status: completed
Conclusion: success
Branch: main
Jobs created: 1
Duration seconds: 370

Job: build
Job status: completed
Job conclusion: success
Runner: GitHub Actions 1039175576
Steps:
- Set up job: success
- Checkout repository: success
- Setup Java 21: success
- Build Project: success
- Run Unit Tests: success
- Code Coverage Check: success
- Package Application: success
- Post Setup Java 21: success
- Post Checkout repository: success
- Complete job: success

Workflow result: all required stages completed successfully
Deployment recommendation: proceed","LOW"
"Workflow run ID: 70000000027
Workflow: Cloud Native CI/CD
Event: pull_request
Status: completed
Conclusion: success
Branch: release
Jobs created: 1
Duration seconds: 224

Job: build
Job status: completed
Job conclusion: success
Runner: GitHub Actions 1100953043
Steps:
- Set up job: success
- Checkout repository: success
- Setup Java 21: success
- Compile application: success
- Run Unit Tests: success
- Run Integration Tests: success
- Build Docker Image: success
- Post Setup Java 21: success
- Post Checkout repository: success
- Complete job: success

Workflow result: all required stages completed successfully
Deployment recommendation: proceed","LOW"
"Workflow run ID: 90000000305
Workflow: Kubernetes Deployment Pipeline
Event: push
Status: completed
Conclusion: failure
Branch: main
Jobs created: 1
Duration seconds: 80

Job: build
Job status: completed
Job conclusion: failure
Runner: GitHub Actions 1066923828
Steps:
- Set up job: success
- Checkout repository: success
- Setup Java 21: success
- Resolve Maven dependencies: success
- Compile application: success
- Run Unit Tests: success
- Run Integration Tests: success
- Build Docker Image: success
- Deploy to Staging: success
- Application Health Check: success
- Kubernetes Deployment: failure
- Upload diagnostic reports: success
- Post Setup Java 21: success
- Post Checkout repository: success
- Complete job: success

Error: Kubernetes deployment failed with ImagePullBackOff
Process completed with exit code 1
Workflow result: pipeline failed
Deployment recommendation: stop deployment","HIGH"
"Workflow run ID: 70000000126
Workflow: Kubernetes Deployment Pipeline
Event: push
Status: completed
Conclusion: success
Branch: feature/risk-analysis
Jobs created: 1
Duration seconds: 297

Job: build
Job status: completed
Job conclusion: success
Runner: GitHub Actions 1192098487
Steps:
- Set up job: success
- Checkout repository: success
- Setup Java 21: success
- Build Project: success
- Dependency Scan: success
- Security Scan: success
- Publish Artifact: success
- Post Setup Java 21: success
- Post Checkout repository: success
- Complete job: success

Workflow result: all required stages completed successfully
Deployment recommendation: proceed","LOW"
"Workflow run ID: 70000000121
Workflow: Spring Boot CI
Event: workflow_dispatch
Status: completed
Conclusion: success
Branch: main
Jobs created: 1
Duration seconds: 443

Job: build
Job status: completed
Job conclusion: success
Runner: GitHub Actions 1329572436
Steps:
- Set up job: success
- Checkout repository: success
- Setup Java 21: success
- Build Project: success
- Dependency Scan: success
- Security Scan: success
- Publish Artifact: success
- Post Setup Java 21: success
- Post Checkout repository: success
- Complete job: success

Workflow result: all required stages completed successfully
Deployment recommendation: proceed","LOW"
"Workflow run ID: 70000000079
Workflow: Spring Boot CI
Event: push
Status: completed
Conclusion: success
Branch: release
Jobs created: 1
Duration seconds: 46

Job: build
Job status: completed
Job conclusion: success
Runner: GitHub Actions 1922357013
Steps:
- Set up job: success
- Checkout repository: success
- Setup Java 21: success
- Build Project: success
- Dependency Scan: success
- Security Scan: success
- Publish Artifact: success
- Post Setup Java 21: success
- Post Checkout repository: success
- Complete job: success

Workflow result: all required stages completed successfully
Deployment recommendation: proceed","LOW"
"Workflow run ID: 70000000043
Workflow: Spring Boot CI
Event: workflow_dispatch
Status: completed
Conclusion: success
Branch: develop
Jobs created: 1
Duration seconds: 92

Job: build
Job status: completed
Job conclusion: success
Runner: GitHub Actions 1089513825
Steps:
- Set up job: success
- Checkout repository: success
- Setup Java 21: success
- Build Project: success
- Dependency Scan: success
- Security Scan: success
- Publish Artifact: success
- Post Setup Java 21: success
- Post Checkout repository: success
- Complete job: success

Workflow result: all required stages completed successfully
Deployment recommendation: proceed","LOW"
"Workflow run ID: 90000000166
Workflow: Cloud Native CI/CD
Event: workflow_dispatch
Status: completed
Conclusion: failure
Branch: main
Jobs created: 1
Duration seconds: 327

Job: build
Job status: completed
Job conclusion: failure
Runner: GitHub Actions 1775086394
Steps:
- Set up job: success
- Checkout repository: success
- Setup Java 21: success
- Resolve Maven dependencies: success
- Compile application: success
- Run Unit Tests: success
- Run Integration Tests: success
- Build Docker Image: success
- Deploy to Staging: success
- Application Health Check: failure
- Upload diagnostic reports: success
- Post Setup Java 21: success
- Post Checkout repository: success
- Complete job: success

Error: Health check failed after deployment
Process completed with exit code 1
Workflow result: pipeline failed
Deployment recommendation: stop deployment","HIGH"
"Workflow run ID: 80000000056
Workflow: Maven Build Pipeline
Event: workflow_dispatch
Status: completed
Conclusion: success
Branch: hotfix/build-fix
Jobs created: 1
Duration seconds: 316

Job: build
Job status: completed
Job conclusion: success
Runner: GitHub Actions 1826560603
Steps:
- Set up job: success
- Checkout repository: success
- Setup Java 21: success
- Build Project: success
- Run Unit Tests: success
- Staging health check intermittent response detected: success
- Build Docker Image: success
- Post Setup Java 21: success
- Post Checkout repository: success
- Complete job: success

Warning: Staging health check intermittent response detected
Workflow result: completed successfully with non-critical warnings
Deployment recommendation: manual review required","MEDIUM"
"Workflow run ID: 90000000223
Workflow: Maven Build Pipeline
Event: workflow_dispatch
Status: completed
Conclusion: failure
Branch: develop
Jobs created: 1
Duration seconds: 233

Job: build
Job status: completed
Job conclusion: failure
Runner: GitHub Actions 1777873718
Steps:
- Set up job: success
- Checkout repository: success
- Setup Java 21: success
- Resolve Maven dependencies: success
- Compile application: success
- Run Unit Tests: success
- Run Integration Tests: success
- Build Docker Image: success
- Deploy to Staging: success
- Application Health Check: failure
- Upload diagnostic reports: success
- Post Setup Java 21: success
- Post Checkout repository: success
- Complete job: success

Error: Health check failed after deployment
Process completed with exit code 1
Workflow result: pipeline failed
Deployment recommendation: stop deployment","HIGH"
"Workflow run ID: 90000000314
Workflow: Docker Build and Deploy
Event: pull_request
Status: completed
Conclusion: failure
Branch: feature/risk-analysis
Jobs created: 1
Duration seconds: 212

Job: build
Job status: completed
Job conclusion: failure
Runner: GitHub Actions 1686267721
Steps:
- Set up job: success
- Checkout repository: success
- Setup Java 21: success
- Resolve Maven dependencies: success
- Compile application: success
- Run Unit Tests: success
- Run Integration Tests: success
- Build Docker Image: success
- Deploy to Staging: success
- Application Health Check: success
- Database Migration: failure
- Upload diagnostic reports: success
- Post Setup Java 21: success
- Post Checkout repository: success
- Complete job: success

Error: Database migration failed and deployment was stopped
Process completed with exit code 1
Workflow result: pipeline failed
Deployment recommendation: stop deployment","HIGH"
"Workflow run ID: 70000000006
Workflow: Spring Boot CI
Event: workflow_dispatch
Status: completed
Conclusion: success
Branch: main
Jobs created: 1
Duration seconds: 78

Job: build
Job status: completed
Job conclusion: success
Runner: GitHub Actions 1512238529
Steps:
- Set up job: success
- Checkout repository: success
- Setup Java 21: success
- Build Docker Image: success
- Push Docker Image: success
- Deploy to Staging: success
- Application Health Check: success
- Post Setup Java 21: success
- Post Checkout repository: success
- Complete job: success

Workflow result: all required stages completed successfully
Deployment recommendation: proceed","LOW"
"Workflow run ID: 80000000151
Workflow: Spring Boot CI
Event: pull_request
Status: completed
Conclusion: success
Branch: feature/risk-analysis
Jobs created: 1
Duration seconds: 581

Job: build
Job status: completed
Job conclusion: success
Runner: GitHub Actions 1731908013
Steps:
- Set up job: success
- Checkout repository: success
- Setup Java 21: success
- Build Project: success
- Run Unit Tests: success
- Deprecated dependency detected upgrade recommended: success
- Deploy to Staging: success
- Post Setup Java 21: success
- Post Checkout repository: success
- Complete job: success

Warning: Deprecated dependency detected upgrade recommended
Workflow result: completed successfully with non-critical warnings
Deployment recommendation: manual review required","MEDIUM"
"Workflow run ID: 70000000299
Workflow: Cloud Native CI/CD
Event: pull_request
Status: completed
Conclusion: success
Branch: develop
Jobs created: 1
Duration seconds: 177

Job: build
Job status: completed
Job conclusion: success
Runner: GitHub Actions 1724735306
Steps:
- Set up job: success
- Checkout repository: success
- Setup Java 21: success
- Maven Build: success
- Run Unit Tests: success
- SonarQube Analysis: success
- Complete Build: success
- Post Setup Java 21: success
- Post Checkout repository: success
- Complete job: success

Workflow result: all required stages completed successfully
Deployment recommendation: proceed","LOW"
"Workflow run ID: 90000000054
Workflow: Docker Build and Deploy
Event: workflow_dispatch
Status: completed
Conclusion: failure
Branch: main
Jobs created: 1
Duration seconds: 413

Job: build
Job status: completed
Job conclusion: failure
Runner: GitHub Actions 1006604001
Steps:
- Set up job: success
- Checkout repository: success
- Setup Java 21: success
- Resolve Maven dependencies: failure
- Compile application: skipped
- Run Unit Tests: skipped
- Run Integration Tests: skipped
- Build Docker Image: skipped
- Deploy to Staging: skipped
- Application Health Check: skipped
- Upload diagnostic reports: success
- Post Setup Java 21: success
- Post Checkout repository: success
- Complete job: success

Error: Maven build failed due to unresolved dependency
Process completed with exit code 1
Workflow result: pipeline failed
Deployment recommendation: stop deployment","HIGH"
"Workflow run ID: 80000000067
Workflow: Docker Build and Deploy
Event: workflow_dispatch
Status: completed
Conclusion: success
Branch: develop
Jobs created: 1
Duration seconds: 286

Job: build
Job status: completed
Job conclusion: success
Runner: GitHub Actions 1991879751
Steps:
- Set up job: success
- Checkout repository: success
- Setup Java 21: success
- Build Project: success
- Run Unit Tests: success
- Manual deployment approval required: success
- Deploy to Staging: success
- Post Setup Java 21: success
- Post Checkout repository: success
- Complete job: success

Warning: Manual deployment approval required
Workflow result: completed successfully with non-critical warnings
Deployment recommendation: manual review required","MEDIUM"
"Workflow run ID: 80000000035
Workflow: Java CI Build
Event: push
Status: completed
Conclusion: success
Branch: develop
Jobs created: 1
Duration seconds: 425

Job: build
Job status: completed
Job conclusion: success
Runner: GitHub Actions 1526492165
Steps:
- Set up job: success
- Checkout repository: success
- Setup Java 21: success
- Build Project: success
- Run Unit Tests: success
- Build duration above expected threshold performance review required: success
- Deploy to Staging: success
- Post Setup Java 21: success
- Post Checkout repository: success
- Complete job: success

Warning: Build duration above expected threshold performance review required
Workflow result: completed successfully with non-critical warnings
Deployment recommendation: manual review required","MEDIUM"
"Workflow run ID: 80000000002
Workflow: Kubernetes Deployment Pipeline
Event: workflow_dispatch
Status: completed
Conclusion: success
Branch: hotfix/build-fix
Jobs created: 1
Duration seconds: 480

Job: build
Job status: completed
Job conclusion: success
Runner: GitHub Actions 1975387367
Steps:
- Set up job: success
- Checkout repository: success
- Setup Java 21: success
- Build Project: success
- Run Unit Tests: success
- Flaky tests detected retry passed manual review required: success
- Deploy to Staging: success
- Post Setup Java 21: success
- Post Checkout repository: success
- Complete job: success

Warning: Flaky tests detected retry passed manual review required
Workflow result: completed successfully with non-critical warnings
Deployment recommendation: manual review required","MEDIUM"
"Workflow run ID: 70000000205
Workflow: Cloud Native CI/CD
Event: pull_request
Status: completed
Conclusion: success
Branch: release
Jobs created: 1
Duration seconds: 433

Job: build
Job status: completed
Job conclusion: success
Runner: GitHub Actions 1437208395
Steps:
- Set up job: success
- Checkout repository: success
- Setup Java 21: success
- Build Project: success
- Dependency Scan: success
- Security Scan: success
- Publish Artifact: success
- Post Setup Java 21: success
- Post Checkout repository: success
- Complete job: success

Workflow result: all required stages completed successfully
Deployment recommendation: proceed","LOW"
"Workflow run ID: 80000000028
Workflow: Maven Build Pipeline
Event: pull_request
Status: completed
Conclusion: success
Branch: develop
Jobs created: 1
Duration seconds: 246

Job: build
Job status: completed
Job conclusion: success
Runner: GitHub Actions 1463197729
Steps:
- Set up job: success
- Checkout repository: success
- Setup Java 21: success
- Build Project: success
- Run Unit Tests: success
- Flaky tests detected retry passed manual review required: success
- Deploy to Staging: success
- Post Setup Java 21: success
- Post Checkout repository: success
- Complete job: success

Warning: Flaky tests detected retry passed manual review required
Workflow result: completed successfully with non-critical warnings
Deployment recommendation: manual review required","MEDIUM"
"Workflow run ID: 90000000035
Workflow: Java CI Build
Event: pull_request
Status: completed
Conclusion: failure
Branch: feature/risk-analysis
Jobs created: 1
Duration seconds: 383

Job: build
Job status: completed
Job conclusion: failure
Runner: GitHub Actions 1005574624
Steps:
- Set up job: success
- Checkout repository: success
- Setup Java 21: success
- Resolve Maven dependencies: success
- Compile application: success
- Run Unit Tests: success
- Run Integration Tests: failure
- Build Docker Image: skipped
- Deploy to Staging: skipped
- Application Health Check: skipped
- Upload diagnostic reports: success
- Post Setup Java 21: success
- Post Checkout repository: success
- Complete job: success

Error: Integration tests failed connection refused
Process completed with exit code 1
Workflow result: pipeline failed
Deployment recommendation: stop deployment","HIGH"
"Workflow run ID: 90000000029
Workflow: Cloud Native CI/CD
Event: push
Status: completed
Conclusion: failure
Branch: hotfix/build-fix
Jobs created: 1
Duration seconds: 101

Job: build
Job status: completed
Job conclusion: failure
Runner: GitHub Actions 1147354913
Steps:
- Set up job: success
- Checkout repository: success
- Setup Java 21: success
- Resolve Maven dependencies: success
- Compile application: success
- Run Unit Tests: failure
- Run Integration Tests: skipped
- Build Docker Image: skipped
- Deploy to Staging: skipped
- Application Health Check: skipped
- Upload diagnostic reports: success
- Post Setup Java 21: success
- Post Checkout repository: success
- Complete job: success

Error: Unit tests failed with assertion errors
Process completed with exit code 1
Workflow result: pipeline failed
Deployment recommendation: stop deployment","HIGH"
"Workflow run ID: 90000000068
Workflow: Spring Boot CI
Event: pull_request
Status: completed
Conclusion: failure
Branch: develop
Jobs created: 1
Duration seconds: 57

Job: build
Job status: completed
Job conclusion: failure
Runner: GitHub Actions 1151296171
Steps:
- Set up job: success
- Checkout repository: success
- Setup Java 21: success
- Resolve Maven dependencies: success
- Compile application: success
- Run Unit Tests: success
- Run Integration Tests: success
- Build Docker Image: success
- Deploy to Staging: success
- Application Health Check: success
- Kubernetes Deployment: failure
- Upload diagnostic reports: success
- Post Setup Java 21: success
- Post Checkout repository: success
- Complete job: success

Error: Kubernetes deployment failed with ImagePullBackOff
Process completed with exit code 1
Workflow result: pipeline failed
Deployment recommendation: stop deployment","HIGH"
"Workflow run ID: 90000000008
Workflow: Java CI Build
Event: pull_request
Status: completed
Conclusion: failure
Branch: develop
Jobs created: 1
Duration seconds: 223

Job: build
Job status: completed
Job conclusion: failure
Runner: GitHub Actions 1660209439
Steps:
- Set up job: success
- Checkout repository: success
- Setup Java 21: success
- Resolve Maven dependencies: success
- Compile application: success
- Run Unit Tests: success
- Run Integration Tests: success
- Build Docker Image: success
- Deploy to Staging: success
- Application Health Check: success
- Database Migration: failure
- Upload diagnostic reports: success
- Post Setup Java 21: success
- Post Checkout repository: success
- Complete job: success

Error: Database migration failed and deployment was stopped
Process completed with exit code 1
Workflow result: pipeline failed
Deployment recommendation: stop deployment","HIGH"
"Workflow run ID: 70000000317
Workflow: Spring Boot CI
Event: push
Status: completed
Conclusion: success
Branch: develop
Jobs created: 1
Duration seconds: 421

Job: build
Job status: completed
Job conclusion: success
Runner: GitHub Actions 1347991876
Steps:
- Set up job: success
- Checkout repository: success
- Setup Java 21: success
- Compile application: success
- Run Unit Tests: success
- Run Integration Tests: success
- Build Docker Image: success
- Post Setup Java 21: success
- Post Checkout repository: success
- Complete job: success

Workflow result: all required stages completed successfully
Deployment recommendation: proceed","LOW"
"Workflow run ID: 70000000150
Workflow: Cloud Native CI/CD
Event: workflow_dispatch
Status: completed
Conclusion: success
Branch: develop
Jobs created: 1
Duration seconds: 95

Job: build
Job status: completed
Job conclusion: success
Runner: GitHub Actions 1917331494
Steps:
- Set up job: success
- Checkout repository: success
- Setup Java 21: success
- Build Docker Image: success
- Push Docker Image: success
- Deploy to Staging: success
- Application Health Check: success
- Post Setup Java 21: success
- Post Checkout repository: success
- Complete job: success

Workflow result: all required stages completed successfully
Deployment recommendation: proceed","LOW"
"Workflow run ID: 90000000049
Workflow: Spring Boot CI
Event: pull_request
Status: completed
Conclusion: failure
Branch: hotfix/build-fix
Jobs created: 1
Duration seconds: 129

Job: build
Job status: completed
Job conclusion: failure
Runner: GitHub Actions 1347979814
Steps:
- Set up job: success
- Checkout repository: success
- Setup Java 21: success
- Resolve Maven dependencies: success
- Compile application: success
- Run Unit Tests: success
- Run Integration Tests: success
- Build Docker Image: success
- Deploy to Staging: success
- Application Health Check: success
- Kubernetes Deployment: failure
- Upload diagnostic reports: success
- Post Setup Java 21: success
- Post Checkout repository: success
- Complete job: success

Error: Kubernetes deployment failed with ImagePullBackOff
Process completed with exit code 1
Workflow result: pipeline failed
Deployment recommendation: stop deployment","HIGH"
"Workflow run ID: 90000000295
Workflow: Kubernetes Deployment Pipeline
Event: pull_request
Status: completed
Conclusion: failure
Branch: main
Jobs created: 1
Duration seconds: 154

Job: build
Job status: completed
Job conclusion: failure
Runner: GitHub Actions 1580156282
Steps:
- Set up job: success
- Checkout repository: success
- Setup Java 21: success
- Resolve Maven dependencies: success
- Compile application: success
- Run Unit Tests: success
- Run Integration Tests: success
- Build Docker Image: success
- Deploy to Staging: success
- Application Health Check: success
- Security Scan: failure
- Upload diagnostic reports: success
- Post Setup Java 21: success
- Post Checkout repository: success
- Complete job: success

Error: Critical vulnerabilities detected deployment blocked
Process completed with exit code 1
Workflow result: pipeline failed
Deployment recommendation: stop deployment","HIGH"
"Workflow run ID: 70000000135
Workflow: Spring Boot CI
Event: pull_request
Status: completed
Conclusion: success
Branch: develop
Jobs created: 1
Duration seconds: 346

Job: build
Job status: completed
Job conclusion: success
Runner: GitHub Actions 1783952815
Steps:
- Set up job: success
- Checkout repository: success
- Setup Java 21: success
- Compile application: success
- Run Unit Tests: success
- Run Integration Tests: success
- Build Docker Image: success
- Post Setup Java 21: success
- Post Checkout repository: success
- Complete job: success

Workflow result: all required stages completed successfully
Deployment recommendation: proceed","LOW"
"Workflow run ID: 90000000107
Workflow: Java CI Build
Event: workflow_dispatch
Status: completed
Conclusion: failure
Branch: feature/risk-analysis
Jobs created: 1
Duration seconds: 222

Job: build
Job status: completed
Job conclusion: failure
Runner: GitHub Actions 1361366344
Steps:
- Set up job: success
- Checkout repository: success
- Setup Java 21: success
- Resolve Maven dependencies: success
- Compile application: failure
- Run Unit Tests: skipped
- Run Integration Tests: skipped
- Build Docker Image: skipped
- Deploy to Staging: skipped
- Application Health Check: skipped
- Upload diagnostic reports: success
- Post Setup Java 21: success
- Post Checkout repository: success
- Complete job: success

Error: Compilation failed because symbol could not be resolved
Process completed with exit code 1
Workflow result: pipeline failed
Deployment recommendation: stop deployment","HIGH"
"Workflow run ID: 70000000200
Workflow: Spring Boot CI
Event: workflow_dispatch
Status: completed
Conclusion: success
Branch: hotfix/build-fix
Jobs created: 1
Duration seconds: 168

Job: build
Job status: completed
Job conclusion: success
Runner: GitHub Actions 1902474984
Steps:
- Set up job: success
- Checkout repository: success
- Setup Java 21: success
- Build Docker Image: success
- Push Docker Image: success
- Deploy to Staging: success
- Application Health Check: success
- Post Setup Java 21: success
- Post Checkout repository: success
- Complete job: success

Workflow result: all required stages completed successfully
Deployment recommendation: proceed","LOW"
"Workflow run ID: 70000000327
Workflow: Maven Build Pipeline
Event: workflow_dispatch
Status: completed
Conclusion: success
Branch: hotfix/build-fix
Jobs created: 1
Duration seconds: 263

Job: build
Job status: completed
Job conclusion: success
Runner: GitHub Actions 1986881708
Steps:
- Set up job: success
- Checkout repository: success
- Setup Java 21: success
- Build Project: success
- Dependency Scan: success
- Security Scan: success
- Publish Artifact: success
- Post Setup Java 21: success
- Post Checkout repository: success
- Complete job: success

Workflow result: all required stages completed successfully
Deployment recommendation: proceed","LOW"
"Workflow run ID: 70000000199
Workflow: Maven Build Pipeline
Event: workflow_dispatch
Status: completed
Conclusion: success
Branch: hotfix/build-fix
Jobs created: 1
Duration seconds: 516

Job: build
Job status: completed
Job conclusion: success
Runner: GitHub Actions 1734456715
Steps:
- Set up job: success
- Checkout repository: success
- Setup Java 21: success
- Build Project: success
- Dependency Scan: success
- Security Scan: success
- Publish Artifact: success
- Post Setup Java 21: success
- Post Checkout repository: success
- Complete job: success

Workflow result: all required stages completed successfully
Deployment recommendation: proceed","LOW"
"Workflow run ID: 80000000271
Workflow: Kubernetes Deployment Pipeline
Event: workflow_dispatch
Status: completed
Conclusion: success
Branch: develop
Jobs created: 1
Duration seconds: 108

Job: build
Job status: completed
Job conclusion: success
Runner: GitHub Actions 1019236208
Steps:
- Set up job: success
- Checkout repository: success
- Setup Java 21: success
- Build Project: success
- Run Unit Tests: success
- Staging health check intermittent response detected: success
- Deploy to Staging: success
- Post Setup Java 21: success
- Post Checkout repository: success
- Complete job: success

Warning: Staging health check intermittent response detected
Workflow result: completed successfully with non-critical warnings
Deployment recommendation: manual review required","MEDIUM"
"Workflow run ID: 90000000009
Workflow: Docker Build and Deploy
Event: push
Status: completed
Conclusion: failure
Branch: main
Jobs created: 1
Duration seconds: 264

Job: build
Job status: completed
Job conclusion: failure
Runner: GitHub Actions 1350937049
Steps:
- Set up job: success
- Checkout repository: success
- Setup Java 21: success
- Resolve Maven dependencies: success
- Compile application: success
- Run Unit Tests: success
- Run Integration Tests: success
- Build Docker Image: success
- Deploy to Staging: failure
- Application Health Check: skipped
- Upload diagnostic reports: success
- Post Setup Java 21: success
- Post Checkout repository: success
- Complete job: success

Error: Deployment failed because service was unavailable
Process completed with exit code 1
Workflow result: pipeline failed
Deployment recommendation: stop deployment","HIGH"
"Workflow run ID: 70000000003
Workflow: Spring Boot CI
Event: pull_request
Status: completed
Conclusion: success
Branch: hotfix/build-fix
Jobs created: 1
Duration seconds: 336

Job: build
Job status: completed
Job conclusion: success
Runner: GitHub Actions 1635863035
Steps:
- Set up job: success
- Checkout repository: success
- Setup Java 21: success
- Maven Build: success
- Run Unit Tests: success
- SonarQube Analysis: success
- Complete Build: success
- Post Setup Java 21: success
- Post Checkout repository: success
- Complete job: success

Workflow result: all required stages completed successfully
Deployment recommendation: proceed","LOW"
"Workflow run ID: 80000000060
Workflow: Docker Build and Deploy
Event: workflow_dispatch
Status: completed
Conclusion: success
Branch: release
Jobs created: 1
Duration seconds: 432

Job: build
Job status: completed
Job conclusion: success
Runner: GitHub Actions 1398262333
Steps:
- Set up job: success
- Checkout repository: success
- Setup Java 21: success
- Build Project: success
- Run Unit Tests: success
- Minor configuration warning detected during deployment: success
- Package Application: success
- Post Setup Java 21: success
- Post Checkout repository: success
- Complete job: success

Warning: Minor configuration warning detected during deployment
Workflow result: completed successfully with non-critical warnings
Deployment recommendation: manual review required","MEDIUM"
"Workflow run ID: 80000000188
Workflow: Cloud Native CI/CD
Event: workflow_dispatch
Status: completed
Conclusion: success
Branch: main
Jobs created: 1
Duration seconds: 534

Job: build
Job status: completed
Job conclusion: success
Runner: GitHub Actions 1561070164
Steps:
- Set up job: success
- Checkout repository: success
- Setup Java 21: success
- Build Project: success
- Run Unit Tests: success
- Flaky tests detected retry passed manual review required: success
- Package Application: success
- Post Setup Java 21: success
- Post Checkout repository: success
- Complete job: success

Warning: Flaky tests detected retry passed manual review required
Workflow result: completed successfully with non-critical warnings
Deployment recommendation: manual review required","MEDIUM"
"Workflow run ID: 70000000316
Workflow: Docker Build and Deploy
Event: workflow_dispatch
Status: completed
Conclusion: success
Branch: hotfix/build-fix
Jobs created: 1
Duration seconds: 322

Job: build
Job status: completed
Job conclusion: success
Runner: GitHub Actions 1565703712
Steps:
- Set up job: success
- Checkout repository: success
- Setup Java 21: success
- Build Project: success
- Dependency Scan: success
- Security Scan: success
- Publish Artifact: success
- Post Setup Java 21: success
- Post Checkout repository: success
- Complete job: success

Workflow result: all required stages completed successfully
Deployment recommendation: proceed","LOW"
"Workflow run ID: 90000000108
Workflow: Maven Build Pipeline
Event: push
Status: completed
Conclusion: failure
Branch: hotfix/build-fix
Jobs created: 1
Duration seconds: 139

Job: build
Job status: completed
Job conclusion: failure
Runner: GitHub Actions 1853713559
Steps:
- Set up job: success
- Checkout repository: success
- Setup Java 21: success
- Resolve Maven dependencies: success
- Compile application: success
- Run Unit Tests: success
- Run Integration Tests: failure
- Build Docker Image: skipped
- Deploy to Staging: skipped
- Application Health Check: skipped
- Upload diagnostic reports: success
- Post Setup Java 21: success
- Post Checkout repository: success
- Complete job: success

Error: Integration tests failed connection refused
Process completed with exit code 1
Workflow result: pipeline failed
Deployment recommendation: stop deployment","HIGH"
"Workflow run ID: 90000000102
Workflow: Java CI Build
Event: pull_request
Status: completed
Conclusion: failure
Branch: develop
Jobs created: 1
Duration seconds: 235

Job: build
Job status: completed
Job conclusion: failure
Runner: GitHub Actions 1173669579
Steps:
- Set up job: success
- Checkout repository: success
- Setup Java 21: success
- Resolve Maven dependencies: success
- Compile application: success
- Run Unit Tests: success
- Run Integration Tests: success
- Build Docker Image: success
- Deploy to Staging: failure
- Application Health Check: skipped
- Upload diagnostic reports: success
- Post Setup Java 21: success
- Post Checkout repository: success
- Complete job: success

Error: Deployment failed because service was unavailable
Process completed with exit code 1
Workflow result: pipeline failed
Deployment recommendation: stop deployment","HIGH"
"Workflow run ID: 90000000241
Workflow: Java CI Build
Event: workflow_dispatch
Status: completed
Conclusion: failure
Branch: develop
Jobs created: 1
Duration seconds: 158

Job: build
Job status: completed
Job conclusion: failure
Runner: GitHub Actions 1128544204
Steps:
- Set up job: success
- Checkout repository: success
- Setup Java 21: success
- Resolve Maven dependencies: success
- Compile application: success
- Run Unit Tests: failure
- Run Integration Tests: skipped
- Build Docker Image: skipped
- Deploy to Staging: skipped
- Application Health Check: skipped
- Upload diagnostic reports: success
- Post Setup Java 21: success
- Post Checkout repository: success
- Complete job: success

Error: Unit tests failed with assertion errors
Process completed with exit code 1
Workflow result: pipeline failed
Deployment recommendation: stop deployment","HIGH"
"Workflow run ID: 80000000164
Workflow: Docker Build and Deploy
Event: workflow_dispatch
Status: completed
Conclusion: success
Branch: hotfix/build-fix
Jobs created: 1
Duration seconds: 399

Job: build
Job status: completed
Job conclusion: success
Runner: GitHub Actions 1440478712
Steps:
- Set up job: success
- Checkout repository: success
- Setup Java 21: success
- Build Project: success
- Run Unit Tests: success
- Medium severity vulnerability detected review required: success
- Deploy to Staging: success
- Post Setup Java 21: success
- Post Checkout repository: success
- Complete job: success

Warning: Medium severity vulnerability detected review required
Workflow result: completed successfully with non-critical warnings
Deployment recommendation: manual review required","MEDIUM"
"Workflow run ID: 70000000047
Workflow: Kubernetes Deployment Pipeline
Event: pull_request
Status: completed
Conclusion: success
Branch: feature/risk-analysis
Jobs created: 1
Duration seconds: 178

Job: build
Job status: completed
Job conclusion: success
Runner: GitHub Actions 1353478020
Steps:
- Set up job: success
- Checkout repository: success
- Setup Java 21: success
- Build Project: success
- Dependency Scan: success
- Security Scan: success
- Publish Artifact: success
- Post Setup Java 21: success
- Post Checkout repository: success
- Complete job: success

Workflow result: all required stages completed successfully
Deployment recommendation: proceed","LOW"
"Workflow run ID: 80000000009
Workflow: Maven Build Pipeline
Event: push
Status: completed
Conclusion: success
Branch: develop
Jobs created: 1
Duration seconds: 266

Job: build
Job status: completed
Job conclusion: success
Runner: GitHub Actions 1699123022
Steps:
- Set up job: success
- Checkout repository: success
- Setup Java 21: success
- Build Project: success
- Run Unit Tests: success
- Code coverage below threshold manual review required: success
- Package Application: success
- Post Setup Java 21: success
- Post Checkout repository: success
- Complete job: success

Warning: Code coverage below threshold manual review required
Workflow result: completed successfully with non-critical warnings
Deployment recommendation: manual review required","MEDIUM"
"Workflow run ID: 90000000306
Workflow: Java CI Build
Event: push
Status: completed
Conclusion: failure
Branch: hotfix/build-fix
Jobs created: 1
Duration seconds: 130

Job: build
Job status: completed
Job conclusion: failure
Runner: GitHub Actions 1913243615
Steps:
- Set up job: success
- Checkout repository: success
- Setup Java 21: success
- Resolve Maven dependencies: success
- Compile application: success
- Run Unit Tests: failure
- Run Integration Tests: skipped
- Build Docker Image: skipped
- Deploy to Staging: skipped
- Application Health Check: skipped
- Upload diagnostic reports: success
- Post Setup Java 21: success
- Post Checkout repository: success
- Complete job: success

Error: Unit tests failed with assertion errors
Process completed with exit code 1
Workflow result: pipeline failed
Deployment recommendation: stop deployment","HIGH"
"Workflow run ID: 80000000045
Workflow: Cloud Native CI/CD
Event: push
Status: completed
Conclusion: success
Branch: hotfix/build-fix
Jobs created: 1
Duration seconds: 615

Job: build
Job status: completed
Job conclusion: success
Runner: GitHub Actions 1077545332
Steps:
- Set up job: success
- Checkout repository: success
- Setup Java 21: success
- Build Project: success
- Run Unit Tests: success
- Deprecated dependency detected upgrade recommended: success
- Deploy to Staging: success
- Post Setup Java 21: success
- Post Checkout repository: success
- Complete job: success

Warning: Deprecated dependency detected upgrade recommended
Workflow result: completed successfully with non-critical warnings
Deployment recommendation: manual review required","MEDIUM"
"Workflow run ID: 90000000244
Workflow: Maven Build Pipeline
Event: pull_request
Status: completed
Conclusion: failure
Branch: hotfix/build-fix
Jobs created: 1
Duration seconds: 101

Job: build
Job status: completed
Job conclusion: failure
Runner: GitHub Actions 1866125752
Steps:
- Set up job: success
- Checkout repository: success
- Setup Java 21: success
- Resolve Maven dependencies: success
- Compile application: success
- Run Unit Tests: success
- Run Integration Tests: success
- Build Docker Image: failure
- Deploy to Staging: skipped
- Application Health Check: skipped
- Upload diagnostic reports: success
- Post Setup Java 21: success
- Post Checkout repository: success
- Complete job: success

Error: Docker build failed because base image was not found
Process completed with exit code 1
Workflow result: pipeline failed
Deployment recommendation: stop deployment","HIGH"
"Workflow run ID: 90000000097
Workflow: Docker Build and Deploy
Event: push
Status: completed
Conclusion: failure
Branch: feature/risk-analysis
Jobs created: 1
Duration seconds: 244

Job: build
Job status: completed
Job conclusion: failure
Runner: GitHub Actions 1131343908
Steps:
- Set up job: success
- Checkout repository: success
- Setup Java 21: success
- Resolve Maven dependencies: success
- Compile application: success
- Run Unit Tests: success
- Run Integration Tests: failure
- Build Docker Image: skipped
- Deploy to Staging: skipped
- Application Health Check: skipped
- Upload diagnostic reports: success
- Post Setup Java 21: success
- Post Checkout repository: success
- Complete job: success

Error: Integration tests failed connection refused
Process completed with exit code 1
Workflow result: pipeline failed
Deployment recommendation: stop deployment","HIGH"
"Workflow run ID: 70000000151
Workflow: Spring Boot CI
Event: workflow_dispatch
Status: completed
Conclusion: success
Branch: release
Jobs created: 1
Duration seconds: 257

Job: build
Job status: completed
Job conclusion: success
Runner: GitHub Actions 1416146817
Steps:
- Set up job: success
- Checkout repository: success
- Setup Java 21: success
- Build Project: success
- Dependency Scan: success
- Security Scan: success
- Publish Artifact: success
- Post Setup Java 21: success
- Post Checkout repository: success
- Complete job: success

Workflow result: all required stages completed successfully
Deployment recommendation: proceed","LOW"
"Workflow run ID: 80000000021
Workflow: Spring Boot CI
Event: workflow_dispatch
Status: completed
Conclusion: success
Branch: release
Jobs created: 1
Duration seconds: 259

Job: build
Job status: completed
Job conclusion: success
Runner: GitHub Actions 1393152692
Steps:
- Set up job: success
- Checkout repository: success
- Setup Java 21: success
- Build Project: success
- Run Unit Tests: success
- Build duration above expected threshold performance review required: success
- Package Application: success
- Post Setup Java 21: success
- Post Checkout repository: success
- Complete job: success

Warning: Build duration above expected threshold performance review required
Workflow result: completed successfully with non-critical warnings
Deployment recommendation: manual review required","MEDIUM"
"Workflow run ID: 90000000079
Workflow: Spring Boot CI
Event: push
Status: completed
Conclusion: failure
Branch: develop
Jobs created: 1
Duration seconds: 178

Job: build
Job status: completed
Job conclusion: failure
Runner: GitHub Actions 1320126525
Steps:
- Set up job: success
- Checkout repository: success
- Setup Java 21: success
- Resolve Maven dependencies: success
- Compile application: success
- Run Unit Tests: success
- Run Integration Tests: failure
- Build Docker Image: skipped
- Deploy to Staging: skipped
- Application Health Check: skipped
- Upload diagnostic reports: success
- Post Setup Java 21: success
- Post Checkout repository: success
- Complete job: success

Error: Integration tests failed connection refused
Process completed with exit code 1
Workflow result: pipeline failed
Deployment recommendation: stop deployment","HIGH"
"Workflow run ID: 80000000278
Workflow: Kubernetes Deployment Pipeline
Event: pull_request
Status: completed
Conclusion: success
Branch: hotfix/build-fix
Jobs created: 1
Duration seconds: 556

Job: build
Job status: completed
Job conclusion: success
Runner: GitHub Actions 1593921939
Steps:
- Set up job: success
- Checkout repository: success
- Setup Java 21: success
- Build Project: success
- Run Unit Tests: success
- Code coverage below threshold manual review required: success
- Deploy to Staging: success
- Post Setup Java 21: success
- Post Checkout repository: success
- Complete job: success

Warning: Code coverage below threshold manual review required
Workflow result: completed successfully with non-critical warnings
Deployment recommendation: manual review required","MEDIUM"
"Workflow run ID: 90000000288
Workflow: Java CI Build
Event: pull_request
Status: completed
Conclusion: failure
Branch: feature/risk-analysis
Jobs created: 1
Duration seconds: 35

Job: build
Job status: completed
Job conclusion: failure
Runner: GitHub Actions 1085112661
Steps:
- Set up job: success
- Checkout repository: success
- Setup Java 21: success
- Resolve Maven dependencies: success
- Compile application: success
- Run Unit Tests: success
- Run Integration Tests: success
- Build Docker Image: success
- Deploy to Staging: success
- Application Health Check: success
- Security Scan: failure
- Upload diagnostic reports: success
- Post Setup Java 21: success
- Post Checkout repository: success
- Complete job: success

Error: Critical vulnerabilities detected deployment blocked
Process completed with exit code 1
Workflow result: pipeline failed
Deployment recommendation: stop deployment","HIGH"
"Workflow run ID: 70000000260
Workflow: Maven Build Pipeline
Event: pull_request
Status: completed
Conclusion: success
Branch: main
Jobs created: 1
Duration seconds: 201

Job: build
Job status: completed
Job conclusion: success
Runner: GitHub Actions 1292965433
Steps:
- Set up job: success
- Checkout repository: success
- Setup Java 21: success
- Build Docker Image: success
- Push Docker Image: success
- Deploy to Staging: success
- Application Health Check: success
- Post Setup Java 21: success
- Post Checkout repository: success
- Complete job: success

Workflow result: all required stages completed successfully
Deployment recommendation: proceed","LOW"
"Workflow run ID: 90000000242
Workflow: Cloud Native CI/CD
Event: push
Status: completed
Conclusion: failure
Branch: release
Jobs created: 1
Duration seconds: 133

Job: build
Job status: completed
Job conclusion: failure
Runner: GitHub Actions 1156242034
Steps:
- Set up job: success
- Checkout repository: success
- Setup Java 21: success
- Resolve Maven dependencies: success
- Compile application: success
- Run Unit Tests: success
- Run Integration Tests: success
- Build Docker Image: success
- Deploy to Staging: success
- Application Health Check: success
- Kubernetes Deployment: failure
- Upload diagnostic reports: success
- Post Setup Java 21: success
- Post Checkout repository: success
- Complete job: success

Error: Kubernetes deployment failed with ImagePullBackOff
Process completed with exit code 1
Workflow result: pipeline failed
Deployment recommendation: stop deployment","HIGH"
"Workflow run ID: 90000000238
Workflow: Cloud Native CI/CD
Event: push
Status: completed
Conclusion: failure
Branch: release
Jobs created: 1
Duration seconds: 382

Job: build
Job status: completed
Job conclusion: failure
Runner: GitHub Actions 1918478143
Steps:
- Set up job: success
- Checkout repository: success
- Setup Java 21: success
- Resolve Maven dependencies: success
- Compile application: success
- Run Unit Tests: success
- Run Integration Tests: success
- Build Docker Image: success
- Deploy to Staging: success
- Application Health Check: success
- Database Migration: failure
- Upload diagnostic reports: success
- Post Setup Java 21: success
- Post Checkout repository: success
- Complete job: success

Error: Database migration failed and deployment was stopped
Process completed with exit code 1
Workflow result: pipeline failed
Deployment recommendation: stop deployment","HIGH"
"Workflow run ID: 80000000061
Workflow: Maven Build Pipeline
Event: push
Status: completed
Conclusion: success
Branch: feature/risk-analysis
Jobs created: 1
Duration seconds: 338

Job: build
Job status: completed
Job conclusion: success
Runner: GitHub Actions 1763236291
Steps:
- Set up job: success
- Checkout repository: success
- Setup Java 21: success
- Build Project: success
- Run Unit Tests: success
- Build duration above expected threshold performance review required: success
- Build Docker Image: success
- Post Setup Java 21: success
- Post Checkout repository: success
- Complete job: success

Warning: Build duration above expected threshold performance review required
Workflow result: completed successfully with non-critical warnings
Deployment recommendation: manual review required","MEDIUM"
"Workflow run ID: 90000000144
Workflow: Spring Boot CI
Event: workflow_dispatch
Status: completed
Conclusion: failure
Branch: develop
Jobs created: 1
Duration seconds: 297

Job: build
Job status: completed
Job conclusion: failure
Runner: GitHub Actions 1527811225
Steps:
- Set up job: success
- Checkout repository: success
- Setup Java 21: success
- Resolve Maven dependencies: success
- Compile application: success
- Run Unit Tests: success
- Run Integration Tests: success
- Build Docker Image: success
- Deploy to Staging: success
- Application Health Check: success
- Security Scan: failure
- Upload diagnostic reports: success
- Post Setup Java 21: success
- Post Checkout repository: success
- Complete job: success

Error: Critical vulnerabilities detected deployment blocked
Process completed with exit code 1
Workflow result: pipeline failed
Deployment recommendation: stop deployment","HIGH"
"Workflow run ID: 80000000175
Workflow: Kubernetes Deployment Pipeline
Event: pull_request
Status: completed
Conclusion: success
Branch: feature/risk-analysis
Jobs created: 1
Duration seconds: 151

Job: build
Job status: completed
Job conclusion: success
Runner: GitHub Actions 1710683067
Steps:
- Set up job: success
- Checkout repository: success
- Setup Java 21: success
- Build Project: success
- Run Unit Tests: success
- Minor configuration warning detected during deployment: success
- Deploy to Staging: success
- Post Setup Java 21: success
- Post Checkout repository: success
- Complete job: success

Warning: Minor configuration warning detected during deployment
Workflow result: completed successfully with non-critical warnings
Deployment recommendation: manual review required","MEDIUM"
"Workflow run ID: 70000000264
Workflow: Docker Build and Deploy
Event: pull_request
Status: completed
Conclusion: success
Branch: release
Jobs created: 1
Duration seconds: 455

Job: build
Job status: completed
Job conclusion: success
Runner: GitHub Actions 1719599341
Steps:
- Set up job: success
- Checkout repository: success
- Setup Java 21: success
- Build Project: success
- Run Unit Tests: success
- Code Coverage Check: success
- Package Application: success
- Post Setup Java 21: success
- Post Checkout repository: success
- Complete job: success

Workflow result: all required stages completed successfully
Deployment recommendation: proceed","LOW"
"Workflow run ID: 90000000164
Workflow: Cloud Native CI/CD
Event: push
Status: completed
Conclusion: failure
Branch: hotfix/build-fix
Jobs created: 1
Duration seconds: 66

Job: build
Job status: completed
Job conclusion: failure
Runner: GitHub Actions 1896207727
Steps:
- Set up job: success
- Checkout repository: success
- Setup Java 21: success
- Resolve Maven dependencies: success
- Compile application: success
- Run Unit Tests: success
- Run Integration Tests: success
- Build Docker Image: success
- Deploy to Staging: failure
- Application Health Check: skipped
- Upload diagnostic reports: success
- Post Setup Java 21: success
- Post Checkout repository: success
- Complete job: success

Error: Deployment failed because service was unavailable
Process completed with exit code 1
Workflow result: pipeline failed
Deployment recommendation: stop deployment","HIGH"
"Workflow run ID: 70000000021
Workflow: Kubernetes Deployment Pipeline
Event: workflow_dispatch
Status: completed
Conclusion: success
Branch: develop
Jobs created: 1
Duration seconds: 347

Job: build
Job status: completed
Job conclusion: success
Runner: GitHub Actions 1508721768
Steps:
- Set up job: success
- Checkout repository: success
- Setup Java 21: success
- Build Project: success
- Run Unit Tests: success
- Code Coverage Check: success
- Package Application: success
- Post Setup Java 21: success
- Post Checkout repository: success
- Complete job: success

Workflow result: all required stages completed successfully
Deployment recommendation: proceed","LOW"
"Workflow run ID: 80000000240
Workflow: Java CI Build
Event: pull_request
Status: completed
Conclusion: success
Branch: feature/risk-analysis
Jobs created: 1
Duration seconds: 541

Job: build
Job status: completed
Job conclusion: success
Runner: GitHub Actions 1485325630
Steps:
- Set up job: success
- Checkout repository: success
- Setup Java 21: success
- Build Project: success
- Run Unit Tests: success
- Build duration above expected threshold performance review required: success
- Deploy to Staging: success
- Post Setup Java 21: success
- Post Checkout repository: success
- Complete job: success

Warning: Build duration above expected threshold performance review required
Workflow result: completed successfully with non-critical warnings
Deployment recommendation: manual review required","MEDIUM"
"Workflow run ID: 70000000285
Workflow: Maven Build Pipeline
Event: push
Status: completed
Conclusion: success
Branch: feature/risk-analysis
Jobs created: 1
Duration seconds: 390

Job: build
Job status: completed
Job conclusion: success
Runner: GitHub Actions 1297512779
Steps:
- Set up job: success
- Checkout repository: success
- Setup Java 21: success
- Build Docker Image: success
- Push Docker Image: success
- Deploy to Staging: success
- Application Health Check: success
- Post Setup Java 21: success
- Post Checkout repository: success
- Complete job: success

Workflow result: all required stages completed successfully
Deployment recommendation: proceed","LOW"
"Workflow run ID: 80000000207
Workflow: Maven Build Pipeline
Event: push
Status: completed
Conclusion: success
Branch: develop
Jobs created: 1
Duration seconds: 211

Job: build
Job status: completed
Job conclusion: success
Runner: GitHub Actions 1865546844
Steps:
- Set up job: success
- Checkout repository: success
- Setup Java 21: success
- Build Project: success
- Run Unit Tests: success
- Build duration above expected threshold performance review required: success
- Build Docker Image: success
- Post Setup Java 21: success
- Post Checkout repository: success
- Complete job: success

Warning: Build duration above expected threshold performance review required
Workflow result: completed successfully with non-critical warnings
Deployment recommendation: manual review required","MEDIUM"
"Workflow run ID: 90000000188
Workflow: Kubernetes Deployment Pipeline
Event: push
Status: completed
Conclusion: failure
Branch: hotfix/build-fix
Jobs created: 1
Duration seconds: 168

Job: build
Job status: completed
Job conclusion: failure
Runner: GitHub Actions 1669250032
Steps:
- Set up job: success
- Checkout repository: success
- Setup Java 21: success
- Resolve Maven dependencies: success
- Compile application: success
- Run Unit Tests: success
- Run Integration Tests: success
- Build Docker Image: success
- Deploy to Staging: success
- Application Health Check: success
- Security Scan: failure
- Upload diagnostic reports: success
- Post Setup Java 21: success
- Post Checkout repository: success
- Complete job: success

Error: Critical vulnerabilities detected deployment blocked
Process completed with exit code 1
Workflow result: pipeline failed
Deployment recommendation: stop deployment","HIGH"
"Workflow run ID: 90000000086
Workflow: Java CI Build
Event: pull_request
Status: completed
Conclusion: failure
Branch: hotfix/build-fix
Jobs created: 1
Duration seconds: 391

Job: build
Job status: completed
Job conclusion: failure
Runner: GitHub Actions 1300970932
Steps:
- Set up job: success
- Checkout repository: success
- Setup Java 21: success
- Resolve Maven dependencies: success
- Compile application: success
- Run Unit Tests: failure
- Run Integration Tests: skipped
- Build Docker Image: skipped
- Deploy to Staging: skipped
- Application Health Check: skipped
- Upload diagnostic reports: success
- Post Setup Java 21: success
- Post Checkout repository: success
- Complete job: success

Error: Unit tests failed with assertion errors
Process completed with exit code 1
Workflow result: pipeline failed
Deployment recommendation: stop deployment","HIGH"
"Workflow run ID: 70000000149
Workflow: Spring Boot CI
Event: pull_request
Status: completed
Conclusion: success
Branch: release
Jobs created: 1
Duration seconds: 436

Job: build
Job status: completed
Job conclusion: success
Runner: GitHub Actions 1487560479
Steps:
- Set up job: success
- Checkout repository: success
- Setup Java 21: success
- Build Project: success
- Dependency Scan: success
- Security Scan: success
- Publish Artifact: success
- Post Setup Java 21: success
- Post Checkout repository: success
- Complete job: success

Workflow result: all required stages completed successfully
Deployment recommendation: proceed","LOW"
"Workflow run ID: 70000000189
Workflow: Java CI Build
Event: workflow_dispatch
Status: completed
Conclusion: success
Branch: main
Jobs created: 1
Duration seconds: 113

Job: build
Job status: completed
Job conclusion: success
Runner: GitHub Actions 1474699620
Steps:
- Set up job: success
- Checkout repository: success
- Setup Java 21: success
- Build Project: success
- Run Unit Tests: success
- Code Coverage Check: success
- Package Application: success
- Post Setup Java 21: success
- Post Checkout repository: success
- Complete job: success

Workflow result: all required stages completed successfully
Deployment recommendation: proceed","LOW"
"Workflow run ID: 80000000272
Workflow: Cloud Native CI/CD
Event: pull_request
Status: completed
Conclusion: success
Branch: feature/risk-analysis
Jobs created: 1
Duration seconds: 150

Job: build
Job status: completed
Job conclusion: success
Runner: GitHub Actions 1363781010
Steps:
- Set up job: success
- Checkout repository: success
- Setup Java 21: success
- Build Project: success
- Run Unit Tests: success
- Staging health check intermittent response detected: success
- Package Application: success
- Post Setup Java 21: success
- Post Checkout repository: success
- Complete job: success

Warning: Staging health check intermittent response detected
Workflow result: completed successfully with non-critical warnings
Deployment recommendation: manual review required","MEDIUM"
"Workflow run ID: 70000000050
Workflow: Java CI Build
Event: push
Status: completed
Conclusion: success
Branch: develop
Jobs created: 1
Duration seconds: 285

Job: build
Job status: completed
Job conclusion: success
Runner: GitHub Actions 1122049795
Steps:
- Set up job: success
- Checkout repository: success
- Setup Java 21: success
- Compile application: success
- Run Unit Tests: success
- Run Integration Tests: success
- Build Docker Image: success
- Post Setup Java 21: success
- Post Checkout repository: success
- Complete job: success

Workflow result: all required stages completed successfully
Deployment recommendation: proceed","LOW"
"Workflow run ID: 70000000104
Workflow: Java CI Build
Event: push
Status: completed
Conclusion: success
Branch: release
Jobs created: 1
Duration seconds: 45

Job: build
Job status: completed
Job conclusion: success
Runner: GitHub Actions 1628614992
Steps:
- Set up job: success
- Checkout repository: success
- Setup Java 21: success
- Build Docker Image: success
- Push Docker Image: success
- Deploy to Staging: success
- Application Health Check: success
- Post Setup Java 21: success
- Post Checkout repository: success
- Complete job: success

Workflow result: all required stages completed successfully
Deployment recommendation: proceed","LOW"
"Workflow run ID: 80000000230
Workflow: Docker Build and Deploy
Event: pull_request
Status: completed
Conclusion: success
Branch: main
Jobs created: 1
Duration seconds: 365

Job: build
Job status: completed
Job conclusion: success
Runner: GitHub Actions 1611489201
Steps:
- Set up job: success
- Checkout repository: success
- Setup Java 21: success
- Build Project: success
- Run Unit Tests: success
- Staging health check intermittent response detected: success
- Build Docker Image: success
- Post Setup Java 21: success
- Post Checkout repository: success
- Complete job: success

Warning: Staging health check intermittent response detected
Workflow result: completed successfully with non-critical warnings
Deployment recommendation: manual review required","MEDIUM"
"Workflow run ID: 80000000247
Workflow: Maven Build Pipeline
Event: pull_request
Status: completed
Conclusion: success
Branch: release
Jobs created: 1
Duration seconds: 114

Job: build
Job status: completed
Job conclusion: success
Runner: GitHub Actions 1932800715
Steps:
- Set up job: success
- Checkout repository: success
- Setup Java 21: success
- Build Project: success
- Run Unit Tests: success
- Flaky tests detected retry passed manual review required: success
- Package Application: success
- Post Setup Java 21: success
- Post Checkout repository: success
- Complete job: success

Warning: Flaky tests detected retry passed manual review required
Workflow result: completed successfully with non-critical warnings
Deployment recommendation: manual review required","MEDIUM"
"Workflow run ID: 70000000107
Workflow: Kubernetes Deployment Pipeline
Event: push
Status: completed
Conclusion: success
Branch: hotfix/build-fix
Jobs created: 1
Duration seconds: 481

Job: build
Job status: completed
Job conclusion: success
Runner: GitHub Actions 1481258941
Steps:
- Set up job: success
- Checkout repository: success
- Setup Java 21: success
- Maven Build: success
- Run Unit Tests: success
- SonarQube Analysis: success
- Complete Build: success
- Post Setup Java 21: success
- Post Checkout repository: success
- Complete job: success

Workflow result: all required stages completed successfully
Deployment recommendation: proceed","LOW"
"Workflow run ID: 90000000259
Workflow: Spring Boot CI
Event: pull_request
Status: completed
Conclusion: failure
Branch: release
Jobs created: 1
Duration seconds: 101

Job: build
Job status: completed
Job conclusion: failure
Runner: GitHub Actions 1973700264
Steps:
- Set up job: success
- Checkout repository: success
- Setup Java 21: success
- Resolve Maven dependencies: success
- Compile application: success
- Run Unit Tests: success
- Run Integration Tests: success
- Build Docker Image: failure
- Deploy to Staging: skipped
- Application Health Check: skipped
- Upload diagnostic reports: success
- Post Setup Java 21: success
- Post Checkout repository: success
- Complete job: success

Error: Docker build failed because base image was not found
Process completed with exit code 1
Workflow result: pipeline failed
Deployment recommendation: stop deployment","HIGH"
"Workflow run ID: 70000000242
Workflow: Docker Build and Deploy
Event: push
Status: completed
Conclusion: success
Branch: develop
Jobs created: 1
Duration seconds: 321

Job: build
Job status: completed
Job conclusion: success
Runner: GitHub Actions 1716198492
Steps:
- Set up job: success
- Checkout repository: success
- Setup Java 21: success
- Build Project: success
- Dependency Scan: success
- Security Scan: success
- Publish Artifact: success
- Post Setup Java 21: success
- Post Checkout repository: success
- Complete job: success

Workflow result: all required stages completed successfully
Deployment recommendation: proceed","LOW"
"Workflow run ID: 90000000115
Workflow: Maven Build Pipeline
Event: workflow_dispatch
Status: completed
Conclusion: failure
Branch: feature/risk-analysis
Jobs created: 1
Duration seconds: 319

Job: build
Job status: completed
Job conclusion: failure
Runner: GitHub Actions 1708236350
Steps:
- Set up job: success
- Checkout repository: success
- Setup Java 21: success
- Resolve Maven dependencies: success
- Compile application: success
- Run Unit Tests: success
- Run Integration Tests: success
- Build Docker Image: success
- Deploy to Staging: success
- Application Health Check: failure
- Upload diagnostic reports: success
- Post Setup Java 21: success
- Post Checkout repository: success
- Complete job: success

Error: Health check failed after deployment
Process completed with exit code 1
Workflow result: pipeline failed
Deployment recommendation: stop deployment","HIGH"
"Workflow run ID: 70000000023
Workflow: Cloud Native CI/CD
Event: pull_request
Status: completed
Conclusion: success
Branch: feature/risk-analysis
Jobs created: 1
Duration seconds: 209

Job: build
Job status: completed
Job conclusion: success
Runner: GitHub Actions 1874700950
Steps:
- Set up job: success
- Checkout repository: success
- Setup Java 21: success
- Compile application: success
- Run Unit Tests: success
- Run Integration Tests: success
- Build Docker Image: success
- Post Setup Java 21: success
- Post Checkout repository: success
- Complete job: success

Workflow result: all required stages completed successfully
Deployment recommendation: proceed","LOW"
"Workflow run ID: 80000000096
Workflow: Kubernetes Deployment Pipeline
Event: push
Status: completed
Conclusion: success
Branch: develop
Jobs created: 1
Duration seconds: 249

Job: build
Job status: completed
Job conclusion: success
Runner: GitHub Actions 1753000413
Steps:
- Set up job: success
- Checkout repository: success
- Setup Java 21: success
- Build Project: success
- Run Unit Tests: success
- Manual deployment approval required: success
- Deploy to Staging: success
- Post Setup Java 21: success
- Post Checkout repository: success
- Complete job: success

Warning: Manual deployment approval required
Workflow result: completed successfully with non-critical warnings
Deployment recommendation: manual review required","MEDIUM"
"Workflow run ID: 70000000074
Workflow: Cloud Native CI/CD
Event: workflow_dispatch
Status: completed
Conclusion: success
Branch: feature/risk-analysis
Jobs created: 1
Duration seconds: 429

Job: build
Job status: completed
Job conclusion: success
Runner: GitHub Actions 1212310193
Steps:
- Set up job: success
- Checkout repository: success
- Setup Java 21: success
- Build Docker Image: success
- Push Docker Image: success
- Deploy to Staging: success
- Application Health Check: success
- Post Setup Java 21: success
- Post Checkout repository: success
- Complete job: success

Workflow result: all required stages completed successfully
Deployment recommendation: proceed","LOW"
"Workflow run ID: 90000000020
Workflow: Docker Build and Deploy
Event: pull_request
Status: completed
Conclusion: failure
Branch: feature/risk-analysis
Jobs created: 1
Duration seconds: 407

Job: build
Job status: completed
Job conclusion: failure
Runner: GitHub Actions 1628152730
Steps:
- Set up job: success
- Checkout repository: success
- Setup Java 21: success
- Resolve Maven dependencies: success
- Compile application: success
- Run Unit Tests: success
- Run Integration Tests: success
- Build Docker Image: success
- Deploy to Staging: success
- Application Health Check: success
- Security Scan: failure
- Upload diagnostic reports: success
- Post Setup Java 21: success
- Post Checkout repository: success
- Complete job: success

Error: Critical vulnerabilities detected deployment blocked
Process completed with exit code 1
Workflow result: pipeline failed
Deployment recommendation: stop deployment","HIGH"
"Workflow run ID: 70000000124
Workflow: Java CI Build
Event: push
Status: completed
Conclusion: success
Branch: hotfix/build-fix
Jobs created: 1
Duration seconds: 55

Job: build
Job status: completed
Job conclusion: success
Runner: GitHub Actions 1197676057
Steps:
- Set up job: success
- Checkout repository: success
- Setup Java 21: success
- Maven Build: success
- Run Unit Tests: success
- SonarQube Analysis: success
- Complete Build: success
- Post Setup Java 21: success
- Post Checkout repository: success
- Complete job: success

Workflow result: all required stages completed successfully
Deployment recommendation: proceed","LOW"
"Workflow run ID: 90000000112
Workflow: Cloud Native CI/CD
Event: workflow_dispatch
Status: completed
Conclusion: failure
Branch: main
Jobs created: 1
Duration seconds: 393

Job: build
Job status: completed
Job conclusion: failure
Runner: GitHub Actions 1326387212
Steps:
- Set up job: success
- Checkout repository: success
- Setup Java 21: success
- Resolve Maven dependencies: success
- Compile application: success
- Run Unit Tests: success
- Run Integration Tests: success
- Build Docker Image: success
- Deploy to Staging: failure
- Application Health Check: skipped
- Upload diagnostic reports: success
- Post Setup Java 21: success
- Post Checkout repository: success
- Complete job: success

Error: Deployment failed because service was unavailable
Process completed with exit code 1
Workflow result: pipeline failed
Deployment recommendation: stop deployment","HIGH"
"Workflow run ID: 80000000183
Workflow: Spring Boot CI
Event: pull_request
Status: completed
Conclusion: success
Branch: feature/risk-analysis
Jobs created: 1
Duration seconds: 417

Job: build
Job status: completed
Job conclusion: success
Runner: GitHub Actions 1984387384
Steps:
- Set up job: success
- Checkout repository: success
- Setup Java 21: success
- Build Project: success
- Run Unit Tests: success
- Flaky tests detected retry passed manual review required: success
- Package Application: success
- Post Setup Java 21: success
- Post Checkout repository: success
- Complete job: success

Warning: Flaky tests detected retry passed manual review required
Workflow result: completed successfully with non-critical warnings
Deployment recommendation: manual review required","MEDIUM"
"Workflow run ID: 90000000229
Workflow: Spring Boot CI
Event: pull_request
Status: completed
Conclusion: failure
Branch: develop
Jobs created: 1
Duration seconds: 83

Job: build
Job status: completed
Job conclusion: failure
Runner: GitHub Actions 1358853263
Steps:
- Set up job: success
- Checkout repository: success
- Setup Java 21: success
- Resolve Maven dependencies: success
- Compile application: success
- Run Unit Tests: success
- Run Integration Tests: success
- Build Docker Image: success
- Deploy to Staging: success
- Application Health Check: success
- Security Scan: failure
- Upload diagnostic reports: success
- Post Setup Java 21: success
- Post Checkout repository: success
- Complete job: success

Error: Critical vulnerabilities detected deployment blocked
Process completed with exit code 1
Workflow result: pipeline failed
Deployment recommendation: stop deployment","HIGH"
"Workflow run ID: 80000000079
Workflow: Java CI Build
Event: push
Status: completed
Conclusion: success
Branch: main
Jobs created: 1
Duration seconds: 574

Job: build
Job status: completed
Job conclusion: success
Runner: GitHub Actions 1206705784
Steps:
- Set up job: success
- Checkout repository: success
- Setup Java 21: success
- Build Project: success
- Run Unit Tests: success
- Manual deployment approval required: success
- Package Application: success
- Post Setup Java 21: success
- Post Checkout repository: success
- Complete job: success

Warning: Manual deployment approval required
Workflow result: completed successfully with non-critical warnings
Deployment recommendation: manual review required","MEDIUM"
"Workflow run ID: 80000000158
Workflow: Kubernetes Deployment Pipeline
Event: pull_request
Status: completed
Conclusion: success
Branch: feature/risk-analysis
Jobs created: 1
Duration seconds: 459

Job: build
Job status: completed
Job conclusion: success
Runner: GitHub Actions 1160904950
Steps:
- Set up job: success
- Checkout repository: success
- Setup Java 21: success
- Build Project: success
- Run Unit Tests: success
- Build duration above expected threshold performance review required: success
- Build Docker Image: success
- Post Setup Java 21: success
- Post Checkout repository: success
- Complete job: success

Warning: Build duration above expected threshold performance review required
Workflow result: completed successfully with non-critical warnings
Deployment recommendation: manual review required","MEDIUM"
"Workflow run ID: 90000000083
Workflow: Kubernetes Deployment Pipeline
Event: workflow_dispatch
Status: completed
Conclusion: failure
Branch: main
Jobs created: 1
Duration seconds: 367

Job: build
Job status: completed
Job conclusion: failure
Runner: GitHub Actions 1943598726
Steps:
- Set up job: success
- Checkout repository: success
- Setup Java 21: success
- Resolve Maven dependencies: success
- Compile application: failure
- Run Unit Tests: skipped
- Run Integration Tests: skipped
- Build Docker Image: skipped
- Deploy to Staging: skipped
- Application Health Check: skipped
- Upload diagnostic reports: success
- Post Setup Java 21: success
- Post Checkout repository: success
- Complete job: success

Error: Compilation failed because symbol could not be resolved
Process completed with exit code 1
Workflow result: pipeline failed
Deployment recommendation: stop deployment","HIGH"
"Workflow run ID: 90000000040
Workflow: Maven Build Pipeline
Event: workflow_dispatch
Status: completed
Conclusion: failure
Branch: develop
Jobs created: 1
Duration seconds: 288

Job: build
Job status: completed
Job conclusion: failure
Runner: GitHub Actions 1038551378
Steps:
- Set up job: success
- Checkout repository: success
- Setup Java 21: success
- Resolve Maven dependencies: success
- Compile application: success
- Run Unit Tests: success
- Run Integration Tests: success
- Build Docker Image: success
- Deploy to Staging: success
- Application Health Check: failure
- Upload diagnostic reports: success
- Post Setup Java 21: success
- Post Checkout repository: success
- Complete job: success

Error: Health check failed after deployment
Process completed with exit code 1
Workflow result: pipeline failed
Deployment recommendation: stop deployment","HIGH"
"Workflow run ID: 90000000070
Workflow: Cloud Native CI/CD
Event: pull_request
Status: completed
Conclusion: failure
Branch: feature/risk-analysis
Jobs created: 1
Duration seconds: 68

Job: build
Job status: completed
Job conclusion: failure
Runner: GitHub Actions 1667780150
Steps:
- Set up job: success
- Checkout repository: success
- Setup Java 21: success
- Resolve Maven dependencies: success
- Compile application: success
- Run Unit Tests: success
- Run Integration Tests: failure
- Build Docker Image: skipped
- Deploy to Staging: skipped
- Application Health Check: skipped
- Upload diagnostic reports: success
- Post Setup Java 21: success
- Post Checkout repository: success
- Complete job: success

Error: Integration tests failed connection refused
Process completed with exit code 1
Workflow result: pipeline failed
Deployment recommendation: stop deployment","HIGH"
"Workflow run ID: 70000000020
Workflow: Cloud Native CI/CD
Event: push
Status: completed
Conclusion: success
Branch: hotfix/build-fix
Jobs created: 1
Duration seconds: 440

Job: build
Job status: completed
Job conclusion: success
Runner: GitHub Actions 1118462304
Steps:
- Set up job: success
- Checkout repository: success
- Setup Java 21: success
- Build Docker Image: success
- Push Docker Image: success
- Deploy to Staging: success
- Application Health Check: success
- Post Setup Java 21: success
- Post Checkout repository: success
- Complete job: success

Workflow result: all required stages completed successfully
Deployment recommendation: proceed","LOW"
"Workflow run ID: 80000000023
Workflow: Maven Build Pipeline
Event: push
Status: completed
Conclusion: success
Branch: main
Jobs created: 1
Duration seconds: 275

Job: build
Job status: completed
Job conclusion: success
Runner: GitHub Actions 1572399962
Steps:
- Set up job: success
- Checkout repository: success
- Setup Java 21: success
- Build Project: success
- Run Unit Tests: success
- Flaky tests detected retry passed manual review required: success
- Package Application: success
- Post Setup Java 21: success
- Post Checkout repository: success
- Complete job: success

Warning: Flaky tests detected retry passed manual review required
Workflow result: completed successfully with non-critical warnings
Deployment recommendation: manual review required","MEDIUM"
"Workflow run ID: 90000000139
Workflow: Kubernetes Deployment Pipeline
Event: workflow_dispatch
Status: completed
Conclusion: failure
Branch: feature/risk-analysis
Jobs created: 1
Duration seconds: 142

Job: build
Job status: completed
Job conclusion: failure
Runner: GitHub Actions 1407285093
Steps:
- Set up job: success
- Checkout repository: success
- Setup Java 21: success
- Resolve Maven dependencies: success
- Compile application: success
- Run Unit Tests: failure
- Run Integration Tests: skipped
- Build Docker Image: skipped
- Deploy to Staging: skipped
- Application Health Check: skipped
- Upload diagnostic reports: success
- Post Setup Java 21: success
- Post Checkout repository: success
- Complete job: success

Error: Unit tests failed with assertion errors
Process completed with exit code 1
Workflow result: pipeline failed
Deployment recommendation: stop deployment","HIGH"
"Workflow run ID: 70000000279
Workflow: Docker Build and Deploy
Event: workflow_dispatch
Status: completed
Conclusion: success
Branch: feature/risk-analysis
Jobs created: 1
Duration seconds: 226

Job: build
Job status: completed
Job conclusion: success
Runner: GitHub Actions 1941491381
Steps:
- Set up job: success
- Checkout repository: success
- Setup Java 21: success
- Maven Build: success
- Run Unit Tests: success
- SonarQube Analysis: success
- Complete Build: success
- Post Setup Java 21: success
- Post Checkout repository: success
- Complete job: success

Workflow result: all required stages completed successfully
Deployment recommendation: proceed","LOW"
"Workflow run ID: 90000000247
Workflow: Spring Boot CI
Event: workflow_dispatch
Status: completed
Conclusion: failure
Branch: release
Jobs created: 1
Duration seconds: 41

Job: build
Job status: completed
Job conclusion: failure
Runner: GitHub Actions 1316523753
Steps:
- Set up job: success
- Checkout repository: success
- Setup Java 21: success
- Resolve Maven dependencies: success
- Compile application: success
- Run Unit Tests: success
- Run Integration Tests: success
- Build Docker Image: success
- Deploy to Staging: failure
- Application Health Check: skipped
- Upload diagnostic reports: success
- Post Setup Java 21: success
- Post Checkout repository: success
- Complete job: success

Error: Deployment failed because service was unavailable
Process completed with exit code 1
Workflow result: pipeline failed
Deployment recommendation: stop deployment","HIGH"
"Workflow run ID: 90000000053
Workflow: Docker Build and Deploy
Event: pull_request
Status: completed
Conclusion: failure
Branch: feature/risk-analysis
Jobs created: 1
Duration seconds: 325

Job: build
Job status: completed
Job conclusion: failure
Runner: GitHub Actions 1712831566
Steps:
- Set up job: success
- Checkout repository: success
- Setup Java 21: success
- Resolve Maven dependencies: success
- Compile application: success
- Run Unit Tests: success
- Run Integration Tests: failure
- Build Docker Image: skipped
- Deploy to Staging: skipped
- Application Health Check: skipped
- Upload diagnostic reports: success
- Post Setup Java 21: success
- Post Checkout repository: success
- Complete job: success

Error: Integration tests failed connection refused
Process completed with exit code 1
Workflow result: pipeline failed
Deployment recommendation: stop deployment","HIGH"
"Workflow run ID: 80000000232
Workflow: Docker Build and Deploy
Event: push
Status: completed
Conclusion: success
Branch: feature/risk-analysis
Jobs created: 1
Duration seconds: 144

Job: build
Job status: completed
Job conclusion: success
Runner: GitHub Actions 1565222312
Steps:
- Set up job: success
- Checkout repository: success
- Setup Java 21: success
- Build Project: success
- Run Unit Tests: success
- Deprecated dependency detected upgrade recommended: success
- Deploy to Staging: success
- Post Setup Java 21: success
- Post Checkout repository: success
- Complete job: success

Warning: Deprecated dependency detected upgrade recommended
Workflow result: completed successfully with non-critical warnings
Deployment recommendation: manual review required","MEDIUM"
"Workflow run ID: 70000000019
Workflow: Java CI Build
Event: workflow_dispatch
Status: completed
Conclusion: success
Branch: feature/risk-analysis
Jobs created: 1
Duration seconds: 540

Job: build
Job status: completed
Job conclusion: success
Runner: GitHub Actions 1105343505
Steps:
- Set up job: success
- Checkout repository: success
- Setup Java 21: success
- Compile application: success
- Run Unit Tests: success
- Run Integration Tests: success
- Build Docker Image: success
- Post Setup Java 21: success
- Post Checkout repository: success
- Complete job: success

Workflow result: all required stages completed successfully
Deployment recommendation: proceed","LOW"
"Workflow run ID: 70000000152
Workflow: Spring Boot CI
Event: pull_request
Status: completed
Conclusion: success
Branch: main
Jobs created: 1
Duration seconds: 167

Job: build
Job status: completed
Job conclusion: success
Runner: GitHub Actions 1516908031
Steps:
- Set up job: success
- Checkout repository: success
- Setup Java 21: success
- Build Project: success
- Dependency Scan: success
- Security Scan: success
- Publish Artifact: success
- Post Setup Java 21: success
- Post Checkout repository: success
- Complete job: success

Workflow result: all required stages completed successfully
Deployment recommendation: proceed","LOW"
"Workflow run ID: 70000000017
Workflow: Cloud Native CI/CD
Event: workflow_dispatch
Status: completed
Conclusion: success
Branch: develop
Jobs created: 1
Duration seconds: 536

Job: build
Job status: completed
Job conclusion: success
Runner: GitHub Actions 1795007215
Steps:
- Set up job: success
- Checkout repository: success
- Setup Java 21: success
- Build Project: success
- Dependency Scan: success
- Security Scan: success
- Publish Artifact: success
- Post Setup Java 21: success
- Post Checkout repository: success
- Complete job: success

Workflow result: all required stages completed successfully
Deployment recommendation: proceed","LOW"
"Workflow run ID: 80000000109
Workflow: Docker Build and Deploy
Event: pull_request
Status: completed
Conclusion: success
Branch: main
Jobs created: 1
Duration seconds: 298

Job: build
Job status: completed
Job conclusion: success
Runner: GitHub Actions 1983355570
Steps:
- Set up job: success
- Checkout repository: success
- Setup Java 21: success
- Build Project: success
- Run Unit Tests: success
- Build duration above expected threshold performance review required: success
- Deploy to Staging: success
- Post Setup Java 21: success
- Post Checkout repository: success
- Complete job: success

Warning: Build duration above expected threshold performance review required
Workflow result: completed successfully with non-critical warnings
Deployment recommendation: manual review required","MEDIUM"
"Workflow run ID: 80000000189
Workflow: Kubernetes Deployment Pipeline
Event: workflow_dispatch
Status: completed
Conclusion: success
Branch: hotfix/build-fix
Jobs created: 1
Duration seconds: 579

Job: build
Job status: completed
Job conclusion: success
Runner: GitHub Actions 1869210750
Steps:
- Set up job: success
- Checkout repository: success
- Setup Java 21: success
- Build Project: success
- Run Unit Tests: success
- Manual deployment approval required: success
- Build Docker Image: success
- Post Setup Java 21: success
- Post Checkout repository: success
- Complete job: success

Warning: Manual deployment approval required
Workflow result: completed successfully with non-critical warnings
Deployment recommendation: manual review required","MEDIUM"
"Workflow run ID: 70000000140
Workflow: Spring Boot CI
Event: pull_request
Status: completed
Conclusion: success
Branch: feature/risk-analysis
Jobs created: 1
Duration seconds: 192

Job: build
Job status: completed
Job conclusion: success
Runner: GitHub Actions 1720281216
Steps:
- Set up job: success
- Checkout repository: success
- Setup Java 21: success
- Maven Build: success
- Run Unit Tests: success
- SonarQube Analysis: success
- Complete Build: success
- Post Setup Java 21: success
- Post Checkout repository: success
- Complete job: success

Workflow result: all required stages completed successfully
Deployment recommendation: proceed","LOW"
"Workflow run ID: 90000000186
Workflow: Docker Build and Deploy
Event: push
Status: completed
Conclusion: failure
Branch: main
Jobs created: 1
Duration seconds: 348

Job: build
Job status: completed
Job conclusion: failure
Runner: GitHub Actions 1175022799
Steps:
- Set up job: success
- Checkout repository: success
- Setup Java 21: success
- Resolve Maven dependencies: success
- Compile application: success
- Run Unit Tests: success
- Run Integration Tests: success
- Build Docker Image: success
- Deploy to Staging: success
- Application Health Check: success
- Kubernetes Deployment: failure
- Upload diagnostic reports: success
- Post Setup Java 21: success
- Post Checkout repository: success
- Complete job: success

Error: Kubernetes deployment failed with ImagePullBackOff
Process completed with exit code 1
Workflow result: pipeline failed
Deployment recommendation: stop deployment","HIGH"
"Workflow run ID: 70000000057
Workflow: Java CI Build
Event: workflow_dispatch
Status: completed
Conclusion: success
Branch: develop
Jobs created: 1
Duration seconds: 322

Job: build
Job status: completed
Job conclusion: success
Runner: GitHub Actions 1819823824
Steps:
- Set up job: success
- Checkout repository: success
- Setup Java 21: success
- Build Docker Image: success
- Push Docker Image: success
- Deploy to Staging: success
- Application Health Check: success
- Post Setup Java 21: success
- Post Checkout repository: success
- Complete job: success

Workflow result: all required stages completed successfully
Deployment recommendation: proceed","LOW"
"Workflow run ID: 90000000113
Workflow: Maven Build Pipeline
Event: push
Status: completed
Conclusion: failure
Branch: feature/risk-analysis
Jobs created: 1
Duration seconds: 101

Job: build
Job status: completed
Job conclusion: failure
Runner: GitHub Actions 1161817919
Steps:
- Set up job: success
- Checkout repository: success
- Setup Java 21: success
- Resolve Maven dependencies: success
- Compile application: success
- Run Unit Tests: failure
- Run Integration Tests: skipped
- Build Docker Image: skipped
- Deploy to Staging: skipped
- Application Health Check: skipped
- Upload diagnostic reports: success
- Post Setup Java 21: success
- Post Checkout repository: success
- Complete job: success

Error: Unit tests failed with assertion errors
Process completed with exit code 1
Workflow result: pipeline failed
Deployment recommendation: stop deployment","HIGH"
"Workflow run ID: 90000000022
Workflow: Spring Boot CI
Event: push
Status: completed
Conclusion: failure
Branch: develop
Jobs created: 1
Duration seconds: 230

Job: build
Job status: completed
Job conclusion: failure
Runner: GitHub Actions 1099189331
Steps:
- Set up job: success
- Checkout repository: success
- Setup Java 21: success
- Resolve Maven dependencies: success
- Compile application: success
- Run Unit Tests: success
- Run Integration Tests: success
- Build Docker Image: success
- Deploy to Staging: success
- Application Health Check: success
- Security Scan: failure
- Upload diagnostic reports: success
- Post Setup Java 21: success
- Post Checkout repository: success
- Complete job: success

Error: Critical vulnerabilities detected deployment blocked
Process completed with exit code 1
Workflow result: pipeline failed
Deployment recommendation: stop deployment","HIGH"
"Workflow run ID: 90000000195
Workflow: Java CI Build
Event: pull_request
Status: completed
Conclusion: failure
Branch: feature/risk-analysis
Jobs created: 1
Duration seconds: 115

Job: build
Job status: completed
Job conclusion: failure
Runner: GitHub Actions 1320077370
Steps:
- Set up job: success
- Checkout repository: success
- Setup Java 21: success
- Resolve Maven dependencies: success
- Compile application: success
- Run Unit Tests: success
- Run Integration Tests: success
- Build Docker Image: success
- Deploy to Staging: success
- Application Health Check: success
- Database Migration: failure
- Upload diagnostic reports: success
- Post Setup Java 21: success
- Post Checkout repository: success
- Complete job: success

Error: Database migration failed and deployment was stopped
Process completed with exit code 1
Workflow result: pipeline failed
Deployment recommendation: stop deployment","HIGH"
"Workflow run ID: 70000000141
Workflow: Kubernetes Deployment Pipeline
Event: pull_request
Status: completed
Conclusion: success
Branch: release
Jobs created: 1
Duration seconds: 412

Job: build
Job status: completed
Job conclusion: success
Runner: GitHub Actions 1134391189
Steps:
- Set up job: success
- Checkout repository: success
- Setup Java 21: success
- Maven Build: success
- Run Unit Tests: success
- SonarQube Analysis: success
- Complete Build: success
- Post Setup Java 21: success
- Post Checkout repository: success
- Complete job: success

Workflow result: all required stages completed successfully
Deployment recommendation: proceed","LOW"
"Workflow run ID: 70000000123
Workflow: Java CI Build
Event: pull_request
Status: completed
Conclusion: success
Branch: hotfix/build-fix
Jobs created: 1
Duration seconds: 278

Job: build
Job status: completed
Job conclusion: success
Runner: GitHub Actions 1316089181
Steps:
- Set up job: success
- Checkout repository: success
- Setup Java 21: success
- Build Project: success
- Run Unit Tests: success
- Code Coverage Check: success
- Package Application: success
- Post Setup Java 21: success
- Post Checkout repository: success
- Complete job: success

Workflow result: all required stages completed successfully
Deployment recommendation: proceed","LOW"
"Workflow run ID: 80000000253
Workflow: Docker Build and Deploy
Event: workflow_dispatch
Status: completed
Conclusion: success
Branch: release
Jobs created: 1
Duration seconds: 491

Job: build
Job status: completed
Job conclusion: success
Runner: GitHub Actions 1063149928
Steps:
- Set up job: success
- Checkout repository: success
- Setup Java 21: success
- Build Project: success
- Run Unit Tests: success
- Code coverage below threshold manual review required: success
- Package Application: success
- Post Setup Java 21: success
- Post Checkout repository: success
- Complete job: success

Warning: Code coverage below threshold manual review required
Workflow result: completed successfully with non-critical warnings
Deployment recommendation: manual review required","MEDIUM"
"Workflow run ID: 70000000331
Workflow: Java CI Build
Event: workflow_dispatch
Status: completed
Conclusion: success
Branch: feature/risk-analysis
Jobs created: 1
Duration seconds: 297

Job: build
Job status: completed
Job conclusion: success
Runner: GitHub Actions 1719432154
Steps:
- Set up job: success
- Checkout repository: success
- Setup Java 21: success
- Compile application: success
- Run Unit Tests: success
- Run Integration Tests: success
- Build Docker Image: success
- Post Setup Java 21: success
- Post Checkout repository: success
- Complete job: success

Workflow result: all required stages completed successfully
Deployment recommendation: proceed","LOW"
"Workflow run ID: 90000000175
Workflow: Spring Boot CI
Event: pull_request
Status: completed
Conclusion: failure
Branch: main
Jobs created: 1
Duration seconds: 62

Job: build
Job status: completed
Job conclusion: failure
Runner: GitHub Actions 1536670106
Steps:
- Set up job: success
- Checkout repository: success
- Setup Java 21: success
- Resolve Maven dependencies: success
- Compile application: success
- Run Unit Tests: success
- Run Integration Tests: failure
- Build Docker Image: skipped
- Deploy to Staging: skipped
- Application Health Check: skipped
- Upload diagnostic reports: success
- Post Setup Java 21: success
- Post Checkout repository: success
- Complete job: success

Error: Integration tests failed connection refused
Process completed with exit code 1
Workflow result: pipeline failed
Deployment recommendation: stop deployment","HIGH"
"Workflow run ID: 70000000197
Workflow: Docker Build and Deploy
Event: push
Status: completed
Conclusion: success
Branch: main
Jobs created: 1
Duration seconds: 353

Job: build
Job status: completed
Job conclusion: success
Runner: GitHub Actions 1060126264
Steps:
- Set up job: success
- Checkout repository: success
- Setup Java 21: success
- Build Project: success
- Run Unit Tests: success
- Code Coverage Check: success
- Package Application: success
- Post Setup Java 21: success
- Post Checkout repository: success
- Complete job: success

Workflow result: all required stages completed successfully
Deployment recommendation: proceed","LOW"
"Workflow run ID: 80000000011
Workflow: Spring Boot CI
Event: pull_request
Status: completed
Conclusion: success
Branch: main
Jobs created: 1
Duration seconds: 282

Job: build
Job status: completed
Job conclusion: success
Runner: GitHub Actions 1137580594
Steps:
- Set up job: success
- Checkout repository: success
- Setup Java 21: success
- Build Project: success
- Run Unit Tests: success
- Medium severity vulnerability detected review required: success
- Package Application: success
- Post Setup Java 21: success
- Post Checkout repository: success
- Complete job: success

Warning: Medium severity vulnerability detected review required
Workflow result: completed successfully with non-critical warnings
Deployment recommendation: manual review required","MEDIUM"
"Workflow run ID: 80000000296
Workflow: Maven Build Pipeline
Event: workflow_dispatch
Status: completed
Conclusion: success
Branch: hotfix/build-fix
Jobs created: 1
Duration seconds: 164

Job: build
Job status: completed
Job conclusion: success
Runner: GitHub Actions 1190542884
Steps:
- Set up job: success
- Checkout repository: success
- Setup Java 21: success
- Build Project: success
- Run Unit Tests: success
- Deprecated dependency detected upgrade recommended: success
- Package Application: success
- Post Setup Java 21: success
- Post Checkout repository: success
- Complete job: success

Warning: Deprecated dependency detected upgrade recommended
Workflow result: completed successfully with non-critical warnings
Deployment recommendation: manual review required","MEDIUM"
"Workflow run ID: 80000000328
Workflow: Cloud Native CI/CD
Event: pull_request
Status: completed
Conclusion: success
Branch: hotfix/build-fix
Jobs created: 1
Duration seconds: 600

Job: build
Job status: completed
Job conclusion: success
Runner: GitHub Actions 1277218743
Steps:
- Set up job: success
- Checkout repository: success
- Setup Java 21: success
- Build Project: success
- Run Unit Tests: success
- Code coverage below threshold manual review required: success
- Deploy to Staging: success
- Post Setup Java 21: success
- Post Checkout repository: success
- Complete job: success

Warning: Code coverage below threshold manual review required
Workflow result: completed successfully with non-critical warnings
Deployment recommendation: manual review required","MEDIUM"
"Workflow run ID: 90000000315
Workflow: Maven Build Pipeline
Event: push
Status: completed
Conclusion: failure
Branch: feature/risk-analysis
Jobs created: 1
Duration seconds: 186

Job: build
Job status: completed
Job conclusion: failure
Runner: GitHub Actions 1912987340
Steps:
- Set up job: success
- Checkout repository: success
- Setup Java 21: success
- Resolve Maven dependencies: success
- Compile application: success
- Run Unit Tests: failure
- Run Integration Tests: skipped
- Build Docker Image: skipped
- Deploy to Staging: skipped
- Application Health Check: skipped
- Upload diagnostic reports: success
- Post Setup Java 21: success
- Post Checkout repository: success
- Complete job: success

Error: Unit tests failed with assertion errors
Process completed with exit code 1
Workflow result: pipeline failed
Deployment recommendation: stop deployment","HIGH"
"Workflow run ID: 90000000052
Workflow: Spring Boot CI
Event: push
Status: completed
Conclusion: failure
Branch: feature/risk-analysis
Jobs created: 1
Duration seconds: 52

Job: build
Job status: completed
Job conclusion: failure
Runner: GitHub Actions 1336112010
Steps:
- Set up job: success
- Checkout repository: success
- Setup Java 21: success
- Resolve Maven dependencies: success
- Compile application: success
- Run Unit Tests: success
- Run Integration Tests: success
- Build Docker Image: success
- Deploy to Staging: success
- Application Health Check: success
- Kubernetes Deployment: failure
- Upload diagnostic reports: success
- Post Setup Java 21: success
- Post Checkout repository: success
- Complete job: success

Error: Kubernetes deployment failed with ImagePullBackOff
Process completed with exit code 1
Workflow result: pipeline failed
Deployment recommendation: stop deployment","HIGH"
"Workflow run ID: 90000000104
Workflow: Cloud Native CI/CD
Event: workflow_dispatch
Status: completed
Conclusion: failure
Branch: hotfix/build-fix
Jobs created: 1
Duration seconds: 311

Job: build
Job status: completed
Job conclusion: failure
Runner: GitHub Actions 1398991708
Steps:
- Set up job: success
- Checkout repository: success
- Setup Java 21: success
- Resolve Maven dependencies: success
- Compile application: success
- Run Unit Tests: failure
- Run Integration Tests: skipped
- Build Docker Image: skipped
- Deploy to Staging: skipped
- Application Health Check: skipped
- Upload diagnostic reports: success
- Post Setup Java 21: success
- Post Checkout repository: success
- Complete job: success

Error: Unit tests failed with assertion errors
Process completed with exit code 1
Workflow result: pipeline failed
Deployment recommendation: stop deployment","HIGH"
"Workflow run ID: 70000000202
Workflow: Docker Build and Deploy
Event: workflow_dispatch
Status: completed
Conclusion: success
Branch: feature/risk-analysis
Jobs created: 1
Duration seconds: 204

Job: build
Job status: completed
Job conclusion: success
Runner: GitHub Actions 1719910497
Steps:
- Set up job: success
- Checkout repository: success
- Setup Java 21: success
- Build Project: success
- Run Unit Tests: success
- Code Coverage Check: success
- Package Application: success
- Post Setup Java 21: success
- Post Checkout repository: success
- Complete job: success

Workflow result: all required stages completed successfully
Deployment recommendation: proceed","LOW"
"Workflow run ID: 90000000027
Workflow: Java CI Build
Event: workflow_dispatch
Status: completed
Conclusion: failure
Branch: hotfix/build-fix
Jobs created: 1
Duration seconds: 320

Job: build
Job status: completed
Job conclusion: failure
Runner: GitHub Actions 1559019829
Steps:
- Set up job: success
- Checkout repository: success
- Setup Java 21: success
- Resolve Maven dependencies: success
- Compile application: success
- Run Unit Tests: success
- Run Integration Tests: failure
- Build Docker Image: skipped
- Deploy to Staging: skipped
- Application Health Check: skipped
- Upload diagnostic reports: success
- Post Setup Java 21: success
- Post Checkout repository: success
- Complete job: success

Error: Integration tests failed connection refused
Process completed with exit code 1
Workflow result: pipeline failed
Deployment recommendation: stop deployment","HIGH"
"Workflow run ID: 90000000262
Workflow: Maven Build Pipeline
Event: workflow_dispatch
Status: completed
Conclusion: failure
Branch: hotfix/build-fix
Jobs created: 1
Duration seconds: 169

Job: build
Job status: completed
Job conclusion: failure
Runner: GitHub Actions 1987237900
Steps:
- Set up job: success
- Checkout repository: success
- Setup Java 21: success
- Resolve Maven dependencies: success
- Compile application: success
- Run Unit Tests: success
- Run Integration Tests: success
- Build Docker Image: failure
- Deploy to Staging: skipped
- Application Health Check: skipped
- Upload diagnostic reports: success
- Post Setup Java 21: success
- Post Checkout repository: success
- Complete job: success

Error: Docker build failed because base image was not found
Process completed with exit code 1
Workflow result: pipeline failed
Deployment recommendation: stop deployment","HIGH"
"Workflow run ID: 80000000246
Workflow: Maven Build Pipeline
Event: workflow_dispatch
Status: completed
Conclusion: success
Branch: feature/risk-analysis
Jobs created: 1
Duration seconds: 395

Job: build
Job status: completed
Job conclusion: success
Runner: GitHub Actions 1530716977
Steps:
- Set up job: success
- Checkout repository: success
- Setup Java 21: success
- Build Project: success
- Run Unit Tests: success
- Code coverage below threshold manual review required: success
- Package Application: success
- Post Setup Java 21: success
- Post Checkout repository: success
- Complete job: success

Warning: Code coverage below threshold manual review required
Workflow result: completed successfully with non-critical warnings
Deployment recommendation: manual review required","MEDIUM"
"Workflow run ID: 90000000210
Workflow: Maven Build Pipeline
Event: push
Status: completed
Conclusion: failure
Branch: main
Jobs created: 1
Duration seconds: 24

Job: build
Job status: completed
Job conclusion: failure
Runner: GitHub Actions 1906594828
Steps:
- Set up job: success
- Checkout repository: success
- Setup Java 21: success
- Resolve Maven dependencies: success
- Compile application: success
- Run Unit Tests: success
- Run Integration Tests: failure
- Build Docker Image: skipped
- Deploy to Staging: skipped
- Application Health Check: skipped
- Upload diagnostic reports: success
- Post Setup Java 21: success
- Post Checkout repository: success
- Complete job: success

Error: Integration tests failed connection refused
Process completed with exit code 1
Workflow result: pipeline failed
Deployment recommendation: stop deployment","HIGH"
"Workflow run ID: 90000000193
Workflow: Cloud Native CI/CD
Event: push
Status: completed
Conclusion: failure
Branch: feature/risk-analysis
Jobs created: 1
Duration seconds: 180

Job: build
Job status: completed
Job conclusion: failure
Runner: GitHub Actions 1796880040
Steps:
- Set up job: success
- Checkout repository: success
- Setup Java 21: success
- Resolve Maven dependencies: success
- Compile application: success
- Run Unit Tests: success
- Run Integration Tests: success
- Build Docker Image: success
- Deploy to Staging: success
- Application Health Check: success
- Security Scan: failure
- Upload diagnostic reports: success
- Post Setup Java 21: success
- Post Checkout repository: success
- Complete job: success

Error: Critical vulnerabilities detected deployment blocked
Process completed with exit code 1
Workflow result: pipeline failed
Deployment recommendation: stop deployment","HIGH"
"Workflow run ID: 90000000199
Workflow: Kubernetes Deployment Pipeline
Event: push
Status: completed
Conclusion: failure
Branch: hotfix/build-fix
Jobs created: 1
Duration seconds: 325

Job: build
Job status: completed
Job conclusion: failure
Runner: GitHub Actions 1987005555
Steps:
- Set up job: success
- Checkout repository: success
- Setup Java 21: success
- Resolve Maven dependencies: success
- Compile application: success
- Run Unit Tests: success
- Run Integration Tests: success
- Build Docker Image: success
- Deploy to Staging: success
- Application Health Check: failure
- Upload diagnostic reports: success
- Post Setup Java 21: success
- Post Checkout repository: success
- Complete job: success

Error: Health check failed after deployment
Process completed with exit code 1
Workflow result: pipeline failed
Deployment recommendation: stop deployment","HIGH"
"Workflow run ID: 90000000216
Workflow: Cloud Native CI/CD
Event: push
Status: completed
Conclusion: failure
Branch: main
Jobs created: 1
Duration seconds: 231

Job: build
Job status: completed
Job conclusion: failure
Runner: GitHub Actions 1495222630
Steps:
- Set up job: success
- Checkout repository: success
- Setup Java 21: success
- Resolve Maven dependencies: success
- Compile application: success
- Run Unit Tests: success
- Run Integration Tests: success
- Build Docker Image: success
- Deploy to Staging: failure
- Application Health Check: skipped
- Upload diagnostic reports: success
- Post Setup Java 21: success
- Post Checkout repository: success
- Complete job: success

Error: Deployment failed because service was unavailable
Process completed with exit code 1
Workflow result: pipeline failed
Deployment recommendation: stop deployment","HIGH"
"Workflow run ID: 90000000036
Workflow: Kubernetes Deployment Pipeline
Event: pull_request
Status: completed
Conclusion: failure
Branch: hotfix/build-fix
Jobs created: 1
Duration seconds: 101

Job: build
Job status: completed
Job conclusion: failure
Runner: GitHub Actions 1719738233
Steps:
- Set up job: success
- Checkout repository: success
- Setup Java 21: success
- Resolve Maven dependencies: success
- Compile application: success
- Run Unit Tests: success
- Run Integration Tests: success
- Build Docker Image: success
- Deploy to Staging: failure
- Application Health Check: skipped
- Upload diagnostic reports: success
- Post Setup Java 21: success
- Post Checkout repository: success
- Complete job: success

Error: Deployment failed because service was unavailable
Process completed with exit code 1
Workflow result: pipeline failed
Deployment recommendation: stop deployment","HIGH"
"Workflow run ID: 90000000289
Workflow: Cloud Native CI/CD
Event: pull_request
Status: completed
Conclusion: failure
Branch: develop
Jobs created: 1
Duration seconds: 345

Job: build
Job status: completed
Job conclusion: failure
Runner: GitHub Actions 1078110279
Steps:
- Set up job: success
- Checkout repository: success
- Setup Java 21: success
- Resolve Maven dependencies: success
- Compile application: success
- Run Unit Tests: success
- Run Integration Tests: success
- Build Docker Image: success
- Deploy to Staging: success
- Application Health Check: success
- Kubernetes Deployment: failure
- Upload diagnostic reports: success
- Post Setup Java 21: success
- Post Checkout repository: success
- Complete job: success

Error: Kubernetes deployment failed with ImagePullBackOff
Process completed with exit code 1
Workflow result: pipeline failed
Deployment recommendation: stop deployment","HIGH"
"Workflow run ID: 80000000199
Workflow: Spring Boot CI
Event: workflow_dispatch
Status: completed
Conclusion: success
Branch: develop
Jobs created: 1
Duration seconds: 414

Job: build
Job status: completed
Job conclusion: success
Runner: GitHub Actions 1487689764
Steps:
- Set up job: success
- Checkout repository: success
- Setup Java 21: success
- Build Project: success
- Run Unit Tests: success
- Memory usage warning detected during compilation: success
- Package Application: success
- Post Setup Java 21: success
- Post Checkout repository: success
- Complete job: success

Warning: Memory usage warning detected during compilation
Workflow result: completed successfully with non-critical warnings
Deployment recommendation: manual review required","MEDIUM"
"Workflow run ID: 70000000132
Workflow: Java CI Build
Event: push
Status: completed
Conclusion: success
Branch: hotfix/build-fix
Jobs created: 1
Duration seconds: 233

Job: build
Job status: completed
Job conclusion: success
Runner: GitHub Actions 1648167076
Steps:
- Set up job: success
- Checkout repository: success
- Setup Java 21: success
- Compile application: success
- Run Unit Tests: success
- Run Integration Tests: success
- Build Docker Image: success
- Post Setup Java 21: success
- Post Checkout repository: success
- Complete job: success

Workflow result: all required stages completed successfully
Deployment recommendation: proceed","LOW"
"Workflow run ID: 90000000014
Workflow: Docker Build and Deploy
Event: pull_request
Status: completed
Conclusion: failure
Branch: main
Jobs created: 1
Duration seconds: 297

Job: build
Job status: completed
Job conclusion: failure
Runner: GitHub Actions 1815368926
Steps:
- Set up job: success
- Checkout repository: success
- Setup Java 21: success
- Resolve Maven dependencies: success
- Compile application: success
- Run Unit Tests: success
- Run Integration Tests: success
- Build Docker Image: success
- Deploy to Staging: success
- Application Health Check: success
- Kubernetes Deployment: failure
- Upload diagnostic reports: success
- Post Setup Java 21: success
- Post Checkout repository: success
- Complete job: success

Error: Kubernetes deployment failed with ImagePullBackOff
Process completed with exit code 1
Workflow result: pipeline failed
Deployment recommendation: stop deployment","HIGH"
"Workflow run ID: 80000000166
Workflow: Cloud Native CI/CD
Event: workflow_dispatch
Status: completed
Conclusion: success
Branch: develop
Jobs created: 1
Duration seconds: 515

Job: build
Job status: completed
Job conclusion: success
Runner: GitHub Actions 1836495410
Steps:
- Set up job: success
- Checkout repository: success
- Setup Java 21: success
- Build Project: success
- Run Unit Tests: success
- Medium severity vulnerability detected review required: success
- Build Docker Image: success
- Post Setup Java 21: success
- Post Checkout repository: success
- Complete job: success

Warning: Medium severity vulnerability detected review required
Workflow result: completed successfully with non-critical warnings
Deployment recommendation: manual review required","MEDIUM"
"Workflow run ID: 70000000083
Workflow: Maven Build Pipeline
Event: push
Status: completed
Conclusion: success
Branch: feature/risk-analysis
Jobs created: 1
Duration seconds: 201

Job: build
Job status: completed
Job conclusion: success
Runner: GitHub Actions 1423555166
Steps:
- Set up job: success
- Checkout repository: success
- Setup Java 21: success
- Compile application: success
- Run Unit Tests: success
- Run Integration Tests: success
- Build Docker Image: success
- Post Setup Java 21: success
- Post Checkout repository: success
- Complete job: success

Workflow result: all required stages completed successfully
Deployment recommendation: proceed","LOW"
"Workflow run ID: 90000000230
Workflow: Java CI Build
Event: push
Status: completed
Conclusion: failure
Branch: main
Jobs created: 1
Duration seconds: 394

Job: build
Job status: completed
Job conclusion: failure
Runner: GitHub Actions 1419620141
Steps:
- Set up job: success
- Checkout repository: success
- Setup Java 21: success
- Resolve Maven dependencies: success
- Compile application: success
- Run Unit Tests: success
- Run Integration Tests: success
- Build Docker Image: success
- Deploy to Staging: success
- Application Health Check: failure
- Upload diagnostic reports: success
- Post Setup Java 21: success
- Post Checkout repository: success
- Complete job: success

Error: Health check failed after deployment
Process completed with exit code 1
Workflow result: pipeline failed
Deployment recommendation: stop deployment","HIGH"
"Workflow run ID: 90000000224
Workflow: Kubernetes Deployment Pipeline
Event: pull_request
Status: completed
Conclusion: failure
Branch: feature/risk-analysis
Jobs created: 1
Duration seconds: 30

Job: build
Job status: completed
Job conclusion: failure
Runner: GitHub Actions 1667139179
Steps:
- Set up job: success
- Checkout repository: success
- Setup Java 21: success
- Resolve Maven dependencies: success
- Compile application: success
- Run Unit Tests: success
- Run Integration Tests: success
- Build Docker Image: success
- Deploy to Staging: success
- Application Health Check: failure
- Upload diagnostic reports: success
- Post Setup Java 21: success
- Post Checkout repository: success
- Complete job: success

Error: Health check failed after deployment
Process completed with exit code 1
Workflow result: pipeline failed
Deployment recommendation: stop deployment","HIGH"
"Workflow run ID: 80000000051
Workflow: Cloud Native CI/CD
Event: pull_request
Status: completed
Conclusion: success
Branch: main
Jobs created: 1
Duration seconds: 116

Job: build
Job status: completed
Job conclusion: success
Runner: GitHub Actions 1075612883
Steps:
- Set up job: success
- Checkout repository: success
- Setup Java 21: success
- Build Project: success
- Run Unit Tests: success
- Staging health check intermittent response detected: success
- Deploy to Staging: success
- Post Setup Java 21: success
- Post Checkout repository: success
- Complete job: success

Warning: Staging health check intermittent response detected
Workflow result: completed successfully with non-critical warnings
Deployment recommendation: manual review required","MEDIUM"
"Workflow run ID: 70000000201
Workflow: Kubernetes Deployment Pipeline
Event: push
Status: completed
Conclusion: success
Branch: feature/risk-analysis
Jobs created: 1
Duration seconds: 281

Job: build
Job status: completed
Job conclusion: success
Runner: GitHub Actions 1870184385
Steps:
- Set up job: success
- Checkout repository: success
- Setup Java 21: success
- Compile application: success
- Run Unit Tests: success
- Run Integration Tests: success
- Build Docker Image: success
- Post Setup Java 21: success
- Post Checkout repository: success
- Complete job: success

Workflow result: all required stages completed successfully
Deployment recommendation: proceed","LOW"
"Workflow run ID: 90000000312
Workflow: Cloud Native CI/CD
Event: workflow_dispatch
Status: completed
Conclusion: failure
Branch: develop
Jobs created: 1
Duration seconds: 249

Job: build
Job status: completed
Job conclusion: failure
Runner: GitHub Actions 1693815953
Steps:
- Set up job: success
- Checkout repository: success
- Setup Java 21: success
- Resolve Maven dependencies: success
- Compile application: success
- Run Unit Tests: success
- Run Integration Tests: success
- Build Docker Image: success
- Deploy to Staging: failure
- Application Health Check: skipped
- Upload diagnostic reports: success
- Post Setup Java 21: success
- Post Checkout repository: success
- Complete job: success

Error: Deployment failed because service was unavailable
Process completed with exit code 1
Workflow result: pipeline failed
Deployment recommendation: stop deployment","HIGH"
"Workflow run ID: 80000000305
Workflow: Maven Build Pipeline
Event: workflow_dispatch
Status: completed
Conclusion: success
Branch: release
Jobs created: 1
Duration seconds: 192

Job: build
Job status: completed
Job conclusion: success
Runner: GitHub Actions 1367408103
Steps:
- Set up job: success
- Checkout repository: success
- Setup Java 21: success
- Build Project: success
- Run Unit Tests: success
- Minor configuration warning detected during deployment: success
- Deploy to Staging: success
- Post Setup Java 21: success
- Post Checkout repository: success
- Complete job: success

Warning: Minor configuration warning detected during deployment
Workflow result: completed successfully with non-critical warnings
Deployment recommendation: manual review required","MEDIUM"
"Workflow run ID: 80000000251
Workflow: Kubernetes Deployment Pipeline
Event: workflow_dispatch
Status: completed
Conclusion: success
Branch: feature/risk-analysis
Jobs created: 1
Duration seconds: 379

Job: build
Job status: completed
Job conclusion: success
Runner: GitHub Actions 1438717555
Steps:
- Set up job: success
- Checkout repository: success
- Setup Java 21: success
- Build Project: success
- Run Unit Tests: success
- Deprecated dependency detected upgrade recommended: success
- Deploy to Staging: success
- Post Setup Java 21: success
- Post Checkout repository: success
- Complete job: success

Warning: Deprecated dependency detected upgrade recommended
Workflow result: completed successfully with non-critical warnings
Deployment recommendation: manual review required","MEDIUM"
"Workflow run ID: 80000000235
Workflow: Java CI Build
Event: workflow_dispatch
Status: completed
Conclusion: success
Branch: release
Jobs created: 1
Duration seconds: 450

Job: build
Job status: completed
Job conclusion: success
Runner: GitHub Actions 1068815557
Steps:
- Set up job: success
- Checkout repository: success
- Setup Java 21: success
- Build Project: success
- Run Unit Tests: success
- Staging health check intermittent response detected: success
- Build Docker Image: success
- Post Setup Java 21: success
- Post Checkout repository: success
- Complete job: success

Warning: Staging health check intermittent response detected
Workflow result: completed successfully with non-critical warnings
Deployment recommendation: manual review required","MEDIUM"
"Workflow run ID: 70000000219
Workflow: Spring Boot CI
Event: workflow_dispatch
Status: completed
Conclusion: success
Branch: feature/risk-analysis
Jobs created: 1
Duration seconds: 449

Job: build
Job status: completed
Job conclusion: success
Runner: GitHub Actions 1394575013
Steps:
- Set up job: success
- Checkout repository: success
- Setup Java 21: success
- Build Project: success
- Run Unit Tests: success
- Code Coverage Check: success
- Package Application: success
- Post Setup Java 21: success
- Post Checkout repository: success
- Complete job: success

Workflow result: all required stages completed successfully
Deployment recommendation: proceed","LOW"
"Workflow run ID: 70000000312
Workflow: Maven Build Pipeline
Event: workflow_dispatch
Status: completed
Conclusion: success
Branch: develop
Jobs created: 1
Duration seconds: 343

Job: build
Job status: completed
Job conclusion: success
Runner: GitHub Actions 1875707938
Steps:
- Set up job: success
- Checkout repository: success
- Setup Java 21: success
- Build Project: success
- Dependency Scan: success
- Security Scan: success
- Publish Artifact: success
- Post Setup Java 21: success
- Post Checkout repository: success
- Complete job: success

Workflow result: all required stages completed successfully
Deployment recommendation: proceed","LOW"
"Workflow run ID: 70000000300
Workflow: Cloud Native CI/CD
Event: push
Status: completed
Conclusion: success
Branch: hotfix/build-fix
Jobs created: 1
Duration seconds: 150

Job: build
Job status: completed
Job conclusion: success
Runner: GitHub Actions 1197721739
Steps:
- Set up job: success
- Checkout repository: success
- Setup Java 21: success
- Build Docker Image: success
- Push Docker Image: success
- Deploy to Staging: success
- Application Health Check: success
- Post Setup Java 21: success
- Post Checkout repository: success
- Complete job: success

Workflow result: all required stages completed successfully
Deployment recommendation: proceed","LOW"
"Workflow run ID: 70000000281
Workflow: Spring Boot CI
Event: push
Status: completed
Conclusion: success
Branch: release
Jobs created: 1
Duration seconds: 138

Job: build
Job status: completed
Job conclusion: success
Runner: GitHub Actions 1946172817
Steps:
- Set up job: success
- Checkout repository: success
- Setup Java 21: success
- Build Project: success
- Dependency Scan: success
- Security Scan: success
- Publish Artifact: success
- Post Setup Java 21: success
- Post Checkout repository: success
- Complete job: success

Workflow result: all required stages completed successfully
Deployment recommendation: proceed","LOW"
"Workflow run ID: 70000000295
Workflow: Spring Boot CI
Event: push
Status: completed
Conclusion: success
Branch: release
Jobs created: 1
Duration seconds: 540

Job: build
Job status: completed
Job conclusion: success
Runner: GitHub Actions 1283971708
Steps:
- Set up job: success
- Checkout repository: success
- Setup Java 21: success
- Maven Build: success
- Run Unit Tests: success
- SonarQube Analysis: success
- Complete Build: success
- Post Setup Java 21: success
- Post Checkout repository: success
- Complete job: success

Workflow result: all required stages completed successfully
Deployment recommendation: proceed","LOW"
"Workflow run ID: 90000000075
Workflow: Kubernetes Deployment Pipeline
Event: pull_request
Status: completed
Conclusion: failure
Branch: main
Jobs created: 1
Duration seconds: 337

Job: build
Job status: completed
Job conclusion: failure
Runner: GitHub Actions 1457979780
Steps:
- Set up job: success
- Checkout repository: success
- Setup Java 21: success
- Resolve Maven dependencies: success
- Compile application: success
- Run Unit Tests: failure
- Run Integration Tests: skipped
- Build Docker Image: skipped
- Deploy to Staging: skipped
- Application Health Check: skipped
- Upload diagnostic reports: success
- Post Setup Java 21: success
- Post Checkout repository: success
- Complete job: success

Error: Unit tests failed with assertion errors
Process completed with exit code 1
Workflow result: pipeline failed
Deployment recommendation: stop deployment","HIGH"
"Workflow run ID: 80000000020
Workflow: Docker Build and Deploy
Event: push
Status: completed
Conclusion: success
Branch: main
Jobs created: 1
Duration seconds: 299

Job: build
Job status: completed
Job conclusion: success
Runner: GitHub Actions 1957466495
Steps:
- Set up job: success
- Checkout repository: success
- Setup Java 21: success
- Build Project: success
- Run Unit Tests: success
- Minor configuration warning detected during deployment: success
- Deploy to Staging: success
- Post Setup Java 21: success
- Post Checkout repository: success
- Complete job: success

Warning: Minor configuration warning detected during deployment
Workflow result: completed successfully with non-critical warnings
Deployment recommendation: manual review required","MEDIUM"
"Workflow run ID: 70000000148
Workflow: Kubernetes Deployment Pipeline
Event: push
Status: completed
Conclusion: success
Branch: develop
Jobs created: 1
Duration seconds: 188

Job: build
Job status: completed
Job conclusion: success
Runner: GitHub Actions 1684538918
Steps:
- Set up job: success
- Checkout repository: success
- Setup Java 21: success
- Build Project: success
- Dependency Scan: success
- Security Scan: success
- Publish Artifact: success
- Post Setup Java 21: success
- Post Checkout repository: success
- Complete job: success

Workflow result: all required stages completed successfully
Deployment recommendation: proceed","LOW"
"Workflow run ID: 80000000171
Workflow: Docker Build and Deploy
Event: workflow_dispatch
Status: completed
Conclusion: success
Branch: hotfix/build-fix
Jobs created: 1
Duration seconds: 288

Job: build
Job status: completed
Job conclusion: success
Runner: GitHub Actions 1795280819
Steps:
- Set up job: success
- Checkout repository: success
- Setup Java 21: success
- Build Project: success
- Run Unit Tests: success
- Deprecated dependency detected upgrade recommended: success
- Deploy to Staging: success
- Post Setup Java 21: success
- Post Checkout repository: success
- Complete job: success

Warning: Deprecated dependency detected upgrade recommended
Workflow result: completed successfully with non-critical warnings
Deployment recommendation: manual review required","MEDIUM"
"Workflow run ID: 80000000267
Workflow: Kubernetes Deployment Pipeline
Event: pull_request
Status: completed
Conclusion: success
Branch: feature/risk-analysis
Jobs created: 1
Duration seconds: 177

Job: build
Job status: completed
Job conclusion: success
Runner: GitHub Actions 1791401056
Steps:
- Set up job: success
- Checkout repository: success
- Setup Java 21: success
- Build Project: success
- Run Unit Tests: success
- Manual deployment approval required: success
- Package Application: success
- Post Setup Java 21: success
- Post Checkout repository: success
- Complete job: success

Warning: Manual deployment approval required
Workflow result: completed successfully with non-critical warnings
Deployment recommendation: manual review required","MEDIUM"
"Workflow run ID: 90000000021
Workflow: Cloud Native CI/CD
Event: push
Status: completed
Conclusion: failure
Branch: release
Jobs created: 1
Duration seconds: 400

Job: build
Job status: completed
Job conclusion: failure
Runner: GitHub Actions 1263826500
Steps:
- Set up job: success
- Checkout repository: success
- Setup Java 21: success
- Resolve Maven dependencies: success
- Compile application: success
- Run Unit Tests: success
- Run Integration Tests: success
- Build Docker Image: success
- Deploy to Staging: success
- Application Health Check: success
- Security Scan: failure
- Upload diagnostic reports: success
- Post Setup Java 21: success
- Post Checkout repository: success
- Complete job: success

Error: Critical vulnerabilities detected deployment blocked
Process completed with exit code 1
Workflow result: pipeline failed
Deployment recommendation: stop deployment","HIGH"
"Workflow run ID: 80000000306
Workflow: Cloud Native CI/CD
Event: pull_request
Status: completed
Conclusion: success
Branch: release
Jobs created: 1
Duration seconds: 436

Job: build
Job status: completed
Job conclusion: success
Runner: GitHub Actions 1823756372
Steps:
- Set up job: success
- Checkout repository: success
- Setup Java 21: success
- Build Project: success
- Run Unit Tests: success
- Docker image size exceeded recommended limit: success
- Deploy to Staging: success
- Post Setup Java 21: success
- Post Checkout repository: success
- Complete job: success

Warning: Docker image size exceeded recommended limit
Workflow result: completed successfully with non-critical warnings
Deployment recommendation: manual review required","MEDIUM"
"Workflow run ID: 90000000012
Workflow: Maven Build Pipeline
Event: pull_request
Status: completed
Conclusion: failure
Branch: develop
Jobs created: 1
Duration seconds: 54

Job: build
Job status: completed
Job conclusion: failure
Runner: GitHub Actions 1074016662
Steps:
- Set up job: success
- Checkout repository: success
- Setup Java 21: success
- Resolve Maven dependencies: success
- Compile application: success
- Run Unit Tests: success
- Run Integration Tests: success
- Build Docker Image: success
- Deploy to Staging: success
- Application Health Check: success
- Database Migration: failure
- Upload diagnostic reports: success
- Post Setup Java 21: success
- Post Checkout repository: success
- Complete job: success

Error: Database migration failed and deployment was stopped
Process completed with exit code 1
Workflow result: pipeline failed
Deployment recommendation: stop deployment","HIGH"
"Workflow run ID: 90000000031
Workflow: Docker Build and Deploy
Event: workflow_dispatch
Status: completed
Conclusion: failure
Branch: develop
Jobs created: 1
Duration seconds: 79

Job: build
Job status: completed
Job conclusion: failure
Runner: GitHub Actions 1700009458
Steps:
- Set up job: success
- Checkout repository: success
- Setup Java 21: success
- Resolve Maven dependencies: success
- Compile application: success
- Run Unit Tests: success
- Run Integration Tests: success
- Build Docker Image: failure
- Deploy to Staging: skipped
- Application Health Check: skipped
- Upload diagnostic reports: success
- Post Setup Java 21: success
- Post Checkout repository: success
- Complete job: success

Error: Docker build failed because base image was not found
Process completed with exit code 1
Workflow result: pipeline failed
Deployment recommendation: stop deployment","HIGH"
"Workflow run ID: 70000000218
Workflow: Spring Boot CI
Event: pull_request
Status: completed
Conclusion: success
Branch: feature/risk-analysis
Jobs created: 1
Duration seconds: 421

Job: build
Job status: completed
Job conclusion: success
Runner: GitHub Actions 1428025334
Steps:
- Set up job: success
- Checkout repository: success
- Setup Java 21: success
- Compile application: success
- Run Unit Tests: success
- Run Integration Tests: success
- Build Docker Image: success
- Post Setup Java 21: success
- Post Checkout repository: success
- Complete job: success

Workflow result: all required stages completed successfully
Deployment recommendation: proceed","LOW"
"Workflow run ID: 90000000018
Workflow: Maven Build Pipeline
Event: pull_request
Status: completed
Conclusion: failure
Branch: develop
Jobs created: 1
Duration seconds: 133

Job: build
Job status: completed
Job conclusion: failure
Runner: GitHub Actions 1639331222
Steps:
- Set up job: success
- Checkout repository: success
- Setup Java 21: success
- Resolve Maven dependencies: success
- Compile application: success
- Run Unit Tests: success
- Run Integration Tests: success
- Build Docker Image: failure
- Deploy to Staging: skipped
- Application Health Check: skipped
- Upload diagnostic reports: success
- Post Setup Java 21: success
- Post Checkout repository: success
- Complete job: success

Error: Docker build failed because base image was not found
Process completed with exit code 1
Workflow result: pipeline failed
Deployment recommendation: stop deployment","HIGH"
"Workflow run ID: 70000000068
Workflow: Maven Build Pipeline
Event: push
Status: completed
Conclusion: success
Branch: release
Jobs created: 1
Duration seconds: 127

Job: build
Job status: completed
Job conclusion: success
Runner: GitHub Actions 1124621384
Steps:
- Set up job: success
- Checkout repository: success
- Setup Java 21: success
- Build Docker Image: success
- Push Docker Image: success
- Deploy to Staging: success
- Application Health Check: success
- Post Setup Java 21: success
- Post Checkout repository: success
- Complete job: success

Workflow result: all required stages completed successfully
Deployment recommendation: proceed","LOW"
"Workflow run ID: 70000000136
Workflow: Java CI Build
Event: pull_request
Status: completed
Conclusion: success
Branch: develop
Jobs created: 1
Duration seconds: 240

Job: build
Job status: completed
Job conclusion: success
Runner: GitHub Actions 1394723684
Steps:
- Set up job: success
- Checkout repository: success
- Setup Java 21: success
- Build Project: success
- Dependency Scan: success
- Security Scan: success
- Publish Artifact: success
- Post Setup Java 21: success
- Post Checkout repository: success
- Complete job: success

Workflow result: all required stages completed successfully
Deployment recommendation: proceed","LOW"
"Workflow run ID: 80000000276
Workflow: Cloud Native CI/CD
Event: pull_request
Status: completed
Conclusion: success
Branch: release
Jobs created: 1
Duration seconds: 200

Job: build
Job status: completed
Job conclusion: success
Runner: GitHub Actions 1755267155
Steps:
- Set up job: success
- Checkout repository: success
- Setup Java 21: success
- Build Project: success
- Run Unit Tests: success
- Staging health check intermittent response detected: success
- Build Docker Image: success
- Post Setup Java 21: success
- Post Checkout repository: success
- Complete job: success

Warning: Staging health check intermittent response detected
Workflow result: completed successfully with non-critical warnings
Deployment recommendation: manual review required","MEDIUM"
"Workflow run ID: 90000000010
Workflow: Docker Build and Deploy
Event: workflow_dispatch
Status: completed
Conclusion: failure
Branch: feature/risk-analysis
Jobs created: 1
Duration seconds: 325

Job: build
Job status: completed
Job conclusion: failure
Runner: GitHub Actions 1227758748
Steps:
- Set up job: success
- Checkout repository: success
- Setup Java 21: success
- Resolve Maven dependencies: success
- Compile application: success
- Run Unit Tests: success
- Run Integration Tests: failure
- Build Docker Image: skipped
- Deploy to Staging: skipped
- Application Health Check: skipped
- Upload diagnostic reports: success
- Post Setup Java 21: success
- Post Checkout repository: success
- Complete job: success

Error: Integration tests failed connection refused
Process completed with exit code 1
Workflow result: pipeline failed
Deployment recommendation: stop deployment","HIGH"
"Workflow run ID: 90000000136
Workflow: Docker Build and Deploy
Event: pull_request
Status: completed
Conclusion: failure
Branch: hotfix/build-fix
Jobs created: 1
Duration seconds: 101

Job: build
Job status: completed
Job conclusion: failure
Runner: GitHub Actions 1547356154
Steps:
- Set up job: success
- Checkout repository: success
- Setup Java 21: success
- Resolve Maven dependencies: success
- Compile application: failure
- Run Unit Tests: skipped
- Run Integration Tests: skipped
- Build Docker Image: skipped
- Deploy to Staging: skipped
- Application Health Check: skipped
- Upload diagnostic reports: success
- Post Setup Java 21: success
- Post Checkout repository: success
- Complete job: success

Error: Compilation failed because symbol could not be resolved
Process completed with exit code 1
Workflow result: pipeline failed
Deployment recommendation: stop deployment","HIGH"
"Workflow run ID: 80000000244
Workflow: Cloud Native CI/CD
Event: pull_request
Status: completed
Conclusion: success
Branch: main
Jobs created: 1
Duration seconds: 221

Job: build
Job status: completed
Job conclusion: success
Runner: GitHub Actions 1294121418
Steps:
- Set up job: success
- Checkout repository: success
- Setup Java 21: success
- Build Project: success
- Run Unit Tests: success
- Flaky tests detected retry passed manual review required: success
- Package Application: success
- Post Setup Java 21: success
- Post Checkout repository: success
- Complete job: success

Warning: Flaky tests detected retry passed manual review required
Workflow result: completed successfully with non-critical warnings
Deployment recommendation: manual review required","MEDIUM"
"Workflow run ID: 80000000260
Workflow: Java CI Build
Event: push
Status: completed
Conclusion: success
Branch: main
Jobs created: 1
Duration seconds: 286

Job: build
Job status: completed
Job conclusion: success
Runner: GitHub Actions 1783907960
Steps:
- Set up job: success
- Checkout repository: success
- Setup Java 21: success
- Build Project: success
- Run Unit Tests: success
- Medium severity vulnerability detected review required: success
- Build Docker Image: success
- Post Setup Java 21: success
- Post Checkout repository: success
- Complete job: success

Warning: Medium severity vulnerability detected review required
Workflow result: completed successfully with non-critical warnings
Deployment recommendation: manual review required","MEDIUM"
"Workflow run ID: 80000000127
Workflow: Cloud Native CI/CD
Event: push
Status: completed
Conclusion: success
Branch: develop
Jobs created: 1
Duration seconds: 170

Job: build
Job status: completed
Job conclusion: success
Runner: GitHub Actions 1551262362
Steps:
- Set up job: success
- Checkout repository: success
- Setup Java 21: success
- Build Project: success
- Run Unit Tests: success
- Deprecated dependency detected upgrade recommended: success
- Deploy to Staging: success
- Post Setup Java 21: success
- Post Checkout repository: success
- Complete job: success

Warning: Deprecated dependency detected upgrade recommended
Workflow result: completed successfully with non-critical warnings
Deployment recommendation: manual review required","MEDIUM"
"Workflow run ID: 90000000217
Workflow: Java CI Build
Event: pull_request
Status: completed
Conclusion: failure
Branch: feature/risk-analysis
Jobs created: 1
Duration seconds: 56

Job: build
Job status: completed
Job conclusion: failure
Runner: GitHub Actions 1765405207
Steps:
- Set up job: success
- Checkout repository: success
- Setup Java 21: success
- Resolve Maven dependencies: success
- Compile application: failure
- Run Unit Tests: skipped
- Run Integration Tests: skipped
- Build Docker Image: skipped
- Deploy to Staging: skipped
- Application Health Check: skipped
- Upload diagnostic reports: success
- Post Setup Java 21: success
- Post Checkout repository: success
- Complete job: success

Error: Compilation failed because symbol could not be resolved
Process completed with exit code 1
Workflow result: pipeline failed
Deployment recommendation: stop deployment","HIGH"
"Workflow run ID: 80000000326
Workflow: Java CI Build
Event: workflow_dispatch
Status: completed
Conclusion: success
Branch: develop
Jobs created: 1
Duration seconds: 553

Job: build
Job status: completed
Job conclusion: success
Runner: GitHub Actions 1748952531
Steps:
- Set up job: success
- Checkout repository: success
- Setup Java 21: success
- Build Project: success
- Run Unit Tests: success
- Medium severity vulnerability detected review required: success
- Package Application: success
- Post Setup Java 21: success
- Post Checkout repository: success
- Complete job: success

Warning: Medium severity vulnerability detected review required
Workflow result: completed successfully with non-critical warnings
Deployment recommendation: manual review required","MEDIUM"
"Workflow run ID: 90000000039
Workflow: Cloud Native CI/CD
Event: workflow_dispatch
Status: completed
Conclusion: failure
Branch: develop
Jobs created: 1
Duration seconds: 312

Job: build
Job status: completed
Job conclusion: failure
Runner: GitHub Actions 1081141524
Steps:
- Set up job: success
- Checkout repository: success
- Setup Java 21: success
- Resolve Maven dependencies: success
- Compile application: success
- Run Unit Tests: success
- Run Integration Tests: success
- Build Docker Image: success
- Deploy to Staging: success
- Application Health Check: success
- Security Scan: failure
- Upload diagnostic reports: success
- Post Setup Java 21: success
- Post Checkout repository: success
- Complete job: success

Error: Critical vulnerabilities detected deployment blocked
Process completed with exit code 1
Workflow result: pipeline failed
Deployment recommendation: stop deployment","HIGH"
"Workflow run ID: 70000000240
Workflow: Cloud Native CI/CD
Event: pull_request
Status: completed
Conclusion: success
Branch: release
Jobs created: 1
Duration seconds: 258

Job: build
Job status: completed
Job conclusion: success
Runner: GitHub Actions 1182784872
Steps:
- Set up job: success
- Checkout repository: success
- Setup Java 21: success
- Build Docker Image: success
- Push Docker Image: success
- Deploy to Staging: success
- Application Health Check: success
- Post Setup Java 21: success
- Post Checkout repository: success
- Complete job: success

Workflow result: all required stages completed successfully
Deployment recommendation: proceed","LOW"
"Workflow run ID: 70000000097
Workflow: Kubernetes Deployment Pipeline
Event: pull_request
Status: completed
Conclusion: success
Branch: develop
Jobs created: 1
Duration seconds: 412

Job: build
Job status: completed
Job conclusion: success
Runner: GitHub Actions 1435905007
Steps:
- Set up job: success
- Checkout repository: success
- Setup Java 21: success
- Compile application: success
- Run Unit Tests: success
- Run Integration Tests: success
- Build Docker Image: success
- Post Setup Java 21: success
- Post Checkout repository: success
- Complete job: success

Workflow result: all required stages completed successfully
Deployment recommendation: proceed","LOW"
"Workflow run ID: 80000000262
Workflow: Kubernetes Deployment Pipeline
Event: pull_request
Status: completed
Conclusion: success
Branch: main
Jobs created: 1
Duration seconds: 298

Job: build
Job status: completed
Job conclusion: success
Runner: GitHub Actions 1450940829
Steps:
- Set up job: success
- Checkout repository: success
- Setup Java 21: success
- Build Project: success
- Run Unit Tests: success
- Flaky tests detected retry passed manual review required: success
- Deploy to Staging: success
- Post Setup Java 21: success
- Post Checkout repository: success
- Complete job: success

Warning: Flaky tests detected retry passed manual review required
Workflow result: completed successfully with non-critical warnings
Deployment recommendation: manual review required","MEDIUM"
"Workflow run ID: 90000000134
Workflow: Spring Boot CI
Event: pull_request
Status: completed
Conclusion: failure
Branch: release
Jobs created: 1
Duration seconds: 326

Job: build
Job status: completed
Job conclusion: failure
Runner: GitHub Actions 1170975869
Steps:
- Set up job: success
- Checkout repository: success
- Setup Java 21: success
- Resolve Maven dependencies: success
- Compile application: success
- Run Unit Tests: success
- Run Integration Tests: success
- Build Docker Image: failure
- Deploy to Staging: skipped
- Application Health Check: skipped
- Upload diagnostic reports: success
- Post Setup Java 21: success
- Post Checkout repository: success
- Complete job: success

Error: Docker build failed because base image was not found
Process completed with exit code 1
Workflow result: pipeline failed
Deployment recommendation: stop deployment","HIGH"
"Workflow run ID: 90000000042
Workflow: Maven Build Pipeline
Event: push
Status: completed
Conclusion: failure
Branch: release
Jobs created: 1
Duration seconds: 353

Job: build
Job status: completed
Job conclusion: failure
Runner: GitHub Actions 1904964313
Steps:
- Set up job: success
- Checkout repository: success
- Setup Java 21: success
- Resolve Maven dependencies: success
- Compile application: success
- Run Unit Tests: success
- Run Integration Tests: success
- Build Docker Image: success
- Deploy to Staging: success
- Application Health Check: success
- Security Scan: failure
- Upload diagnostic reports: success
- Post Setup Java 21: success
- Post Checkout repository: success
- Complete job: success

Error: Critical vulnerabilities detected deployment blocked
Process completed with exit code 1
Workflow result: pipeline failed
Deployment recommendation: stop deployment","HIGH"
"Workflow run ID: 90000000321
Workflow: Java CI Build
Event: pull_request
Status: completed
Conclusion: failure
Branch: main
Jobs created: 1
Duration seconds: 267

Job: build
Job status: completed
Job conclusion: failure
Runner: GitHub Actions 1719027303
Steps:
- Set up job: success
- Checkout repository: success
- Setup Java 21: success
- Resolve Maven dependencies: success
- Compile application: success
- Run Unit Tests: success
- Run Integration Tests: failure
- Build Docker Image: skipped
- Deploy to Staging: skipped
- Application Health Check: skipped
- Upload diagnostic reports: success
- Post Setup Java 21: success
- Post Checkout repository: success
- Complete job: success

Error: Integration tests failed connection refused
Process completed with exit code 1
Workflow result: pipeline failed
Deployment recommendation: stop deployment","HIGH"
"Workflow run ID: 70000000051
Workflow: Kubernetes Deployment Pipeline
Event: push
Status: completed
Conclusion: success
Branch: main
Jobs created: 1
Duration seconds: 496

Job: build
Job status: completed
Job conclusion: success
Runner: GitHub Actions 1889529667
Steps:
- Set up job: success
- Checkout repository: success
- Setup Java 21: success
- Build Project: success
- Dependency Scan: success
- Security Scan: success
- Publish Artifact: success
- Post Setup Java 21: success
- Post Checkout repository: success
- Complete job: success

Workflow result: all required stages completed successfully
Deployment recommendation: proceed","LOW"
"Workflow run ID: 80000000229
Workflow: Java CI Build
Event: push
Status: completed
Conclusion: success
Branch: main
Jobs created: 1
Duration seconds: 588

Job: build
Job status: completed
Job conclusion: success
Runner: GitHub Actions 1472815892
Steps:
- Set up job: success
- Checkout repository: success
- Setup Java 21: success
- Build Project: success
- Run Unit Tests: success
- Minor configuration warning detected during deployment: success
- Deploy to Staging: success
- Post Setup Java 21: success
- Post Checkout repository: success
- Complete job: success

Warning: Minor configuration warning detected during deployment
Workflow result: completed successfully with non-critical warnings
Deployment recommendation: manual review required","MEDIUM"
"Workflow run ID: 80000000088
Workflow: Docker Build and Deploy
Event: push
Status: completed
Conclusion: success
Branch: develop
Jobs created: 1
Duration seconds: 177

Job: build
Job status: completed
Job conclusion: success
Runner: GitHub Actions 1272055839
Steps:
- Set up job: success
- Checkout repository: success
- Setup Java 21: success
- Build Project: success
- Run Unit Tests: success
- Docker image size exceeded recommended limit: success
- Build Docker Image: success
- Post Setup Java 21: success
- Post Checkout repository: success
- Complete job: success

Warning: Docker image size exceeded recommended limit
Workflow result: completed successfully with non-critical warnings
Deployment recommendation: manual review required","MEDIUM"
"Workflow run ID: 90000000044
Workflow: Spring Boot CI
Event: pull_request
Status: completed
Conclusion: failure
Branch: hotfix/build-fix
Jobs created: 1
Duration seconds: 92

Job: build
Job status: completed
Job conclusion: failure
Runner: GitHub Actions 1778029778
Steps:
- Set up job: success
- Checkout repository: success
- Setup Java 21: success
- Resolve Maven dependencies: success
- Compile application: success
- Run Unit Tests: success
- Run Integration Tests: success
- Build Docker Image: success
- Deploy to Staging: success
- Application Health Check: success
- Kubernetes Deployment: failure
- Upload diagnostic reports: success
- Post Setup Java 21: success
- Post Checkout repository: success
- Complete job: success

Error: Kubernetes deployment failed with ImagePullBackOff
Process completed with exit code 1
Workflow result: pipeline failed
Deployment recommendation: stop deployment","HIGH"
"Workflow run ID: 80000000308
Workflow: Maven Build Pipeline
Event: workflow_dispatch
Status: completed
Conclusion: success
Branch: release
Jobs created: 1
Duration seconds: 608

Job: build
Job status: completed
Job conclusion: success
Runner: GitHub Actions 1880428946
Steps:
- Set up job: success
- Checkout repository: success
- Setup Java 21: success
- Build Project: success
- Run Unit Tests: success
- Code coverage below threshold manual review required: success
- Build Docker Image: success
- Post Setup Java 21: success
- Post Checkout repository: success
- Complete job: success

Warning: Code coverage below threshold manual review required
Workflow result: completed successfully with non-critical warnings
Deployment recommendation: manual review required","MEDIUM"
"Workflow run ID: 90000000326
Workflow: Docker Build and Deploy
Event: push
Status: completed
Conclusion: failure
Branch: main
Jobs created: 1
Duration seconds: 363

Job: build
Job status: completed
Job conclusion: failure
Runner: GitHub Actions 1547928738
Steps:
- Set up job: success
- Checkout repository: success
- Setup Java 21: success
- Resolve Maven dependencies: success
- Compile application: success
- Run Unit Tests: success
- Run Integration Tests: success
- Build Docker Image: success
- Deploy to Staging: failure
- Application Health Check: skipped
- Upload diagnostic reports: success
- Post Setup Java 21: success
- Post Checkout repository: success
- Complete job: success

Error: Deployment failed because service was unavailable
Process completed with exit code 1
Workflow result: pipeline failed
Deployment recommendation: stop deployment","HIGH"
"Workflow run ID: 80000000128
Workflow: Cloud Native CI/CD
Event: push
Status: completed
Conclusion: success
Branch: develop
Jobs created: 1
Duration seconds: 380

Job: build
Job status: completed
Job conclusion: success
Runner: GitHub Actions 1024988971
Steps:
- Set up job: success
- Checkout repository: success
- Setup Java 21: success
- Build Project: success
- Run Unit Tests: success
- Code coverage below threshold manual review required: success
- Package Application: success
- Post Setup Java 21: success
- Post Checkout repository: success
- Complete job: success

Warning: Code coverage below threshold manual review required
Workflow result: completed successfully with non-critical warnings
Deployment recommendation: manual review required","MEDIUM"
"Workflow run ID: 80000000210
Workflow: Kubernetes Deployment Pipeline
Event: pull_request
Status: completed
Conclusion: success
Branch: main
Jobs created: 1
Duration seconds: 215

Job: build
Job status: completed
Job conclusion: success
Runner: GitHub Actions 1286579733
Steps:
- Set up job: success
- Checkout repository: success
- Setup Java 21: success
- Build Project: success
- Run Unit Tests: success
- Manual deployment approval required: success
- Deploy to Staging: success
- Post Setup Java 21: success
- Post Checkout repository: success
- Complete job: success

Warning: Manual deployment approval required
Workflow result: completed successfully with non-critical warnings
Deployment recommendation: manual review required","MEDIUM"
"Workflow run ID: 90000000222
Workflow: Java CI Build
Event: push
Status: completed
Conclusion: failure
Branch: main
Jobs created: 1
Duration seconds: 396

Job: build
Job status: completed
Job conclusion: failure
Runner: GitHub Actions 1807884749
Steps:
- Set up job: success
- Checkout repository: success
- Setup Java 21: success
- Resolve Maven dependencies: success
- Compile application: success
- Run Unit Tests: success
- Run Integration Tests: success
- Build Docker Image: success
- Deploy to Staging: failure
- Application Health Check: skipped
- Upload diagnostic reports: success
- Post Setup Java 21: success
- Post Checkout repository: success
- Complete job: success

Error: Deployment failed because service was unavailable
Process completed with exit code 1
Workflow result: pipeline failed
Deployment recommendation: stop deployment","HIGH"
"Workflow run ID: 90000000061
Workflow: Docker Build and Deploy
Event: push
Status: completed
Conclusion: failure
Branch: develop
Jobs created: 1
Duration seconds: 99

Job: build
Job status: completed
Job conclusion: failure
Runner: GitHub Actions 1931139170
Steps:
- Set up job: success
- Checkout repository: success
- Setup Java 21: success
- Resolve Maven dependencies: success
- Compile application: success
- Run Unit Tests: success
- Run Integration Tests: failure
- Build Docker Image: skipped
- Deploy to Staging: skipped
- Application Health Check: skipped
- Upload diagnostic reports: success
- Post Setup Java 21: success
- Post Checkout repository: success
- Complete job: success

Error: Integration tests failed connection refused
Process completed with exit code 1
Workflow result: pipeline failed
Deployment recommendation: stop deployment","HIGH"
"Workflow run ID: 70000000190
Workflow: Spring Boot CI
Event: workflow_dispatch
Status: completed
Conclusion: success
Branch: release
Jobs created: 1
Duration seconds: 110

Job: build
Job status: completed
Job conclusion: success
Runner: GitHub Actions 1023574724
Steps:
- Set up job: success
- Checkout repository: success
- Setup Java 21: success
- Build Project: success
- Dependency Scan: success
- Security Scan: success
- Publish Artifact: success
- Post Setup Java 21: success
- Post Checkout repository: success
- Complete job: success

Workflow result: all required stages completed successfully
Deployment recommendation: proceed","LOW"
"Workflow run ID: 90000000211
Workflow: Docker Build and Deploy
Event: workflow_dispatch
Status: completed
Conclusion: failure
Branch: main
Jobs created: 1
Duration seconds: 88

Job: build
Job status: completed
Job conclusion: failure
Runner: GitHub Actions 1822655219
Steps:
- Set up job: success
- Checkout repository: success
- Setup Java 21: success
- Resolve Maven dependencies: success
- Compile application: success
- Run Unit Tests: success
- Run Integration Tests: success
- Build Docker Image: success
- Deploy to Staging: failure
- Application Health Check: skipped
- Upload diagnostic reports: success
- Post Setup Java 21: success
- Post Checkout repository: success
- Complete job: success

Error: Deployment failed because service was unavailable
Process completed with exit code 1
Workflow result: pipeline failed
Deployment recommendation: stop deployment","HIGH"
"Workflow run ID: 90000000055
Workflow: Spring Boot CI
Event: workflow_dispatch
Status: completed
Conclusion: failure
Branch: hotfix/build-fix
Jobs created: 1
Duration seconds: 147

Job: build
Job status: completed
Job conclusion: failure
Runner: GitHub Actions 1275646620
Steps:
- Set up job: success
- Checkout repository: success
- Setup Java 21: success
- Resolve Maven dependencies: success
- Compile application: success
- Run Unit Tests: success
- Run Integration Tests: success
- Build Docker Image: success
- Deploy to Staging: success
- Application Health Check: failure
- Upload diagnostic reports: success
- Post Setup Java 21: success
- Post Checkout repository: success
- Complete job: success

Error: Health check failed after deployment
Process completed with exit code 1
Workflow result: pipeline failed
Deployment recommendation: stop deployment","HIGH"
"Workflow run ID: 80000000190
Workflow: Java CI Build
Event: pull_request
Status: completed
Conclusion: success
Branch: release
Jobs created: 1
Duration seconds: 322

Job: build
Job status: completed
Job conclusion: success
Runner: GitHub Actions 1707377840
Steps:
- Set up job: success
- Checkout repository: success
- Setup Java 21: success
- Build Project: success
- Run Unit Tests: success
- Flaky tests detected retry passed manual review required: success
- Build Docker Image: success
- Post Setup Java 21: success
- Post Checkout repository: success
- Complete job: success

Warning: Flaky tests detected retry passed manual review required
Workflow result: completed successfully with non-critical warnings
Deployment recommendation: manual review required","MEDIUM"
"Workflow run ID: 70000000134
Workflow: Spring Boot CI
Event: workflow_dispatch
Status: completed
Conclusion: success
Branch: develop
Jobs created: 1
Duration seconds: 134

Job: build
Job status: completed
Job conclusion: success
Runner: GitHub Actions 1829965243
Steps:
- Set up job: success
- Checkout repository: success
- Setup Java 21: success
- Build Project: success
- Run Unit Tests: success
- Code Coverage Check: success
- Package Application: success
- Post Setup Java 21: success
- Post Checkout repository: success
- Complete job: success

Workflow result: all required stages completed successfully
Deployment recommendation: proceed","LOW"
"Workflow run ID: 80000000324
Workflow: Spring Boot CI
Event: push
Status: completed
Conclusion: success
Branch: develop
Jobs created: 1
Duration seconds: 92

Job: build
Job status: completed
Job conclusion: success
Runner: GitHub Actions 1088484356
Steps:
- Set up job: success
- Checkout repository: success
- Setup Java 21: success
- Build Project: success
- Run Unit Tests: success
- Minor configuration warning detected during deployment: success
- Package Application: success
- Post Setup Java 21: success
- Post Checkout repository: success
- Complete job: success

Warning: Minor configuration warning detected during deployment
Workflow result: completed successfully with non-critical warnings
Deployment recommendation: manual review required","MEDIUM"
"Workflow run ID: 70000000302
Workflow: Maven Build Pipeline
Event: pull_request
Status: completed
Conclusion: success
Branch: feature/risk-analysis
Jobs created: 1
Duration seconds: 532

Job: build
Job status: completed
Job conclusion: success
Runner: GitHub Actions 1012334810
Steps:
- Set up job: success
- Checkout repository: success
- Setup Java 21: success
- Compile application: success
- Run Unit Tests: success
- Run Integration Tests: success
- Build Docker Image: success
- Post Setup Java 21: success
- Post Checkout repository: success
- Complete job: success

Workflow result: all required stages completed successfully
Deployment recommendation: proceed","LOW"
"Workflow run ID: 80000000191
Workflow: Java CI Build
Event: pull_request
Status: completed
Conclusion: success
Branch: main
Jobs created: 1
Duration seconds: 94

Job: build
Job status: completed
Job conclusion: success
Runner: GitHub Actions 1471408243
Steps:
- Set up job: success
- Checkout repository: success
- Setup Java 21: success
- Build Project: success
- Run Unit Tests: success
- Docker image size exceeded recommended limit: success
- Package Application: success
- Post Setup Java 21: success
- Post Checkout repository: success
- Complete job: success

Warning: Docker image size exceeded recommended limit
Workflow result: completed successfully with non-critical warnings
Deployment recommendation: manual review required","MEDIUM"
"Workflow run ID: 80000000015
Workflow: Java CI Build
Event: push
Status: completed
Conclusion: success
Branch: hotfix/build-fix
Jobs created: 1
Duration seconds: 511

Job: build
Job status: completed
Job conclusion: success
Runner: GitHub Actions 1325219587
Steps:
- Set up job: success
- Checkout repository: success
- Setup Java 21: success
- Build Project: success
- Run Unit Tests: success
- Deprecated dependency detected upgrade recommended: success
- Package Application: success
- Post Setup Java 21: success
- Post Checkout repository: success
- Complete job: success

Warning: Deprecated dependency detected upgrade recommended
Workflow result: completed successfully with non-critical warnings
Deployment recommendation: manual review required","MEDIUM"
"Workflow run ID: 90000000026
Workflow: Java CI Build
Event: workflow_dispatch
Status: completed
Conclusion: failure
Branch: release
Jobs created: 1
Duration seconds: 161

Job: build
Job status: completed
Job conclusion: failure
Runner: GitHub Actions 1758781664
Steps:
- Set up job: success
- Checkout repository: success
- Setup Java 21: success
- Resolve Maven dependencies: success
- Compile application: success
- Run Unit Tests: success
- Run Integration Tests: success
- Build Docker Image: success
- Deploy to Staging: success
- Application Health Check: success
- Kubernetes Deployment: failure
- Upload diagnostic reports: success
- Post Setup Java 21: success
- Post Checkout repository: success
- Complete job: success

Error: Kubernetes deployment failed with ImagePullBackOff
Process completed with exit code 1
Workflow result: pipeline failed
Deployment recommendation: stop deployment","HIGH"
"Workflow run ID: 90000000271
Workflow: Kubernetes Deployment Pipeline
Event: workflow_dispatch
Status: completed
Conclusion: failure
Branch: feature/risk-analysis
Jobs created: 1
Duration seconds: 392

Job: build
Job status: completed
Job conclusion: failure
Runner: GitHub Actions 1257187601
Steps:
- Set up job: success
- Checkout repository: success
- Setup Java 21: success
- Resolve Maven dependencies: success
- Compile application: success
- Run Unit Tests: failure
- Run Integration Tests: skipped
- Build Docker Image: skipped
- Deploy to Staging: skipped
- Application Health Check: skipped
- Upload diagnostic reports: success
- Post Setup Java 21: success
- Post Checkout repository: success
- Complete job: success

Error: Unit tests failed with assertion errors
Process completed with exit code 1
Workflow result: pipeline failed
Deployment recommendation: stop deployment","HIGH"
"Workflow run ID: 70000000030
Workflow: Kubernetes Deployment Pipeline
Event: workflow_dispatch
Status: completed
Conclusion: success
Branch: main
Jobs created: 1
Duration seconds: 155

Job: build
Job status: completed
Job conclusion: success
Runner: GitHub Actions 1721220530
Steps:
- Set up job: success
- Checkout repository: success
- Setup Java 21: success
- Build Project: success
- Run Unit Tests: success
- Code Coverage Check: success
- Package Application: success
- Post Setup Java 21: success
- Post Checkout repository: success
- Complete job: success

Workflow result: all required stages completed successfully
Deployment recommendation: proceed","LOW"
"Workflow run ID: 80000000082
Workflow: Spring Boot CI
Event: push
Status: completed
Conclusion: success
Branch: main
Jobs created: 1
Duration seconds: 614

Job: build
Job status: completed
Job conclusion: success
Runner: GitHub Actions 1029659819
Steps:
- Set up job: success
- Checkout repository: success
- Setup Java 21: success
- Build Project: success
- Run Unit Tests: success
- Docker image size exceeded recommended limit: success
- Package Application: success
- Post Setup Java 21: success
- Post Checkout repository: success
- Complete job: success

Warning: Docker image size exceeded recommended limit
Workflow result: completed successfully with non-critical warnings
Deployment recommendation: manual review required","MEDIUM"
"Workflow run ID: 80000000286
Workflow: Spring Boot CI
Event: workflow_dispatch
Status: completed
Conclusion: success
Branch: release
Jobs created: 1
Duration seconds: 600

Job: build
Job status: completed
Job conclusion: success
Runner: GitHub Actions 1517270802
Steps:
- Set up job: success
- Checkout repository: success
- Setup Java 21: success
- Build Project: success
- Run Unit Tests: success
- Docker image size exceeded recommended limit: success
- Deploy to Staging: success
- Post Setup Java 21: success
- Post Checkout repository: success
- Complete job: success

Warning: Docker image size exceeded recommended limit
Workflow result: completed successfully with non-critical warnings
Deployment recommendation: manual review required","MEDIUM"
"Workflow run ID: 80000000053
Workflow: Kubernetes Deployment Pipeline
Event: pull_request
Status: completed
Conclusion: success
Branch: develop
Jobs created: 1
Duration seconds: 331

Job: build
Job status: completed
Job conclusion: success
Runner: GitHub Actions 1836905352
Steps:
- Set up job: success
- Checkout repository: success
- Setup Java 21: success
- Build Project: success
- Run Unit Tests: success
- Minor configuration warning detected during deployment: success
- Deploy to Staging: success
- Post Setup Java 21: success
- Post Checkout repository: success
- Complete job: success

Warning: Minor configuration warning detected during deployment
Workflow result: completed successfully with non-critical warnings
Deployment recommendation: manual review required","MEDIUM"
"Workflow run ID: 90000000225
Workflow: Maven Build Pipeline
Event: workflow_dispatch
Status: completed
Conclusion: failure
Branch: release
Jobs created: 1
Duration seconds: 329

Job: build
Job status: completed
Job conclusion: failure
Runner: GitHub Actions 1201315336
Steps:
- Set up job: success
- Checkout repository: success
- Setup Java 21: success
- Resolve Maven dependencies: success
- Compile application: success
- Run Unit Tests: success
- Run Integration Tests: success
- Build Docker Image: success
- Deploy to Staging: failure
- Application Health Check: skipped
- Upload diagnostic reports: success
- Post Setup Java 21: success
- Post Checkout repository: success
- Complete job: success

Error: Deployment failed because service was unavailable
Process completed with exit code 1
Workflow result: pipeline failed
Deployment recommendation: stop deployment","HIGH"
"Workflow run ID: 90000000243
Workflow: Kubernetes Deployment Pipeline
Event: push
Status: completed
Conclusion: failure
Branch: feature/risk-analysis
Jobs created: 1
Duration seconds: 92

Job: build
Job status: completed
Job conclusion: failure
Runner: GitHub Actions 1630659970
Steps:
- Set up job: success
- Checkout repository: success
- Setup Java 21: success
- Resolve Maven dependencies: success
- Compile application: success
- Run Unit Tests: failure
- Run Integration Tests: skipped
- Build Docker Image: skipped
- Deploy to Staging: skipped
- Application Health Check: skipped
- Upload diagnostic reports: success
- Post Setup Java 21: success
- Post Checkout repository: success
- Complete job: success

Error: Unit tests failed with assertion errors
Process completed with exit code 1
Workflow result: pipeline failed
Deployment recommendation: stop deployment","HIGH"
"Workflow run ID: 70000000056
Workflow: Docker Build and Deploy
Event: workflow_dispatch
Status: completed
Conclusion: success
Branch: feature/risk-analysis
Jobs created: 1
Duration seconds: 392

Job: build
Job status: completed
Job conclusion: success
Runner: GitHub Actions 1658042772
Steps:
- Set up job: success
- Checkout repository: success
- Setup Java 21: success
- Build Project: success
- Run Unit Tests: success
- Code Coverage Check: success
- Package Application: success
- Post Setup Java 21: success
- Post Checkout repository: success
- Complete job: success

Workflow result: all required stages completed successfully
Deployment recommendation: proceed","LOW"
"Workflow run ID: 80000000330
Workflow: Spring Boot CI
Event: push
Status: completed
Conclusion: success
Branch: hotfix/build-fix
Jobs created: 1
Duration seconds: 248

Job: build
Job status: completed
Job conclusion: success
Runner: GitHub Actions 1706378943
Steps:
- Set up job: success
- Checkout repository: success
- Setup Java 21: success
- Build Project: success
- Run Unit Tests: success
- Build duration above expected threshold performance review required: success
- Build Docker Image: success
- Post Setup Java 21: success
- Post Checkout repository: success
- Complete job: success

Warning: Build duration above expected threshold performance review required
Workflow result: completed successfully with non-critical warnings
Deployment recommendation: manual review required","MEDIUM"
"Workflow run ID: 90000000250
Workflow: Java CI Build
Event: pull_request
Status: completed
Conclusion: failure
Branch: hotfix/build-fix
Jobs created: 1
Duration seconds: 370

Job: build
Job status: completed
Job conclusion: failure
Runner: GitHub Actions 1280448069
Steps:
- Set up job: success
- Checkout repository: success
- Setup Java 21: success
- Resolve Maven dependencies: success
- Compile application: failure
- Run Unit Tests: skipped
- Run Integration Tests: skipped
- Build Docker Image: skipped
- Deploy to Staging: skipped
- Application Health Check: skipped
- Upload diagnostic reports: success
- Post Setup Java 21: success
- Post Checkout repository: success
- Complete job: success

Error: Compilation failed because symbol could not be resolved
Process completed with exit code 1
Workflow result: pipeline failed
Deployment recommendation: stop deployment","HIGH"
"Workflow run ID: 80000000215
Workflow: Docker Build and Deploy
Event: pull_request
Status: completed
Conclusion: success
Branch: develop
Jobs created: 1
Duration seconds: 137

Job: build
Job status: completed
Job conclusion: success
Runner: GitHub Actions 1809228445
Steps:
- Set up job: success
- Checkout repository: success
- Setup Java 21: success
- Build Project: success
- Run Unit Tests: success
- Medium severity vulnerability detected review required: success
- Package Application: success
- Post Setup Java 21: success
- Post Checkout repository: success
- Complete job: success

Warning: Medium severity vulnerability detected review required
Workflow result: completed successfully with non-critical warnings
Deployment recommendation: manual review required","MEDIUM"
"Workflow run ID: 80000000093
Workflow: Docker Build and Deploy
Event: workflow_dispatch
Status: completed
Conclusion: success
Branch: develop
Jobs created: 1
Duration seconds: 588

Job: build
Job status: completed
Job conclusion: success
Runner: GitHub Actions 1753531920
Steps:
- Set up job: success
- Checkout repository: success
- Setup Java 21: success
- Build Project: success
- Run Unit Tests: success
- Code coverage below threshold manual review required: success
- Package Application: success
- Post Setup Java 21: success
- Post Checkout repository: success
- Complete job: success

Warning: Code coverage below threshold manual review required
Workflow result: completed successfully with non-critical warnings
Deployment recommendation: manual review required","MEDIUM"
"Workflow run ID: 70000000179
Workflow: Spring Boot CI
Event: workflow_dispatch
Status: completed
Conclusion: success
Branch: main
Jobs created: 1
Duration seconds: 384

Job: build
Job status: completed
Job conclusion: success
Runner: GitHub Actions 1527878240
Steps:
- Set up job: success
- Checkout repository: success
- Setup Java 21: success
- Build Project: success
- Dependency Scan: success
- Security Scan: success
- Publish Artifact: success
- Post Setup Java 21: success
- Post Checkout repository: success
- Complete job: success

Workflow result: all required stages completed successfully
Deployment recommendation: proceed","LOW"
"Workflow run ID: 70000000186
Workflow: Java CI Build
Event: push
Status: completed
Conclusion: success
Branch: release
Jobs created: 1
Duration seconds: 102

Job: build
Job status: completed
Job conclusion: success
Runner: GitHub Actions 1187545477
Steps:
- Set up job: success
- Checkout repository: success
- Setup Java 21: success
- Build Docker Image: success
- Push Docker Image: success
- Deploy to Staging: success
- Application Health Check: success
- Post Setup Java 21: success
- Post Checkout repository: success
- Complete job: success

Workflow result: all required stages completed successfully
Deployment recommendation: proceed","LOW"
"Workflow run ID: 80000000065
Workflow: Kubernetes Deployment Pipeline
Event: workflow_dispatch
Status: completed
Conclusion: success
Branch: main
Jobs created: 1
Duration seconds: 568

Job: build
Job status: completed
Job conclusion: success
Runner: GitHub Actions 1557576762
Steps:
- Set up job: success
- Checkout repository: success
- Setup Java 21: success
- Build Project: success
- Run Unit Tests: success
- Staging health check intermittent response detected: success
- Package Application: success
- Post Setup Java 21: success
- Post Checkout repository: success
- Complete job: success

Warning: Staging health check intermittent response detected
Workflow result: completed successfully with non-critical warnings
Deployment recommendation: manual review required","MEDIUM"
"Workflow run ID: 70000000073
Workflow: Maven Build Pipeline
Event: pull_request
Status: completed
Conclusion: success
Branch: feature/risk-analysis
Jobs created: 1
Duration seconds: 533

Job: build
Job status: completed
Job conclusion: success
Runner: GitHub Actions 1900009947
Steps:
- Set up job: success
- Checkout repository: success
- Setup Java 21: success
- Build Project: success
- Run Unit Tests: success
- Code Coverage Check: success
- Package Application: success
- Post Setup Java 21: success
- Post Checkout repository: success
- Complete job: success

Workflow result: all required stages completed successfully
Deployment recommendation: proceed","LOW"
"Workflow run ID: 80000000317
Workflow: Maven Build Pipeline
Event: pull_request
Status: completed
Conclusion: success
Branch: develop
Jobs created: 1
Duration seconds: 168

Job: build
Job status: completed
Job conclusion: success
Runner: GitHub Actions 1809786563
Steps:
- Set up job: success
- Checkout repository: success
- Setup Java 21: success
- Build Project: success
- Run Unit Tests: success
- Code coverage below threshold manual review required: success
- Build Docker Image: success
- Post Setup Java 21: success
- Post Checkout repository: success
- Complete job: success

Warning: Code coverage below threshold manual review required
Workflow result: completed successfully with non-critical warnings
Deployment recommendation: manual review required","MEDIUM"
"Workflow run ID: 80000000241
Workflow: Kubernetes Deployment Pipeline
Event: workflow_dispatch
Status: completed
Conclusion: success
Branch: release
Jobs created: 1
Duration seconds: 339

Job: build
Job status: completed
Job conclusion: success
Runner: GitHub Actions 1124810060
Steps:
- Set up job: success
- Checkout repository: success
- Setup Java 21: success
- Build Project: success
- Run Unit Tests: success
- Memory usage warning detected during compilation: success
- Deploy to Staging: success
- Post Setup Java 21: success
- Post Checkout repository: success
- Complete job: success

Warning: Memory usage warning detected during compilation
Workflow result: completed successfully with non-critical warnings
Deployment recommendation: manual review required","MEDIUM"
"Workflow run ID: 70000000234
Workflow: Java CI Build
Event: workflow_dispatch
Status: completed
Conclusion: success
Branch: release
Jobs created: 1
Duration seconds: 352

Job: build
Job status: completed
Job conclusion: success
Runner: GitHub Actions 1489634645
Steps:
- Set up job: success
- Checkout repository: success
- Setup Java 21: success
- Build Project: success
- Dependency Scan: success
- Security Scan: success
- Publish Artifact: success
- Post Setup Java 21: success
- Post Checkout repository: success
- Complete job: success

Workflow result: all required stages completed successfully
Deployment recommendation: proceed","LOW"
"Workflow run ID: 70000000286
Workflow: Maven Build Pipeline
Event: push
Status: completed
Conclusion: success
Branch: main
Jobs created: 1
Duration seconds: 235

Job: build
Job status: completed
Job conclusion: success
Runner: GitHub Actions 1303200201
Steps:
- Set up job: success
- Checkout repository: success
- Setup Java 21: success
- Maven Build: success
- Run Unit Tests: success
- SonarQube Analysis: success
- Complete Build: success
- Post Setup Java 21: success
- Post Checkout repository: success
- Complete job: success

Workflow result: all required stages completed successfully
Deployment recommendation: proceed","LOW"
"Workflow run ID: 80000000258
Workflow: Java CI Build
Event: workflow_dispatch
Status: completed
Conclusion: success
Branch: develop
Jobs created: 1
Duration seconds: 355

Job: build
Job status: completed
Job conclusion: success
Runner: GitHub Actions 1164069478
Steps:
- Set up job: success
- Checkout repository: success
- Setup Java 21: success
- Build Project: success
- Run Unit Tests: success
- Manual deployment approval required: success
- Build Docker Image: success
- Post Setup Java 21: success
- Post Checkout repository: success
- Complete job: success

Warning: Manual deployment approval required
Workflow result: completed successfully with non-critical warnings
Deployment recommendation: manual review required","MEDIUM"
"Workflow run ID: 70000000255
Workflow: Java CI Build
Event: pull_request
Status: completed
Conclusion: success
Branch: hotfix/build-fix
Jobs created: 1
Duration seconds: 303

Job: build
Job status: completed
Job conclusion: success
Runner: GitHub Actions 1624854646
Steps:
- Set up job: success
- Checkout repository: success
- Setup Java 21: success
- Build Project: success
- Run Unit Tests: success
- Code Coverage Check: success
- Package Application: success
- Post Setup Java 21: success
- Post Checkout repository: success
- Complete job: success

Workflow result: all required stages completed successfully
Deployment recommendation: proceed","LOW"
"Workflow run ID: 70000000138
Workflow: Kubernetes Deployment Pipeline
Event: workflow_dispatch
Status: completed
Conclusion: success
Branch: develop
Jobs created: 1
Duration seconds: 66

Job: build
Job status: completed
Job conclusion: success
Runner: GitHub Actions 1257637787
Steps:
- Set up job: success
- Checkout repository: success
- Setup Java 21: success
- Build Project: success
- Dependency Scan: success
- Security Scan: success
- Publish Artifact: success
- Post Setup Java 21: success
- Post Checkout repository: success
- Complete job: success

Workflow result: all required stages completed successfully
Deployment recommendation: proceed","LOW"
"Workflow run ID: 80000000054
Workflow: Java CI Build
Event: pull_request
Status: completed
Conclusion: success
Branch: main
Jobs created: 1
Duration seconds: 398

Job: build
Job status: completed
Job conclusion: success
Runner: GitHub Actions 1517353709
Steps:
- Set up job: success
- Checkout repository: success
- Setup Java 21: success
- Build Project: success
- Run Unit Tests: success
- Minor configuration warning detected during deployment: success
- Deploy to Staging: success
- Post Setup Java 21: success
- Post Checkout repository: success
- Complete job: success

Warning: Minor configuration warning detected during deployment
Workflow result: completed successfully with non-critical warnings
Deployment recommendation: manual review required","MEDIUM"
"Workflow run ID: 80000000086
Workflow: Java CI Build
Event: push
Status: completed
Conclusion: success
Branch: hotfix/build-fix
Jobs created: 1
Duration seconds: 377

Job: build
Job status: completed
Job conclusion: success
Runner: GitHub Actions 1813682191
Steps:
- Set up job: success
- Checkout repository: success
- Setup Java 21: success
- Build Project: success
- Run Unit Tests: success
- Flaky tests detected retry passed manual review required: success
- Build Docker Image: success
- Post Setup Java 21: success
- Post Checkout repository: success
- Complete job: success

Warning: Flaky tests detected retry passed manual review required
Workflow result: completed successfully with non-critical warnings
Deployment recommendation: manual review required","MEDIUM"
"Workflow run ID: 70000000084
Workflow: Docker Build and Deploy
Event: workflow_dispatch
Status: completed
Conclusion: success
Branch: develop
Jobs created: 1
Duration seconds: 157

Job: build
Job status: completed
Job conclusion: success
Runner: GitHub Actions 1908595736
Steps:
- Set up job: success
- Checkout repository: success
- Setup Java 21: success
- Compile application: success
- Run Unit Tests: success
- Run Integration Tests: success
- Build Docker Image: success
- Post Setup Java 21: success
- Post Checkout repository: success
- Complete job: success

Workflow result: all required stages completed successfully
Deployment recommendation: proceed","LOW"
"Workflow run ID: 80000000113
Workflow: Maven Build Pipeline
Event: pull_request
Status: completed
Conclusion: success
Branch: main
Jobs created: 1
Duration seconds: 173

Job: build
Job status: completed
Job conclusion: success
Runner: GitHub Actions 1007661731
Steps:
- Set up job: success
- Checkout repository: success
- Setup Java 21: success
- Build Project: success
- Run Unit Tests: success
- Docker image size exceeded recommended limit: success
- Build Docker Image: success
- Post Setup Java 21: success
- Post Checkout repository: success
- Complete job: success

Warning: Docker image size exceeded recommended limit
Workflow result: completed successfully with non-critical warnings
Deployment recommendation: manual review required","MEDIUM"
"Workflow run ID: 80000000016
Workflow: Java CI Build
Event: workflow_dispatch
Status: completed
Conclusion: success
Branch: feature/risk-analysis
Jobs created: 1
Duration seconds: 617

Job: build
Job status: completed
Job conclusion: success
Runner: GitHub Actions 1692628831
Steps:
- Set up job: success
- Checkout repository: success
- Setup Java 21: success
- Build Project: success
- Run Unit Tests: success
- Minor configuration warning detected during deployment: success
- Deploy to Staging: success
- Post Setup Java 21: success
- Post Checkout repository: success
- Complete job: success

Warning: Minor configuration warning detected during deployment
Workflow result: completed successfully with non-critical warnings
Deployment recommendation: manual review required","MEDIUM"
"Workflow run ID: 90000000121
Workflow: Docker Build and Deploy
Event: workflow_dispatch
Status: completed
Conclusion: failure
Branch: hotfix/build-fix
Jobs created: 1
Duration seconds: 84

Job: build
Job status: completed
Job conclusion: failure
Runner: GitHub Actions 1128870306
Steps:
- Set up job: success
- Checkout repository: success
- Setup Java 21: success
- Resolve Maven dependencies: success
- Compile application: success
- Run Unit Tests: success
- Run Integration Tests: success
- Build Docker Image: success
- Deploy to Staging: success
- Application Health Check: success
- Database Migration: failure
- Upload diagnostic reports: success
- Post Setup Java 21: success
- Post Checkout repository: success
- Complete job: success

Error: Database migration failed and deployment was stopped
Process completed with exit code 1
Workflow result: pipeline failed
Deployment recommendation: stop deployment","HIGH"
"Workflow run ID: 70000000224
Workflow: Spring Boot CI
Event: push
Status: completed
Conclusion: success
Branch: main
Jobs created: 1
Duration seconds: 362

Job: build
Job status: completed
Job conclusion: success
Runner: GitHub Actions 1196736803
Steps:
- Set up job: success
- Checkout repository: success
- Setup Java 21: success
- Build Project: success
- Run Unit Tests: success
- Code Coverage Check: success
- Package Application: success
- Post Setup Java 21: success
- Post Checkout repository: success
- Complete job: success

Workflow result: all required stages completed successfully
Deployment recommendation: proceed","LOW"
"Workflow run ID: 70000000282
Workflow: Docker Build and Deploy
Event: pull_request
Status: completed
Conclusion: success
Branch: main
Jobs created: 1
Duration seconds: 526

Job: build
Job status: completed
Job conclusion: success
Runner: GitHub Actions 1555247763
Steps:
- Set up job: success
- Checkout repository: success
- Setup Java 21: success
- Build Docker Image: success
- Push Docker Image: success
- Deploy to Staging: success
- Application Health Check: success
- Post Setup Java 21: success
- Post Checkout repository: success
- Complete job: success

Workflow result: all required stages completed successfully
Deployment recommendation: proceed","LOW"
"Workflow run ID: 80000000031
Workflow: Cloud Native CI/CD
Event: pull_request
Status: completed
Conclusion: success
Branch: develop
Jobs created: 1
Duration seconds: 274

Job: build
Job status: completed
Job conclusion: success
Runner: GitHub Actions 1133439588
Steps:
- Set up job: success
- Checkout repository: success
- Setup Java 21: success
- Build Project: success
- Run Unit Tests: success
- Flaky tests detected retry passed manual review required: success
- Deploy to Staging: success
- Post Setup Java 21: success
- Post Checkout repository: success
- Complete job: success

Warning: Flaky tests detected retry passed manual review required
Workflow result: completed successfully with non-critical warnings
Deployment recommendation: manual review required","MEDIUM"
"Workflow run ID: 90000000324
Workflow: Cloud Native CI/CD
Event: workflow_dispatch
Status: completed
Conclusion: failure
Branch: feature/risk-analysis
Jobs created: 1
Duration seconds: 330

Job: build
Job status: completed
Job conclusion: failure
Runner: GitHub Actions 1644840311
Steps:
- Set up job: success
- Checkout repository: success
- Setup Java 21: success
- Resolve Maven dependencies: failure
- Compile application: skipped
- Run Unit Tests: skipped
- Run Integration Tests: skipped
- Build Docker Image: skipped
- Deploy to Staging: skipped
- Application Health Check: skipped
- Upload diagnostic reports: success
- Post Setup Java 21: success
- Post Checkout repository: success
- Complete job: success

Error: Maven build failed due to unresolved dependency
Process completed with exit code 1
Workflow result: pipeline failed
Deployment recommendation: stop deployment","HIGH"
"Workflow run ID: 80000000005
Workflow: Cloud Native CI/CD
Event: push
Status: completed
Conclusion: success
Branch: feature/risk-analysis
Jobs created: 1
Duration seconds: 318

Job: build
Job status: completed
Job conclusion: success
Runner: GitHub Actions 1912928265
Steps:
- Set up job: success
- Checkout repository: success
- Setup Java 21: success
- Build Project: success
- Run Unit Tests: success
- Code coverage below threshold manual review required: success
- Package Application: success
- Post Setup Java 21: success
- Post Checkout repository: success
- Complete job: success

Warning: Code coverage below threshold manual review required
Workflow result: completed successfully with non-critical warnings
Deployment recommendation: manual review required","MEDIUM"
"Workflow run ID: 70000000296
Workflow: Docker Build and Deploy
Event: pull_request
Status: completed
Conclusion: success
Branch: develop
Jobs created: 1
Duration seconds: 47

Job: build
Job status: completed
Job conclusion: success
Runner: GitHub Actions 1498913599
Steps:
- Set up job: success
- Checkout repository: success
- Setup Java 21: success
- Build Project: success
- Dependency Scan: success
- Security Scan: success
- Publish Artifact: success
- Post Setup Java 21: success
- Post Checkout repository: success
- Complete job: success

Workflow result: all required stages completed successfully
Deployment recommendation: proceed","LOW"
"Workflow run ID: 80000000227
Workflow: Maven Build Pipeline
Event: push
Status: completed
Conclusion: success
Branch: feature/risk-analysis
Jobs created: 1
Duration seconds: 425

Job: build
Job status: completed
Job conclusion: success
Runner: GitHub Actions 1662640823
Steps:
- Set up job: success
- Checkout repository: success
- Setup Java 21: success
- Build Project: success
- Run Unit Tests: success
- Medium severity vulnerability detected review required: success
- Build Docker Image: success
- Post Setup Java 21: success
- Post Checkout repository: success
- Complete job: success

Warning: Medium severity vulnerability detected review required
Workflow result: completed successfully with non-critical warnings
Deployment recommendation: manual review required","MEDIUM"
"Workflow run ID: 70000000096
Workflow: Spring Boot CI
Event: push
Status: completed
Conclusion: success
Branch: hotfix/build-fix
Jobs created: 1
Duration seconds: 48

Job: build
Job status: completed
Job conclusion: success
Runner: GitHub Actions 1052911709
Steps:
- Set up job: success
- Checkout repository: success
- Setup Java 21: success
- Build Project: success
- Run Unit Tests: success
- Code Coverage Check: success
- Package Application: success
- Post Setup Java 21: success
- Post Checkout repository: success
- Complete job: success

Workflow result: all required stages completed successfully
Deployment recommendation: proceed","LOW"
"Workflow run ID: 70000000093
Workflow: Maven Build Pipeline
Event: pull_request
Status: completed
Conclusion: success
Branch: main
Jobs created: 1
Duration seconds: 360

Job: build
Job status: completed
Job conclusion: success
Runner: GitHub Actions 1355876226
Steps:
- Set up job: success
- Checkout repository: success
- Setup Java 21: success
- Maven Build: success
- Run Unit Tests: success
- SonarQube Analysis: success
- Complete Build: success
- Post Setup Java 21: success
- Post Checkout repository: success
- Complete job: success

Workflow result: all required stages completed successfully
Deployment recommendation: proceed","LOW"
"Workflow run ID: 70000000031
Workflow: Kubernetes Deployment Pipeline
Event: pull_request
Status: completed
Conclusion: success
Branch: hotfix/build-fix
Jobs created: 1
Duration seconds: 318

Job: build
Job status: completed
Job conclusion: success
Runner: GitHub Actions 1723815921
Steps:
- Set up job: success
- Checkout repository: success
- Setup Java 21: success
- Maven Build: success
- Run Unit Tests: success
- SonarQube Analysis: success
- Complete Build: success
- Post Setup Java 21: success
- Post Checkout repository: success
- Complete job: success

Workflow result: all required stages completed successfully
Deployment recommendation: proceed","LOW"
"Workflow run ID: 90000000153
Workflow: Java CI Build
Event: push
Status: completed
Conclusion: failure
Branch: main
Jobs created: 1
Duration seconds: 223

Job: build
Job status: completed
Job conclusion: failure
Runner: GitHub Actions 1347023986
Steps:
- Set up job: success
- Checkout repository: success
- Setup Java 21: success
- Resolve Maven dependencies: success
- Compile application: success
- Run Unit Tests: success
- Run Integration Tests: success
- Build Docker Image: success
- Deploy to Staging: success
- Application Health Check: success
- Kubernetes Deployment: failure
- Upload diagnostic reports: success
- Post Setup Java 21: success
- Post Checkout repository: success
- Complete job: success

Error: Kubernetes deployment failed with ImagePullBackOff
Process completed with exit code 1
Workflow result: pipeline failed
Deployment recommendation: stop deployment","HIGH"
"Workflow run ID: 80000000186
Workflow: Docker Build and Deploy
Event: workflow_dispatch
Status: completed
Conclusion: success
Branch: develop
Jobs created: 1
Duration seconds: 467

Job: build
Job status: completed
Job conclusion: success
Runner: GitHub Actions 1730749098
Steps:
- Set up job: success
- Checkout repository: success
- Setup Java 21: success
- Build Project: success
- Run Unit Tests: success
- Manual deployment approval required: success
- Package Application: success
- Post Setup Java 21: success
- Post Checkout repository: success
- Complete job: success

Warning: Manual deployment approval required
Workflow result: completed successfully with non-critical warnings
Deployment recommendation: manual review required","MEDIUM"
"Workflow run ID: 90000000120
Workflow: Docker Build and Deploy
Event: workflow_dispatch
Status: completed
Conclusion: failure
Branch: hotfix/build-fix
Jobs created: 1
Duration seconds: 225

Job: build
Job status: completed
Job conclusion: failure
Runner: GitHub Actions 1362005282
Steps:
- Set up job: success
- Checkout repository: success
- Setup Java 21: success
- Resolve Maven dependencies: success
- Compile application: success
- Run Unit Tests: failure
- Run Integration Tests: skipped
- Build Docker Image: skipped
- Deploy to Staging: skipped
- Application Health Check: skipped
- Upload diagnostic reports: success
- Post Setup Java 21: success
- Post Checkout repository: success
- Complete job: success

Error: Unit tests failed with assertion errors
Process completed with exit code 1
Workflow result: pipeline failed
Deployment recommendation: stop deployment","HIGH"
"Workflow run ID: 70000000274
Workflow: Spring Boot CI
Event: push
Status: completed
Conclusion: success
Branch: develop
Jobs created: 1
Duration seconds: 325

Job: build
Job status: completed
Job conclusion: success
Runner: GitHub Actions 1156620987
Steps:
- Set up job: success
- Checkout repository: success
- Setup Java 21: success
- Compile application: success
- Run Unit Tests: success
- Run Integration Tests: success
- Build Docker Image: success
- Post Setup Java 21: success
- Post Checkout repository: success
- Complete job: success

Workflow result: all required stages completed successfully
Deployment recommendation: proceed","LOW"
"Workflow run ID: 90000000135
Workflow: Maven Build Pipeline
Event: pull_request
Status: completed
Conclusion: failure
Branch: release
Jobs created: 1
Duration seconds: 81

Job: build
Job status: completed
Job conclusion: failure
Runner: GitHub Actions 1699504925
Steps:
- Set up job: success
- Checkout repository: success
- Setup Java 21: success
- Resolve Maven dependencies: success
- Compile application: failure
- Run Unit Tests: skipped
- Run Integration Tests: skipped
- Build Docker Image: skipped
- Deploy to Staging: skipped
- Application Health Check: skipped
- Upload diagnostic reports: success
- Post Setup Java 21: success
- Post Checkout repository: success
- Complete job: success

Error: Compilation failed because symbol could not be resolved
Process completed with exit code 1
Workflow result: pipeline failed
Deployment recommendation: stop deployment","HIGH"
"Workflow run ID: 80000000032
Workflow: Cloud Native CI/CD
Event: pull_request
Status: completed
Conclusion: success
Branch: develop
Jobs created: 1
Duration seconds: 286

Job: build
Job status: completed
Job conclusion: success
Runner: GitHub Actions 1337320326
Steps:
- Set up job: success
- Checkout repository: success
- Setup Java 21: success
- Build Project: success
- Run Unit Tests: success
- Staging health check intermittent response detected: success
- Package Application: success
- Post Setup Java 21: success
- Post Checkout repository: success
- Complete job: success

Warning: Staging health check intermittent response detected
Workflow result: completed successfully with non-critical warnings
Deployment recommendation: manual review required","MEDIUM"
"Workflow run ID: 90000000154
Workflow: Cloud Native CI/CD
Event: push
Status: completed
Conclusion: failure
Branch: hotfix/build-fix
Jobs created: 1
Duration seconds: 165

Job: build
Job status: completed
Job conclusion: failure
Runner: GitHub Actions 1269789872
Steps:
- Set up job: success
- Checkout repository: success
- Setup Java 21: success
- Resolve Maven dependencies: success
- Compile application: success
- Run Unit Tests: success
- Run Integration Tests: success
- Build Docker Image: success
- Deploy to Staging: failure
- Application Health Check: skipped
- Upload diagnostic reports: success
- Post Setup Java 21: success
- Post Checkout repository: success
- Complete job: success

Error: Deployment failed because service was unavailable
Process completed with exit code 1
Workflow result: pipeline failed
Deployment recommendation: stop deployment","HIGH"
"Workflow run ID: 80000000033
Workflow: Maven Build Pipeline
Event: pull_request
Status: completed
Conclusion: success
Branch: hotfix/build-fix
Jobs created: 1
Duration seconds: 488

Job: build
Job status: completed
Job conclusion: success
Runner: GitHub Actions 1436133505
Steps:
- Set up job: success
- Checkout repository: success
- Setup Java 21: success
- Build Project: success
- Run Unit Tests: success
- Flaky tests detected retry passed manual review required: success
- Build Docker Image: success
- Post Setup Java 21: success
- Post Checkout repository: success
- Complete job: success

Warning: Flaky tests detected retry passed manual review required
Workflow result: completed successfully with non-critical warnings
Deployment recommendation: manual review required","MEDIUM"
"Workflow run ID: 80000000100
Workflow: Kubernetes Deployment Pipeline
Event: pull_request
Status: completed
Conclusion: success
Branch: hotfix/build-fix
Jobs created: 1
Duration seconds: 514

Job: build
Job status: completed
Job conclusion: success
Runner: GitHub Actions 1540266351
Steps:
- Set up job: success
- Checkout repository: success
- Setup Java 21: success
- Build Project: success
- Run Unit Tests: success
- Minor configuration warning detected during deployment: success
- Deploy to Staging: success
- Post Setup Java 21: success
- Post Checkout repository: success
- Complete job: success

Warning: Minor configuration warning detected during deployment
Workflow result: completed successfully with non-critical warnings
Deployment recommendation: manual review required","MEDIUM"
"Workflow run ID: 80000000141
Workflow: Cloud Native CI/CD
Event: workflow_dispatch
Status: completed
Conclusion: success
Branch: develop
Jobs created: 1
Duration seconds: 253

Job: build
Job status: completed
Job conclusion: success
Runner: GitHub Actions 1801411825
Steps:
- Set up job: success
- Checkout repository: success
- Setup Java 21: success
- Build Project: success
- Run Unit Tests: success
- Flaky tests detected retry passed manual review required: success
- Package Application: success
- Post Setup Java 21: success
- Post Checkout repository: success
- Complete job: success

Warning: Flaky tests detected retry passed manual review required
Workflow result: completed successfully with non-critical warnings
Deployment recommendation: manual review required","MEDIUM"
"Workflow run ID: 70000000237
Workflow: Spring Boot CI
Event: workflow_dispatch
Status: completed
Conclusion: success
Branch: hotfix/build-fix
Jobs created: 1
Duration seconds: 319

Job: build
Job status: completed
Job conclusion: success
Runner: GitHub Actions 1892320153
Steps:
- Set up job: success
- Checkout repository: success
- Setup Java 21: success
- Build Project: success
- Dependency Scan: success
- Security Scan: success
- Publish Artifact: success
- Post Setup Java 21: success
- Post Checkout repository: success
- Complete job: success

Workflow result: all required stages completed successfully
Deployment recommendation: proceed","LOW"
"Workflow run ID: 70000000067
Workflow: Cloud Native CI/CD
Event: workflow_dispatch
Status: completed
Conclusion: success
Branch: develop
Jobs created: 1
Duration seconds: 135

Job: build
Job status: completed
Job conclusion: success
Runner: GitHub Actions 1917215727
Steps:
- Set up job: success
- Checkout repository: success
- Setup Java 21: success
- Build Docker Image: success
- Push Docker Image: success
- Deploy to Staging: success
- Application Health Check: success
- Post Setup Java 21: success
- Post Checkout repository: success
- Complete job: success

Workflow result: all required stages completed successfully
Deployment recommendation: proceed","LOW"
"Workflow run ID: 80000000161
Workflow: Spring Boot CI
Event: push
Status: completed
Conclusion: success
Branch: develop
Jobs created: 1
Duration seconds: 100

Job: build
Job status: completed
Job conclusion: success
Runner: GitHub Actions 1026293585
Steps:
- Set up job: success
- Checkout repository: success
- Setup Java 21: success
- Build Project: success
- Run Unit Tests: success
- Build duration above expected threshold performance review required: success
- Deploy to Staging: success
- Post Setup Java 21: success
- Post Checkout repository: success
- Complete job: success

Warning: Build duration above expected threshold performance review required
Workflow result: completed successfully with non-critical warnings
Deployment recommendation: manual review required","MEDIUM"
"Workflow run ID: 70000000033
Workflow: Maven Build Pipeline
Event: push
Status: completed
Conclusion: success
Branch: develop
Jobs created: 1
Duration seconds: 411

Job: build
Job status: completed
Job conclusion: success
Runner: GitHub Actions 1172975533
Steps:
- Set up job: success
- Checkout repository: success
- Setup Java 21: success
- Build Project: success
- Dependency Scan: success
- Security Scan: success
- Publish Artifact: success
- Post Setup Java 21: success
- Post Checkout repository: success
- Complete job: success

Workflow result: all required stages completed successfully
Deployment recommendation: proceed","LOW"
"Workflow run ID: 70000000130
Workflow: Docker Build and Deploy
Event: push
Status: completed
Conclusion: success
Branch: develop
Jobs created: 1
Duration seconds: 481

Job: build
Job status: completed
Job conclusion: success
Runner: GitHub Actions 1465797917
Steps:
- Set up job: success
- Checkout repository: success
- Setup Java 21: success
- Build Docker Image: success
- Push Docker Image: success
- Deploy to Staging: success
- Application Health Check: success
- Post Setup Java 21: success
- Post Checkout repository: success
- Complete job: success

Workflow result: all required stages completed successfully
Deployment recommendation: proceed","LOW"
"Workflow run ID: 70000000308
Workflow: Java CI Build
Event: push
Status: completed
Conclusion: success
Branch: feature/risk-analysis
Jobs created: 1
Duration seconds: 253

Job: build
Job status: completed
Job conclusion: success
Runner: GitHub Actions 1756789916
Steps:
- Set up job: success
- Checkout repository: success
- Setup Java 21: success
- Build Project: success
- Run Unit Tests: success
- Code Coverage Check: success
- Package Application: success
- Post Setup Java 21: success
- Post Checkout repository: success
- Complete job: success

Workflow result: all required stages completed successfully
Deployment recommendation: proceed","LOW"
"Workflow run ID: 70000000305
Workflow: Spring Boot CI
Event: pull_request
Status: completed
Conclusion: success
Branch: release
Jobs created: 1
Duration seconds: 257

Job: build
Job status: completed
Job conclusion: success
Runner: GitHub Actions 1325999177
Steps:
- Set up job: success
- Checkout repository: success
- Setup Java 21: success
- Build Docker Image: success
- Push Docker Image: success
- Deploy to Staging: success
- Application Health Check: success
- Post Setup Java 21: success
- Post Checkout repository: success
- Complete job: success

Workflow result: all required stages completed successfully
Deployment recommendation: proceed","LOW"
"Workflow run ID: 70000000257
Workflow: Java CI Build
Event: push
Status: completed
Conclusion: success
Branch: main
Jobs created: 1
Duration seconds: 117

Job: build
Job status: completed
Job conclusion: success
Runner: GitHub Actions 1453132434
Steps:
- Set up job: success
- Checkout repository: success
- Setup Java 21: success
- Build Project: success
- Run Unit Tests: success
- Code Coverage Check: success
- Package Application: success
- Post Setup Java 21: success
- Post Checkout repository: success
- Complete job: success

Workflow result: all required stages completed successfully
Deployment recommendation: proceed","LOW"
"Workflow run ID: 80000000245
Workflow: Cloud Native CI/CD
Event: workflow_dispatch
Status: completed
Conclusion: success
Branch: release
Jobs created: 1
Duration seconds: 517

Job: build
Job status: completed
Job conclusion: success
Runner: GitHub Actions 1277639432
Steps:
- Set up job: success
- Checkout repository: success
- Setup Java 21: success
- Build Project: success
- Run Unit Tests: success
- Deprecated dependency detected upgrade recommended: success
- Build Docker Image: success
- Post Setup Java 21: success
- Post Checkout repository: success
- Complete job: success

Warning: Deprecated dependency detected upgrade recommended
Workflow result: completed successfully with non-critical warnings
Deployment recommendation: manual review required","MEDIUM"
"Workflow run ID: 70000000100
Workflow: Maven Build Pipeline
Event: pull_request
Status: completed
Conclusion: success
Branch: release
Jobs created: 1
Duration seconds: 413

Job: build
Job status: completed
Job conclusion: success
Runner: GitHub Actions 1746603907
Steps:
- Set up job: success
- Checkout repository: success
- Setup Java 21: success
- Build Project: success
- Run Unit Tests: success
- Code Coverage Check: success
- Package Application: success
- Post Setup Java 21: success
- Post Checkout repository: success
- Complete job: success

Workflow result: all required stages completed successfully
Deployment recommendation: proceed","LOW"
"Workflow run ID: 80000000185
Workflow: Docker Build and Deploy
Event: workflow_dispatch
Status: completed
Conclusion: success
Branch: hotfix/build-fix
Jobs created: 1
Duration seconds: 403

Job: build
Job status: completed
Job conclusion: success
Runner: GitHub Actions 1831052314
Steps:
- Set up job: success
- Checkout repository: success
- Setup Java 21: success
- Build Project: success
- Run Unit Tests: success
- Manual deployment approval required: success
- Build Docker Image: success
- Post Setup Java 21: success
- Post Checkout repository: success
- Complete job: success

Warning: Manual deployment approval required
Workflow result: completed successfully with non-critical warnings
Deployment recommendation: manual review required","MEDIUM"
"Workflow run ID: 80000000145
Workflow: Maven Build Pipeline
Event: push
Status: completed
Conclusion: success
Branch: develop
Jobs created: 1
Duration seconds: 204

Job: build
Job status: completed
Job conclusion: success
Runner: GitHub Actions 1907242502
Steps:
- Set up job: success
- Checkout repository: success
- Setup Java 21: success
- Build Project: success
- Run Unit Tests: success
- Staging health check intermittent response detected: success
- Build Docker Image: success
- Post Setup Java 21: success
- Post Checkout repository: success
- Complete job: success

Warning: Staging health check intermittent response detected
Workflow result: completed successfully with non-critical warnings
Deployment recommendation: manual review required","MEDIUM"
"Workflow run ID: 80000000019
Workflow: Spring Boot CI
Event: pull_request
Status: completed
Conclusion: success
Branch: feature/risk-analysis
Jobs created: 1
Duration seconds: 334

Job: build
Job status: completed
Job conclusion: success
Runner: GitHub Actions 1060750266
Steps:
- Set up job: success
- Checkout repository: success
- Setup Java 21: success
- Build Project: success
- Run Unit Tests: success
- Docker image size exceeded recommended limit: success
- Build Docker Image: success
- Post Setup Java 21: success
- Post Checkout repository: success
- Complete job: success

Warning: Docker image size exceeded recommended limit
Workflow result: completed successfully with non-critical warnings
Deployment recommendation: manual review required","MEDIUM"
"Workflow run ID: 90000000069
Workflow: Cloud Native CI/CD
Event: push
Status: completed
Conclusion: failure
Branch: develop
Jobs created: 1
Duration seconds: 150

Job: build
Job status: completed
Job conclusion: failure
Runner: GitHub Actions 1697240867
Steps:
- Set up job: success
- Checkout repository: success
- Setup Java 21: success
- Resolve Maven dependencies: failure
- Compile application: skipped
- Run Unit Tests: skipped
- Run Integration Tests: skipped
- Build Docker Image: skipped
- Deploy to Staging: skipped
- Application Health Check: skipped
- Upload diagnostic reports: success
- Post Setup Java 21: success
- Post Checkout repository: success
- Complete job: success

Error: Maven build failed due to unresolved dependency
Process completed with exit code 1
Workflow result: pipeline failed
Deployment recommendation: stop deployment","HIGH"
"Workflow run ID: 90000000286
Workflow: Cloud Native CI/CD
Event: workflow_dispatch
Status: completed
Conclusion: failure
Branch: hotfix/build-fix
Jobs created: 1
Duration seconds: 43

Job: build
Job status: completed
Job conclusion: failure
Runner: GitHub Actions 1402822252
Steps:
- Set up job: success
- Checkout repository: success
- Setup Java 21: success
- Resolve Maven dependencies: success
- Compile application: success
- Run Unit Tests: success
- Run Integration Tests: success
- Build Docker Image: success
- Deploy to Staging: success
- Application Health Check: success
- Security Scan: failure
- Upload diagnostic reports: success
- Post Setup Java 21: success
- Post Checkout repository: success
- Complete job: success

Error: Critical vulnerabilities detected deployment blocked
Process completed with exit code 1
Workflow result: pipeline failed
Deployment recommendation: stop deployment","HIGH"
"Workflow run ID: 70000000177
Workflow: Kubernetes Deployment Pipeline
Event: pull_request
Status: completed
Conclusion: success
Branch: release
Jobs created: 1
Duration seconds: 402

Job: build
Job status: completed
Job conclusion: success
Runner: GitHub Actions 1257859171
Steps:
- Set up job: success
- Checkout repository: success
- Setup Java 21: success
- Maven Build: success
- Run Unit Tests: success
- SonarQube Analysis: success
- Complete Build: success
- Post Setup Java 21: success
- Post Checkout repository: success
- Complete job: success

Workflow result: all required stages completed successfully
Deployment recommendation: proceed","LOW"
"Workflow run ID: 80000000298
Workflow: Maven Build Pipeline
Event: push
Status: completed
Conclusion: success
Branch: release
Jobs created: 1
Duration seconds: 514

Job: build
Job status: completed
Job conclusion: success
Runner: GitHub Actions 1533907159
Steps:
- Set up job: success
- Checkout repository: success
- Setup Java 21: success
- Build Project: success
- Run Unit Tests: success
- Build duration above expected threshold performance review required: success
- Package Application: success
- Post Setup Java 21: success
- Post Checkout repository: success
- Complete job: success

Warning: Build duration above expected threshold performance review required
Workflow result: completed successfully with non-critical warnings
Deployment recommendation: manual review required","MEDIUM"
"Workflow run ID: 70000000058
Workflow: Kubernetes Deployment Pipeline
Event: workflow_dispatch
Status: completed
Conclusion: success
Branch: feature/risk-analysis
Jobs created: 1
Duration seconds: 87

Job: build
Job status: completed
Job conclusion: success
Runner: GitHub Actions 1676042104
Steps:
- Set up job: success
- Checkout repository: success
- Setup Java 21: success
- Maven Build: success
- Run Unit Tests: success
- SonarQube Analysis: success
- Complete Build: success
- Post Setup Java 21: success
- Post Checkout repository: success
- Complete job: success

Workflow result: all required stages completed successfully
Deployment recommendation: proceed","LOW"
"Workflow run ID: 90000000316
Workflow: Java CI Build
Event: workflow_dispatch
Status: completed
Conclusion: failure
Branch: release
Jobs created: 1
Duration seconds: 366

Job: build
Job status: completed
Job conclusion: failure
Runner: GitHub Actions 1461652575
Steps:
- Set up job: success
- Checkout repository: success
- Setup Java 21: success
- Resolve Maven dependencies: success
- Compile application: success
- Run Unit Tests: success
- Run Integration Tests: success
- Build Docker Image: success
- Deploy to Staging: success
- Application Health Check: success
- Security Scan: failure
- Upload diagnostic reports: success
- Post Setup Java 21: success
- Post Checkout repository: success
- Complete job: success

Error: Critical vulnerabilities detected deployment blocked
Process completed with exit code 1
Workflow result: pipeline failed
Deployment recommendation: stop deployment","HIGH"
"Workflow run ID: 90000000274
Workflow: Cloud Native CI/CD
Event: pull_request
Status: completed
Conclusion: failure
Branch: hotfix/build-fix
Jobs created: 1
Duration seconds: 313

Job: build
Job status: completed
Job conclusion: failure
Runner: GitHub Actions 1982791738
Steps:
- Set up job: success
- Checkout repository: success
- Setup Java 21: success
- Resolve Maven dependencies: success
- Compile application: success
- Run Unit Tests: success
- Run Integration Tests: success
- Build Docker Image: success
- Deploy to Staging: success
- Application Health Check: success
- Database Migration: failure
- Upload diagnostic reports: success
- Post Setup Java 21: success
- Post Checkout repository: success
- Complete job: success

Error: Database migration failed and deployment was stopped
Process completed with exit code 1
Workflow result: pipeline failed
Deployment recommendation: stop deployment","HIGH"
"Workflow run ID: 90000000266
Workflow: Docker Build and Deploy
Event: workflow_dispatch
Status: completed
Conclusion: failure
Branch: feature/risk-analysis
Jobs created: 1
Duration seconds: 224

Job: build
Job status: completed
Job conclusion: failure
Runner: GitHub Actions 1834154189
Steps:
- Set up job: success
- Checkout repository: success
- Setup Java 21: success
- Resolve Maven dependencies: success
- Compile application: success
- Run Unit Tests: success
- Run Integration Tests: success
- Build Docker Image: success
- Deploy to Staging: success
- Application Health Check: success
- Database Migration: failure
- Upload diagnostic reports: success
- Post Setup Java 21: success
- Post Checkout repository: success
- Complete job: success

Error: Database migration failed and deployment was stopped
Process completed with exit code 1
Workflow result: pipeline failed
Deployment recommendation: stop deployment","HIGH"
"Workflow run ID: 80000000292
Workflow: Java CI Build
Event: pull_request
Status: completed
Conclusion: success
Branch: develop
Jobs created: 1
Duration seconds: 348

Job: build
Job status: completed
Job conclusion: success
Runner: GitHub Actions 1446654181
Steps:
- Set up job: success
- Checkout repository: success
- Setup Java 21: success
- Build Project: success
- Run Unit Tests: success
- Medium severity vulnerability detected review required: success
- Deploy to Staging: success
- Post Setup Java 21: success
- Post Checkout repository: success
- Complete job: success

Warning: Medium severity vulnerability detected review required
Workflow result: completed successfully with non-critical warnings
Deployment recommendation: manual review required","MEDIUM"
"Workflow run ID: 90000000267
Workflow: Docker Build and Deploy
Event: pull_request
Status: completed
Conclusion: failure
Branch: main
Jobs created: 1
Duration seconds: 348

Job: build
Job status: completed
Job conclusion: failure
Runner: GitHub Actions 1352991917
Steps:
- Set up job: success
- Checkout repository: success
- Setup Java 21: success
- Resolve Maven dependencies: success
- Compile application: success
- Run Unit Tests: success
- Run Integration Tests: success
- Build Docker Image: failure
- Deploy to Staging: skipped
- Application Health Check: skipped
- Upload diagnostic reports: success
- Post Setup Java 21: success
- Post Checkout repository: success
- Complete job: success

Error: Docker build failed because base image was not found
Process completed with exit code 1
Workflow result: pipeline failed
Deployment recommendation: stop deployment","HIGH"
"Workflow run ID: 90000000273
Workflow: Maven Build Pipeline
Event: pull_request
Status: completed
Conclusion: failure
Branch: feature/risk-analysis
Jobs created: 1
Duration seconds: 141

Job: build
Job status: completed
Job conclusion: failure
Runner: GitHub Actions 1961552829
Steps:
- Set up job: success
- Checkout repository: success
- Setup Java 21: success
- Resolve Maven dependencies: success
- Compile application: success
- Run Unit Tests: success
- Run Integration Tests: success
- Build Docker Image: success
- Deploy to Staging: failure
- Application Health Check: skipped
- Upload diagnostic reports: success
- Post Setup Java 21: success
- Post Checkout repository: success
- Complete job: success

Error: Deployment failed because service was unavailable
Process completed with exit code 1
Workflow result: pipeline failed
Deployment recommendation: stop deployment","HIGH"
"Workflow run ID: 80000000250
Workflow: Kubernetes Deployment Pipeline
Event: pull_request
Status: completed
Conclusion: success
Branch: feature/risk-analysis
Jobs created: 1
Duration seconds: 317

Job: build
Job status: completed
Job conclusion: success
Runner: GitHub Actions 1546766365
Steps:
- Set up job: success
- Checkout repository: success
- Setup Java 21: success
- Build Project: success
- Run Unit Tests: success
- Code coverage below threshold manual review required: success
- Deploy to Staging: success
- Post Setup Java 21: success
- Post Checkout repository: success
- Complete job: success

Warning: Code coverage below threshold manual review required
Workflow result: completed successfully with non-critical warnings
Deployment recommendation: manual review required","MEDIUM"
"Workflow run ID: 80000000123
Workflow: Docker Build and Deploy
Event: workflow_dispatch
Status: completed
Conclusion: success
Branch: main
Jobs created: 1
Duration seconds: 206

Job: build
Job status: completed
Job conclusion: success
Runner: GitHub Actions 1045400791
Steps:
- Set up job: success
- Checkout repository: success
- Setup Java 21: success
- Build Project: success
- Run Unit Tests: success
- Manual deployment approval required: success
- Build Docker Image: success
- Post Setup Java 21: success
- Post Checkout repository: success
- Complete job: success

Warning: Manual deployment approval required
Workflow result: completed successfully with non-critical warnings
Deployment recommendation: manual review required","MEDIUM"
"Workflow run ID: 70000000122
Workflow: Java CI Build
Event: pull_request
Status: completed
Conclusion: success
Branch: main
Jobs created: 1
Duration seconds: 340

Job: build
Job status: completed
Job conclusion: success
Runner: GitHub Actions 1263670373
Steps:
- Set up job: success
- Checkout repository: success
- Setup Java 21: success
- Build Docker Image: success
- Push Docker Image: success
- Deploy to Staging: success
- Application Health Check: success
- Post Setup Java 21: success
- Post Checkout repository: success
- Complete job: success

Workflow result: all required stages completed successfully
Deployment recommendation: proceed","LOW"
"Workflow run ID: 80000000281
Workflow: Docker Build and Deploy
Event: pull_request
Status: completed
Conclusion: success
Branch: main
Jobs created: 1
Duration seconds: 158

Job: build
Job status: completed
Job conclusion: success
Runner: GitHub Actions 1516020521
Steps:
- Set up job: success
- Checkout repository: success
- Setup Java 21: success
- Build Project: success
- Run Unit Tests: success
- Memory usage warning detected during compilation: success
- Package Application: success
- Post Setup Java 21: success
- Post Checkout repository: success
- Complete job: success

Warning: Memory usage warning detected during compilation
Workflow result: completed successfully with non-critical warnings
Deployment recommendation: manual review required","MEDIUM"
"Workflow run ID: 70000000066
Workflow: Java CI Build
Event: pull_request
Status: completed
Conclusion: success
Branch: release
Jobs created: 1
Duration seconds: 415

Job: build
Job status: completed
Job conclusion: success
Runner: GitHub Actions 1443491258
Steps:
- Set up job: success
- Checkout repository: success
- Setup Java 21: success
- Compile application: success
- Run Unit Tests: success
- Run Integration Tests: success
- Build Docker Image: success
- Post Setup Java 21: success
- Post Checkout repository: success
- Complete job: success

Workflow result: all required stages completed successfully
Deployment recommendation: proceed","LOW"
"Workflow run ID: 80000000181
Workflow: Java CI Build
Event: pull_request
Status: completed
Conclusion: success
Branch: main
Jobs created: 1
Duration seconds: 558

Job: build
Job status: completed
Job conclusion: success
Runner: GitHub Actions 1422494631
Steps:
- Set up job: success
- Checkout repository: success
- Setup Java 21: success
- Build Project: success
- Run Unit Tests: success
- Build duration above expected threshold performance review required: success
- Deploy to Staging: success
- Post Setup Java 21: success
- Post Checkout repository: success
- Complete job: success

Warning: Build duration above expected threshold performance review required
Workflow result: completed successfully with non-critical warnings
Deployment recommendation: manual review required","MEDIUM"
"Workflow run ID: 90000000277
Workflow: Kubernetes Deployment Pipeline
Event: workflow_dispatch
Status: completed
Conclusion: failure
Branch: main
Jobs created: 1
Duration seconds: 349

Job: build
Job status: completed
Job conclusion: failure
Runner: GitHub Actions 1720197890
Steps:
- Set up job: success
- Checkout repository: success
- Setup Java 21: success
- Resolve Maven dependencies: failure
- Compile application: skipped
- Run Unit Tests: skipped
- Run Integration Tests: skipped
- Build Docker Image: skipped
- Deploy to Staging: skipped
- Application Health Check: skipped
- Upload diagnostic reports: success
- Post Setup Java 21: success
- Post Checkout repository: success
- Complete job: success

Error: Maven build failed due to unresolved dependency
Process completed with exit code 1
Workflow result: pipeline failed
Deployment recommendation: stop deployment","HIGH"
"Workflow run ID: 80000000157
Workflow: Cloud Native CI/CD
Event: push
Status: completed
Conclusion: success
Branch: hotfix/build-fix
Jobs created: 1
Duration seconds: 582

Job: build
Job status: completed
Job conclusion: success
Runner: GitHub Actions 1685259094
Steps:
- Set up job: success
- Checkout repository: success
- Setup Java 21: success
- Build Project: success
- Run Unit Tests: success
- Build duration above expected threshold performance review required: success
- Build Docker Image: success
- Post Setup Java 21: success
- Post Checkout repository: success
- Complete job: success

Warning: Build duration above expected threshold performance review required
Workflow result: completed successfully with non-critical warnings
Deployment recommendation: manual review required","MEDIUM"
"Workflow run ID: 90000000065
Workflow: Java CI Build
Event: workflow_dispatch
Status: completed
Conclusion: failure
Branch: feature/risk-analysis
Jobs created: 1
Duration seconds: 299

Job: build
Job status: completed
Job conclusion: failure
Runner: GitHub Actions 1179606630
Steps:
- Set up job: success
- Checkout repository: success
- Setup Java 21: success
- Resolve Maven dependencies: success
- Compile application: success
- Run Unit Tests: failure
- Run Integration Tests: skipped
- Build Docker Image: skipped
- Deploy to Staging: skipped
- Application Health Check: skipped
- Upload diagnostic reports: success
- Post Setup Java 21: success
- Post Checkout repository: success
- Complete job: success

Error: Unit tests failed with assertion errors
Process completed with exit code 1
Workflow result: pipeline failed
Deployment recommendation: stop deployment","HIGH"
"Workflow run ID: 70000000069
Workflow: Java CI Build
Event: push
Status: completed
Conclusion: success
Branch: feature/risk-analysis
Jobs created: 1
Duration seconds: 358

Job: build
Job status: completed
Job conclusion: success
Runner: GitHub Actions 1891021297
Steps:
- Set up job: success
- Checkout repository: success
- Setup Java 21: success
- Build Docker Image: success
- Push Docker Image: success
- Deploy to Staging: success
- Application Health Check: success
- Post Setup Java 21: success
- Post Checkout repository: success
- Complete job: success

Workflow result: all required stages completed successfully
Deployment recommendation: proceed","LOW"
"Workflow run ID: 80000000277
Workflow: Spring Boot CI
Event: workflow_dispatch
Status: completed
Conclusion: success
Branch: develop
Jobs created: 1
Duration seconds: 445

Job: build
Job status: completed
Job conclusion: success
Runner: GitHub Actions 1066573597
Steps:
- Set up job: success
- Checkout repository: success
- Setup Java 21: success
- Build Project: success
- Run Unit Tests: success
- Deprecated dependency detected upgrade recommended: success
- Build Docker Image: success
- Post Setup Java 21: success
- Post Checkout repository: success
- Complete job: success

Warning: Deprecated dependency detected upgrade recommended
Workflow result: completed successfully with non-critical warnings
Deployment recommendation: manual review required","MEDIUM"
"Workflow run ID: 80000000211
Workflow: Maven Build Pipeline
Event: pull_request
Status: completed
Conclusion: success
Branch: release
Jobs created: 1
Duration seconds: 400

Job: build
Job status: completed
Job conclusion: success
Runner: GitHub Actions 1601449795
Steps:
- Set up job: success
- Checkout repository: success
- Setup Java 21: success
- Build Project: success
- Run Unit Tests: success
- Docker image size exceeded recommended limit: success
- Deploy to Staging: success
- Post Setup Java 21: success
- Post Checkout repository: success
- Complete job: success

Warning: Docker image size exceeded recommended limit
Workflow result: completed successfully with non-critical warnings
Deployment recommendation: manual review required","MEDIUM"
"Workflow run ID: 90000000149
Workflow: Docker Build and Deploy
Event: push
Status: completed
Conclusion: failure
Branch: release
Jobs created: 1
Duration seconds: 253

Job: build
Job status: completed
Job conclusion: failure
Runner: GitHub Actions 1310258276
Steps:
- Set up job: success
- Checkout repository: success
- Setup Java 21: success
- Resolve Maven dependencies: success
- Compile application: success
- Run Unit Tests: success
- Run Integration Tests: success
- Build Docker Image: success
- Deploy to Staging: success
- Application Health Check: success
- Security Scan: failure
- Upload diagnostic reports: success
- Post Setup Java 21: success
- Post Checkout repository: success
- Complete job: success

Error: Critical vulnerabilities detected deployment blocked
Process completed with exit code 1
Workflow result: pipeline failed
Deployment recommendation: stop deployment","HIGH"
"Workflow run ID: 70000000271
Workflow: Kubernetes Deployment Pipeline
Event: pull_request
Status: completed
Conclusion: success
Branch: feature/risk-analysis
Jobs created: 1
Duration seconds: 451

Job: build
Job status: completed
Job conclusion: success
Runner: GitHub Actions 1434522563
Steps:
- Set up job: success
- Checkout repository: success
- Setup Java 21: success
- Maven Build: success
- Run Unit Tests: success
- SonarQube Analysis: success
- Complete Build: success
- Post Setup Java 21: success
- Post Checkout repository: success
- Complete job: success

Workflow result: all required stages completed successfully
Deployment recommendation: proceed","LOW"
"Workflow run ID: 90000000206
Workflow: Java CI Build
Event: push
Status: completed
Conclusion: failure
Branch: feature/risk-analysis
Jobs created: 1
Duration seconds: 226

Job: build
Job status: completed
Job conclusion: failure
Runner: GitHub Actions 1331224709
Steps:
- Set up job: success
- Checkout repository: success
- Setup Java 21: success
- Resolve Maven dependencies: success
- Compile application: success
- Run Unit Tests: success
- Run Integration Tests: failure
- Build Docker Image: skipped
- Deploy to Staging: skipped
- Application Health Check: skipped
- Upload diagnostic reports: success
- Post Setup Java 21: success
- Post Checkout repository: success
- Complete job: success

Error: Integration tests failed connection refused
Process completed with exit code 1
Workflow result: pipeline failed
Deployment recommendation: stop deployment","HIGH"
"Workflow run ID: 70000000216
Workflow: Kubernetes Deployment Pipeline
Event: workflow_dispatch
Status: completed
Conclusion: success
Branch: feature/risk-analysis
Jobs created: 1
Duration seconds: 164

Job: build
Job status: completed
Job conclusion: success
Runner: GitHub Actions 1285258844
Steps:
- Set up job: success
- Checkout repository: success
- Setup Java 21: success
- Build Docker Image: success
- Push Docker Image: success
- Deploy to Staging: success
- Application Health Check: success
- Post Setup Java 21: success
- Post Checkout repository: success
- Complete job: success

Workflow result: all required stages completed successfully
Deployment recommendation: proceed","LOW"
"Workflow run ID: 90000000233
Workflow: Docker Build and Deploy
Event: workflow_dispatch
Status: completed
Conclusion: failure
Branch: release
Jobs created: 1
Duration seconds: 229

Job: build
Job status: completed
Job conclusion: failure
Runner: GitHub Actions 1111006767
Steps:
- Set up job: success
- Checkout repository: success
- Setup Java 21: success
- Resolve Maven dependencies: success
- Compile application: success
- Run Unit Tests: success
- Run Integration Tests: success
- Build Docker Image: success
- Deploy to Staging: success
- Application Health Check: failure
- Upload diagnostic reports: success
- Post Setup Java 21: success
- Post Checkout repository: success
- Complete job: success

Error: Health check failed after deployment
Process completed with exit code 1
Workflow result: pipeline failed
Deployment recommendation: stop deployment","HIGH"
"Workflow run ID: 80000000010
Workflow: Docker Build and Deploy
Event: push
Status: completed
Conclusion: success
Branch: feature/risk-analysis
Jobs created: 1
Duration seconds: 170

Job: build
Job status: completed
Job conclusion: success
Runner: GitHub Actions 1230020445
Steps:
- Set up job: success
- Checkout repository: success
- Setup Java 21: success
- Build Project: success
- Run Unit Tests: success
- Medium severity vulnerability detected review required: success
- Package Application: success
- Post Setup Java 21: success
- Post Checkout repository: success
- Complete job: success

Warning: Medium severity vulnerability detected review required
Workflow result: completed successfully with non-critical warnings
Deployment recommendation: manual review required","MEDIUM"
"Workflow run ID: 80000000249
Workflow: Cloud Native CI/CD
Event: workflow_dispatch
Status: completed
Conclusion: success
Branch: develop
Jobs created: 1
Duration seconds: 545

Job: build
Job status: completed
Job conclusion: success
Runner: GitHub Actions 1829156745
Steps:
- Set up job: success
- Checkout repository: success
- Setup Java 21: success
- Build Project: success
- Run Unit Tests: success
- Build duration above expected threshold performance review required: success
- Deploy to Staging: success
- Post Setup Java 21: success
- Post Checkout repository: success
- Complete job: success

Warning: Build duration above expected threshold performance review required
Workflow result: completed successfully with non-critical warnings
Deployment recommendation: manual review required","MEDIUM"
"Workflow run ID: 80000000049
Workflow: Kubernetes Deployment Pipeline
Event: push
Status: completed
Conclusion: success
Branch: feature/risk-analysis
Jobs created: 1
Duration seconds: 103

Job: build
Job status: completed
Job conclusion: success
Runner: GitHub Actions 1649325533
Steps:
- Set up job: success
- Checkout repository: success
- Setup Java 21: success
- Build Project: success
- Run Unit Tests: success
- Staging health check intermittent response detected: success
- Package Application: success
- Post Setup Java 21: success
- Post Checkout repository: success
- Complete job: success

Warning: Staging health check intermittent response detected
Workflow result: completed successfully with non-critical warnings
Deployment recommendation: manual review required","MEDIUM"
"Workflow run ID: 70000000077
Workflow: Spring Boot CI
Event: pull_request
Status: completed
Conclusion: success
Branch: hotfix/build-fix
Jobs created: 1
Duration seconds: 277

Job: build
Job status: completed
Job conclusion: success
Runner: GitHub Actions 1210636934
Steps:
- Set up job: success
- Checkout repository: success
- Setup Java 21: success
- Build Project: success
- Run Unit Tests: success
- Code Coverage Check: success
- Package Application: success
- Post Setup Java 21: success
- Post Checkout repository: success
- Complete job: success

Workflow result: all required stages completed successfully
Deployment recommendation: proceed","LOW"
"Workflow run ID: 90000000157
Workflow: Spring Boot CI
Event: workflow_dispatch
Status: completed
Conclusion: failure
Branch: feature/risk-analysis
Jobs created: 1
Duration seconds: 58

Job: build
Job status: completed
Job conclusion: failure
Runner: GitHub Actions 1850880529
Steps:
- Set up job: success
- Checkout repository: success
- Setup Java 21: success
- Resolve Maven dependencies: success
- Compile application: success
- Run Unit Tests: success
- Run Integration Tests: success
- Build Docker Image: success
- Deploy to Staging: success
- Application Health Check: success
- Database Migration: failure
- Upload diagnostic reports: success
- Post Setup Java 21: success
- Post Checkout repository: success
- Complete job: success

Error: Database migration failed and deployment was stopped
Process completed with exit code 1
Workflow result: pipeline failed
Deployment recommendation: stop deployment","HIGH"
"Workflow run ID: 80000000097
Workflow: Java CI Build
Event: push
Status: completed
Conclusion: success
Branch: release
Jobs created: 1
Duration seconds: 207

Job: build
Job status: completed
Job conclusion: success
Runner: GitHub Actions 1015249806
Steps:
- Set up job: success
- Checkout repository: success
- Setup Java 21: success
- Build Project: success
- Run Unit Tests: success
- Minor configuration warning detected during deployment: success
- Build Docker Image: success
- Post Setup Java 21: success
- Post Checkout repository: success
- Complete job: success

Warning: Minor configuration warning detected during deployment
Workflow result: completed successfully with non-critical warnings
Deployment recommendation: manual review required","MEDIUM"
"Workflow run ID: 70000000245
Workflow: Cloud Native CI/CD
Event: workflow_dispatch
Status: completed
Conclusion: success
Branch: develop
Jobs created: 1
Duration seconds: 325

Job: build
Job status: completed
Job conclusion: success
Runner: GitHub Actions 1097457055
Steps:
- Set up job: success
- Checkout repository: success
- Setup Java 21: success
- Build Project: success
- Run Unit Tests: success
- Code Coverage Check: success
- Package Application: success
- Post Setup Java 21: success
- Post Checkout repository: success
- Complete job: success

Workflow result: all required stages completed successfully
Deployment recommendation: proceed","LOW"
"Workflow run ID: 80000000205
Workflow: Cloud Native CI/CD
Event: workflow_dispatch
Status: completed
Conclusion: success
Branch: feature/risk-analysis
Jobs created: 1
Duration seconds: 256

Job: build
Job status: completed
Job conclusion: success
Runner: GitHub Actions 1760787975
Steps:
- Set up job: success
- Checkout repository: success
- Setup Java 21: success
- Build Project: success
- Run Unit Tests: success
- Flaky tests detected retry passed manual review required: success
- Build Docker Image: success
- Post Setup Java 21: success
- Post Checkout repository: success
- Complete job: success

Warning: Flaky tests detected retry passed manual review required
Workflow result: completed successfully with non-critical warnings
Deployment recommendation: manual review required","MEDIUM"
"Workflow run ID: 70000000262
Workflow: Java CI Build
Event: workflow_dispatch
Status: completed
Conclusion: success
Branch: develop
Jobs created: 1
Duration seconds: 377

Job: build
Job status: completed
Job conclusion: success
Runner: GitHub Actions 1250156966
Steps:
- Set up job: success
- Checkout repository: success
- Setup Java 21: success
- Maven Build: success
- Run Unit Tests: success
- SonarQube Analysis: success
- Complete Build: success
- Post Setup Java 21: success
- Post Checkout repository: success
- Complete job: success

Workflow result: all required stages completed successfully
Deployment recommendation: proceed","LOW"
"Workflow run ID: 70000000314
Workflow: Cloud Native CI/CD
Event: pull_request
Status: completed
Conclusion: success
Branch: main
Jobs created: 1
Duration seconds: 330

Job: build
Job status: completed
Job conclusion: success
Runner: GitHub Actions 1884654008
Steps:
- Set up job: success
- Checkout repository: success
- Setup Java 21: success
- Maven Build: success
- Run Unit Tests: success
- SonarQube Analysis: success
- Complete Build: success
- Post Setup Java 21: success
- Post Checkout repository: success
- Complete job: success

Workflow result: all required stages completed successfully
Deployment recommendation: proceed","LOW"
"Workflow run ID: 90000000170
Workflow: Cloud Native CI/CD
Event: push
Status: completed
Conclusion: failure
Branch: feature/risk-analysis
Jobs created: 1
Duration seconds: 416

Job: build
Job status: completed
Job conclusion: failure
Runner: GitHub Actions 1630745725
Steps:
- Set up job: success
- Checkout repository: success
- Setup Java 21: success
- Resolve Maven dependencies: success
- Compile application: success
- Run Unit Tests: success
- Run Integration Tests: success
- Build Docker Image: success
- Deploy to Staging: success
- Application Health Check: failure
- Upload diagnostic reports: success
- Post Setup Java 21: success
- Post Checkout repository: success
- Complete job: success

Error: Health check failed after deployment
Process completed with exit code 1
Workflow result: pipeline failed
Deployment recommendation: stop deployment","HIGH"
"Workflow run ID: 90000000325
Workflow: Cloud Native CI/CD
Event: push
Status: completed
Conclusion: failure
Branch: hotfix/build-fix
Jobs created: 1
Duration seconds: 109

Job: build
Job status: completed
Job conclusion: failure
Runner: GitHub Actions 1404221829
Steps:
- Set up job: success
- Checkout repository: success
- Setup Java 21: success
- Resolve Maven dependencies: success
- Compile application: failure
- Run Unit Tests: skipped
- Run Integration Tests: skipped
- Build Docker Image: skipped
- Deploy to Staging: skipped
- Application Health Check: skipped
- Upload diagnostic reports: success
- Post Setup Java 21: success
- Post Checkout repository: success
- Complete job: success

Error: Compilation failed because symbol could not be resolved
Process completed with exit code 1
Workflow result: pipeline failed
Deployment recommendation: stop deployment","HIGH"
"Workflow run ID: 70000000276
Workflow: Docker Build and Deploy
Event: push
Status: completed
Conclusion: success
Branch: release
Jobs created: 1
Duration seconds: 412

Job: build
Job status: completed
Job conclusion: success
Runner: GitHub Actions 1878766946
Steps:
- Set up job: success
- Checkout repository: success
- Setup Java 21: success
- Build Project: success
- Dependency Scan: success
- Security Scan: success
- Publish Artifact: success
- Post Setup Java 21: success
- Post Checkout repository: success
- Complete job: success

Workflow result: all required stages completed successfully
Deployment recommendation: proceed","LOW"
"Workflow run ID: 70000000220
Workflow: Cloud Native CI/CD
Event: push
Status: completed
Conclusion: success
Branch: develop
Jobs created: 1
Duration seconds: 431

Job: build
Job status: completed
Job conclusion: success
Runner: GitHub Actions 1030961073
Steps:
- Set up job: success
- Checkout repository: success
- Setup Java 21: success
- Build Docker Image: success
- Push Docker Image: success
- Deploy to Staging: success
- Application Health Check: success
- Post Setup Java 21: success
- Post Checkout repository: success
- Complete job: success

Workflow result: all required stages completed successfully
Deployment recommendation: proceed","LOW"
"Workflow run ID: 80000000236
Workflow: Java CI Build
Event: pull_request
Status: completed
Conclusion: success
Branch: main
Jobs created: 1
Duration seconds: 554

Job: build
Job status: completed
Job conclusion: success
Runner: GitHub Actions 1421573541
Steps:
- Set up job: success
- Checkout repository: success
- Setup Java 21: success
- Build Project: success
- Run Unit Tests: success
- Build duration above expected threshold performance review required: success
- Deploy to Staging: success
- Post Setup Java 21: success
- Post Checkout repository: success
- Complete job: success

Warning: Build duration above expected threshold performance review required
Workflow result: completed successfully with non-critical warnings
Deployment recommendation: manual review required","MEDIUM"
"Workflow run ID: 80000000095
Workflow: Maven Build Pipeline
Event: push
Status: completed
Conclusion: success
Branch: release
Jobs created: 1
Duration seconds: 399

Job: build
Job status: completed
Job conclusion: success
Runner: GitHub Actions 1883197892
Steps:
- Set up job: success
- Checkout repository: success
- Setup Java 21: success
- Build Project: success
- Run Unit Tests: success
- Build duration above expected threshold performance review required: success
- Build Docker Image: success
- Post Setup Java 21: success
- Post Checkout repository: success
- Complete job: success

Warning: Build duration above expected threshold performance review required
Workflow result: completed successfully with non-critical warnings
Deployment recommendation: manual review required","MEDIUM"
"Workflow run ID: 70000000231
Workflow: Docker Build and Deploy
Event: pull_request
Status: completed
Conclusion: success
Branch: release
Jobs created: 1
Duration seconds: 418

Job: build
Job status: completed
Job conclusion: success
Runner: GitHub Actions 1766298282
Steps:
- Set up job: success
- Checkout repository: success
- Setup Java 21: success
- Maven Build: success
- Run Unit Tests: success
- SonarQube Analysis: success
- Complete Build: success
- Post Setup Java 21: success
- Post Checkout repository: success
- Complete job: success

Workflow result: all required stages completed successfully
Deployment recommendation: proceed","LOW"
"Workflow run ID: 90000000191
Workflow: Spring Boot CI
Event: pull_request
Status: completed
Conclusion: failure
Branch: feature/risk-analysis
Jobs created: 1
Duration seconds: 289

Job: build
Job status: completed
Job conclusion: failure
Runner: GitHub Actions 1202550930
Steps:
- Set up job: success
- Checkout repository: success
- Setup Java 21: success
- Resolve Maven dependencies: success
- Compile application: success
- Run Unit Tests: success
- Run Integration Tests: success
- Build Docker Image: success
- Deploy to Staging: failure
- Application Health Check: skipped
- Upload diagnostic reports: success
- Post Setup Java 21: success
- Post Checkout repository: success
- Complete job: success

Error: Deployment failed because service was unavailable
Process completed with exit code 1
Workflow result: pipeline failed
Deployment recommendation: stop deployment","HIGH"
"Workflow run ID: 70000000146
Workflow: Cloud Native CI/CD
Event: pull_request
Status: completed
Conclusion: success
Branch: hotfix/build-fix
Jobs created: 1
Duration seconds: 98

Job: build
Job status: completed
Job conclusion: success
Runner: GitHub Actions 1206936666
Steps:
- Set up job: success
- Checkout repository: success
- Setup Java 21: success
- Compile application: success
- Run Unit Tests: success
- Run Integration Tests: success
- Build Docker Image: success
- Post Setup Java 21: success
- Post Checkout repository: success
- Complete job: success

Workflow result: all required stages completed successfully
Deployment recommendation: proceed","LOW"
"Workflow run ID: 90000000047
Workflow: Docker Build and Deploy
Event: pull_request
Status: completed
Conclusion: failure
Branch: feature/risk-analysis
Jobs created: 1
Duration seconds: 86

Job: build
Job status: completed
Job conclusion: failure
Runner: GitHub Actions 1137081731
Steps:
- Set up job: success
- Checkout repository: success
- Setup Java 21: success
- Resolve Maven dependencies: success
- Compile application: success
- Run Unit Tests: success
- Run Integration Tests: success
- Build Docker Image: success
- Deploy to Staging: success
- Application Health Check: failure
- Upload diagnostic reports: success
- Post Setup Java 21: success
- Post Checkout repository: success
- Complete job: success

Error: Health check failed after deployment
Process completed with exit code 1
Workflow result: pipeline failed
Deployment recommendation: stop deployment","HIGH"
"Workflow run ID: 90000000309
Workflow: Maven Build Pipeline
Event: workflow_dispatch
Status: completed
Conclusion: failure
Branch: develop
Jobs created: 1
Duration seconds: 411

Job: build
Job status: completed
Job conclusion: failure
Runner: GitHub Actions 1992666482
Steps:
- Set up job: success
- Checkout repository: success
- Setup Java 21: success
- Resolve Maven dependencies: success
- Compile application: success
- Run Unit Tests: failure
- Run Integration Tests: skipped
- Build Docker Image: skipped
- Deploy to Staging: skipped
- Application Health Check: skipped
- Upload diagnostic reports: success
- Post Setup Java 21: success
- Post Checkout repository: success
- Complete job: success

Error: Unit tests failed with assertion errors
Process completed with exit code 1
Workflow result: pipeline failed
Deployment recommendation: stop deployment","HIGH"
"Workflow run ID: 70000000310
Workflow: Spring Boot CI
Event: workflow_dispatch
Status: completed
Conclusion: success
Branch: feature/risk-analysis
Jobs created: 1
Duration seconds: 162

Job: build
Job status: completed
Job conclusion: success
Runner: GitHub Actions 1995746741
Steps:
- Set up job: success
- Checkout repository: success
- Setup Java 21: success
- Build Docker Image: success
- Push Docker Image: success
- Deploy to Staging: success
- Application Health Check: success
- Post Setup Java 21: success
- Post Checkout repository: success
- Complete job: success

Workflow result: all required stages completed successfully
Deployment recommendation: proceed","LOW"
"Workflow run ID: 80000000265
Workflow: Docker Build and Deploy
Event: push
Status: completed
Conclusion: success
Branch: hotfix/build-fix
Jobs created: 1
Duration seconds: 255

Job: build
Job status: completed
Job conclusion: success
Runner: GitHub Actions 1028780054
Steps:
- Set up job: success
- Checkout repository: success
- Setup Java 21: success
- Build Project: success
- Run Unit Tests: success
- Manual deployment approval required: success
- Package Application: success
- Post Setup Java 21: success
- Post Checkout repository: success
- Complete job: success

Warning: Manual deployment approval required
Workflow result: completed successfully with non-critical warnings
Deployment recommendation: manual review required","MEDIUM"
"Workflow run ID: 70000000137
Workflow: Maven Build Pipeline
Event: pull_request
Status: completed
Conclusion: success
Branch: release
Jobs created: 1
Duration seconds: 420

Job: build
Job status: completed
Job conclusion: success
Runner: GitHub Actions 1050635426
Steps:
- Set up job: success
- Checkout repository: success
- Setup Java 21: success
- Build Docker Image: success
- Push Docker Image: success
- Deploy to Staging: success
- Application Health Check: success
- Post Setup Java 21: success
- Post Checkout repository: success
- Complete job: success

Workflow result: all required stages completed successfully
Deployment recommendation: proceed","LOW"
"Workflow run ID: 70000000113
Workflow: Cloud Native CI/CD
Event: workflow_dispatch
Status: completed
Conclusion: success
Branch: release
Jobs created: 1
Duration seconds: 202

Job: build
Job status: completed
Job conclusion: success
Runner: GitHub Actions 1351306073
Steps:
- Set up job: success
- Checkout repository: success
- Setup Java 21: success
- Build Project: success
- Run Unit Tests: success
- Code Coverage Check: success
- Package Application: success
- Post Setup Java 21: success
- Post Checkout repository: success
- Complete job: success

Workflow result: all required stages completed successfully
Deployment recommendation: proceed","LOW"
"Workflow run ID: 70000000181
Workflow: Java CI Build
Event: pull_request
Status: completed
Conclusion: success
Branch: feature/risk-analysis
Jobs created: 1
Duration seconds: 465

Job: build
Job status: completed
Job conclusion: success
Runner: GitHub Actions 1479491536
Steps:
- Set up job: success
- Checkout repository: success
- Setup Java 21: success
- Build Docker Image: success
- Push Docker Image: success
- Deploy to Staging: success
- Application Health Check: success
- Post Setup Java 21: success
- Post Checkout repository: success
- Complete job: success

Workflow result: all required stages completed successfully
Deployment recommendation: proceed","LOW"
"Workflow run ID: 90000000160
Workflow: Spring Boot CI
Event: pull_request
Status: completed
Conclusion: failure
Branch: develop
Jobs created: 1
Duration seconds: 396

Job: build
Job status: completed
Job conclusion: failure
Runner: GitHub Actions 1561141960
Steps:
- Set up job: success
- Checkout repository: success
- Setup Java 21: success
- Resolve Maven dependencies: success
- Compile application: success
- Run Unit Tests: success
- Run Integration Tests: success
- Build Docker Image: success
- Deploy to Staging: failure
- Application Health Check: skipped
- Upload diagnostic reports: success
- Post Setup Java 21: success
- Post Checkout repository: success
- Complete job: success

Error: Deployment failed because service was unavailable
Process completed with exit code 1
Workflow result: pipeline failed
Deployment recommendation: stop deployment","HIGH"
"Workflow run ID: 70000000098
Workflow: Java CI Build
Event: push
Status: completed
Conclusion: success
Branch: feature/risk-analysis
Jobs created: 1
Duration seconds: 256

Job: build
Job status: completed
Job conclusion: success
Runner: GitHub Actions 1846088897
Steps:
- Set up job: success
- Checkout repository: success
- Setup Java 21: success
- Build Project: success
- Dependency Scan: success
- Security Scan: success
- Publish Artifact: success
- Post Setup Java 21: success
- Post Checkout repository: success
- Complete job: success

Workflow result: all required stages completed successfully
Deployment recommendation: proceed","LOW"
"Workflow run ID: 80000000170
Workflow: Kubernetes Deployment Pipeline
Event: workflow_dispatch
Status: completed
Conclusion: success
Branch: main
Jobs created: 1
Duration seconds: 103

Job: build
Job status: completed
Job conclusion: success
Runner: GitHub Actions 1661994349
Steps:
- Set up job: success
- Checkout repository: success
- Setup Java 21: success
- Build Project: success
- Run Unit Tests: success
- Manual deployment approval required: success
- Deploy to Staging: success
- Post Setup Java 21: success
- Post Checkout repository: success
- Complete job: success

Warning: Manual deployment approval required
Workflow result: completed successfully with non-critical warnings
Deployment recommendation: manual review required","MEDIUM"
"Workflow run ID: 80000000192
Workflow: Maven Build Pipeline
Event: workflow_dispatch
Status: completed
Conclusion: success
Branch: release
Jobs created: 1
Duration seconds: 453

Job: build
Job status: completed
Job conclusion: success
Runner: GitHub Actions 1193684409
Steps:
- Set up job: success
- Checkout repository: success
- Setup Java 21: success
- Build Project: success
- Run Unit Tests: success
- Build duration above expected threshold performance review required: success
- Deploy to Staging: success
- Post Setup Java 21: success
- Post Checkout repository: success
- Complete job: success

Warning: Build duration above expected threshold performance review required
Workflow result: completed successfully with non-critical warnings
Deployment recommendation: manual review required","MEDIUM"
"Workflow run ID: 80000000144
Workflow: Maven Build Pipeline
Event: workflow_dispatch
Status: completed
Conclusion: success
Branch: develop
Jobs created: 1
Duration seconds: 596

Job: build
Job status: completed
Job conclusion: success
Runner: GitHub Actions 1115132785
Steps:
- Set up job: success
- Checkout repository: success
- Setup Java 21: success
- Build Project: success
- Run Unit Tests: success
- Medium severity vulnerability detected review required: success
- Deploy to Staging: success
- Post Setup Java 21: success
- Post Checkout repository: success
- Complete job: success

Warning: Medium severity vulnerability detected review required
Workflow result: completed successfully with non-critical warnings
Deployment recommendation: manual review required","MEDIUM"
"Workflow run ID: 90000000038
Workflow: Maven Build Pipeline
Event: push
Status: completed
Conclusion: failure
Branch: feature/risk-analysis
Jobs created: 1
Duration seconds: 389

Job: build
Job status: completed
Job conclusion: failure
Runner: GitHub Actions 1278579252
Steps:
- Set up job: success
- Checkout repository: success
- Setup Java 21: success
- Resolve Maven dependencies: success
- Compile application: success
- Run Unit Tests: failure
- Run Integration Tests: skipped
- Build Docker Image: skipped
- Deploy to Staging: skipped
- Application Health Check: skipped
- Upload diagnostic reports: success
- Post Setup Java 21: success
- Post Checkout repository: success
- Complete job: success

Error: Unit tests failed with assertion errors
Process completed with exit code 1
Workflow result: pipeline failed
Deployment recommendation: stop deployment","HIGH"
"Workflow run ID: 80000000264
Workflow: Docker Build and Deploy
Event: push
Status: completed
Conclusion: success
Branch: release
Jobs created: 1
Duration seconds: 596

Job: build
Job status: completed
Job conclusion: success
Runner: GitHub Actions 1963603892
Steps:
- Set up job: success
- Checkout repository: success
- Setup Java 21: success
- Build Project: success
- Run Unit Tests: success
- Code coverage below threshold manual review required: success
- Package Application: success
- Post Setup Java 21: success
- Post Checkout repository: success
- Complete job: success

Warning: Code coverage below threshold manual review required
Workflow result: completed successfully with non-critical warnings
Deployment recommendation: manual review required","MEDIUM"
"Workflow run ID: 90000000236
Workflow: Kubernetes Deployment Pipeline
Event: workflow_dispatch
Status: completed
Conclusion: failure
Branch: hotfix/build-fix
Jobs created: 1
Duration seconds: 165

Job: build
Job status: completed
Job conclusion: failure
Runner: GitHub Actions 1408410840
Steps:
- Set up job: success
- Checkout repository: success
- Setup Java 21: success
- Resolve Maven dependencies: success
- Compile application: success
- Run Unit Tests: success
- Run Integration Tests: success
- Build Docker Image: success
- Deploy to Staging: success
- Application Health Check: success
- Database Migration: failure
- Upload diagnostic reports: success
- Post Setup Java 21: success
- Post Checkout repository: success
- Complete job: success

Error: Database migration failed and deployment was stopped
Process completed with exit code 1
Workflow result: pipeline failed
Deployment recommendation: stop deployment","HIGH"
"Workflow run ID: 80000000064
Workflow: Java CI Build
Event: push
Status: completed
Conclusion: success
Branch: feature/risk-analysis
Jobs created: 1
Duration seconds: 516

Job: build
Job status: completed
Job conclusion: success
Runner: GitHub Actions 1440412859
Steps:
- Set up job: success
- Checkout repository: success
- Setup Java 21: success
- Build Project: success
- Run Unit Tests: success
- Deprecated dependency detected upgrade recommended: success
- Package Application: success
- Post Setup Java 21: success
- Post Checkout repository: success
- Complete job: success

Warning: Deprecated dependency detected upgrade recommended
Workflow result: completed successfully with non-critical warnings
Deployment recommendation: manual review required","MEDIUM"
"Workflow run ID: 80000000126
Workflow: Docker Build and Deploy
Event: workflow_dispatch
Status: completed
Conclusion: success
Branch: main
Jobs created: 1
Duration seconds: 256

Job: build
Job status: completed
Job conclusion: success
Runner: GitHub Actions 1158477574
Steps:
- Set up job: success
- Checkout repository: success
- Setup Java 21: success
- Build Project: success
- Run Unit Tests: success
- Minor configuration warning detected during deployment: success
- Package Application: success
- Post Setup Java 21: success
- Post Checkout repository: success
- Complete job: success

Warning: Minor configuration warning detected during deployment
Workflow result: completed successfully with non-critical warnings
Deployment recommendation: manual review required","MEDIUM"
"Workflow run ID: 90000000258
Workflow: Cloud Native CI/CD
Event: push
Status: completed
Conclusion: failure
Branch: develop
Jobs created: 1
Duration seconds: 134

Job: build
Job status: completed
Job conclusion: failure
Runner: GitHub Actions 1632754952
Steps:
- Set up job: success
- Checkout repository: success
- Setup Java 21: success
- Resolve Maven dependencies: success
- Compile application: success
- Run Unit Tests: success
- Run Integration Tests: success
- Build Docker Image: success
- Deploy to Staging: success
- Application Health Check: failure
- Upload diagnostic reports: success
- Post Setup Java 21: success
- Post Checkout repository: success
- Complete job: success

Error: Health check failed after deployment
Process completed with exit code 1
Workflow result: pipeline failed
Deployment recommendation: stop deployment","HIGH"
"Workflow run ID: 90000000220
Workflow: Kubernetes Deployment Pipeline
Event: workflow_dispatch
Status: completed
Conclusion: failure
Branch: release
Jobs created: 1
Duration seconds: 406

Job: build
Job status: completed
Job conclusion: failure
Runner: GitHub Actions 1175707359
Steps:
- Set up job: success
- Checkout repository: success
- Setup Java 21: success
- Resolve Maven dependencies: success
- Compile application: success
- Run Unit Tests: failure
- Run Integration Tests: skipped
- Build Docker Image: skipped
- Deploy to Staging: skipped
- Application Health Check: skipped
- Upload diagnostic reports: success
- Post Setup Java 21: success
- Post Checkout repository: success
- Complete job: success

Error: Unit tests failed with assertion errors
Process completed with exit code 1
Workflow result: pipeline failed
Deployment recommendation: stop deployment","HIGH"
"Workflow run ID: 80000000111
Workflow: Java CI Build
Event: workflow_dispatch
Status: completed
Conclusion: success
Branch: feature/risk-analysis
Jobs created: 1
Duration seconds: 607

Job: build
Job status: completed
Job conclusion: success
Runner: GitHub Actions 1325019611
Steps:
- Set up job: success
- Checkout repository: success
- Setup Java 21: success
- Build Project: success
- Run Unit Tests: success
- Manual deployment approval required: success
- Package Application: success
- Post Setup Java 21: success
- Post Checkout repository: success
- Complete job: success

Warning: Manual deployment approval required
Workflow result: completed successfully with non-critical warnings
Deployment recommendation: manual review required","MEDIUM"
"Workflow run ID: 70000000319
Workflow: Cloud Native CI/CD
Event: pull_request
Status: completed
Conclusion: success
Branch: feature/risk-analysis
Jobs created: 1
Duration seconds: 239

Job: build
Job status: completed
Job conclusion: success
Runner: GitHub Actions 1045832319
Steps:
- Set up job: success
- Checkout repository: success
- Setup Java 21: success
- Build Docker Image: success
- Push Docker Image: success
- Deploy to Staging: success
- Application Health Check: success
- Post Setup Java 21: success
- Post Checkout repository: success
- Complete job: success

Workflow result: all required stages completed successfully
Deployment recommendation: proceed","LOW"
"Workflow run ID: 80000000146
Workflow: Maven Build Pipeline
Event: pull_request
Status: completed
Conclusion: success
Branch: release
Jobs created: 1
Duration seconds: 361

Job: build
Job status: completed
Job conclusion: success
Runner: GitHub Actions 1642345228
Steps:
- Set up job: success
- Checkout repository: success
- Setup Java 21: success
- Build Project: success
- Run Unit Tests: success
- Code coverage below threshold manual review required: success
- Deploy to Staging: success
- Post Setup Java 21: success
- Post Checkout repository: success
- Complete job: success

Warning: Code coverage below threshold manual review required
Workflow result: completed successfully with non-critical warnings
Deployment recommendation: manual review required","MEDIUM"
"Workflow run ID: 70000000128
Workflow: Java CI Build
Event: workflow_dispatch
Status: completed
Conclusion: success
Branch: develop
Jobs created: 1
Duration seconds: 361

Job: build
Job status: completed
Job conclusion: success
Runner: GitHub Actions 1521961664
Steps:
- Set up job: success
- Checkout repository: success
- Setup Java 21: success
- Build Project: success
- Run Unit Tests: success
- Code Coverage Check: success
- Package Application: success
- Post Setup Java 21: success
- Post Checkout repository: success
- Complete job: success

Workflow result: all required stages completed successfully
Deployment recommendation: proceed","LOW"
"Workflow run ID: 70000000055
Workflow: Spring Boot CI
Event: workflow_dispatch
Status: completed
Conclusion: success
Branch: feature/risk-analysis
Jobs created: 1
Duration seconds: 181

Job: build
Job status: completed
Job conclusion: success
Runner: GitHub Actions 1268178034
Steps:
- Set up job: success
- Checkout repository: success
- Setup Java 21: success
- Compile application: success
- Run Unit Tests: success
- Run Integration Tests: success
- Build Docker Image: success
- Post Setup Java 21: success
- Post Checkout repository: success
- Complete job: success

Workflow result: all required stages completed successfully
Deployment recommendation: proceed","LOW"
"Workflow run ID: 70000000064
Workflow: Maven Build Pipeline
Event: push
Status: completed
Conclusion: success
Branch: release
Jobs created: 1
Duration seconds: 219

Job: build
Job status: completed
Job conclusion: success
Runner: GitHub Actions 1123147032
Steps:
- Set up job: success
- Checkout repository: success
- Setup Java 21: success
- Maven Build: success
- Run Unit Tests: success
- SonarQube Analysis: success
- Complete Build: success
- Post Setup Java 21: success
- Post Checkout repository: success
- Complete job: success

Workflow result: all required stages completed successfully
Deployment recommendation: proceed","LOW"
"Workflow run ID: 90000000147
Workflow: Spring Boot CI
Event: pull_request
Status: completed
Conclusion: failure
Branch: release
Jobs created: 1
Duration seconds: 88

Job: build
Job status: completed
Job conclusion: failure
Runner: GitHub Actions 1720193432
Steps:
- Set up job: success
- Checkout repository: success
- Setup Java 21: success
- Resolve Maven dependencies: success
- Compile application: failure
- Run Unit Tests: skipped
- Run Integration Tests: skipped
- Build Docker Image: skipped
- Deploy to Staging: skipped
- Application Health Check: skipped
- Upload diagnostic reports: success
- Post Setup Java 21: success
- Post Checkout repository: success
- Complete job: success

Error: Compilation failed because symbol could not be resolved
Process completed with exit code 1
Workflow result: pipeline failed
Deployment recommendation: stop deployment","HIGH"
"Workflow run ID: 80000000219
Workflow: Java CI Build
Event: workflow_dispatch
Status: completed
Conclusion: success
Branch: main
Jobs created: 1
Duration seconds: 389

Job: build
Job status: completed
Job conclusion: success
Runner: GitHub Actions 1595338133
Steps:
- Set up job: success
- Checkout repository: success
- Setup Java 21: success
- Build Project: success
- Run Unit Tests: success
- Build duration above expected threshold performance review required: success
- Package Application: success
- Post Setup Java 21: success
- Post Checkout repository: success
- Complete job: success

Warning: Build duration above expected threshold performance review required
Workflow result: completed successfully with non-critical warnings
Deployment recommendation: manual review required","MEDIUM"
"Workflow run ID: 90000000145
Workflow: Java CI Build
Event: push
Status: completed
Conclusion: failure
Branch: develop
Jobs created: 1
Duration seconds: 385

Job: build
Job status: completed
Job conclusion: failure
Runner: GitHub Actions 1153542905
Steps:
- Set up job: success
- Checkout repository: success
- Setup Java 21: success
- Resolve Maven dependencies: success
- Compile application: success
- Run Unit Tests: success
- Run Integration Tests: failure
- Build Docker Image: skipped
- Deploy to Staging: skipped
- Application Health Check: skipped
- Upload diagnostic reports: success
- Post Setup Java 21: success
- Post Checkout repository: success
- Complete job: success

Error: Integration tests failed connection refused
Process completed with exit code 1
Workflow result: pipeline failed
Deployment recommendation: stop deployment","HIGH"
"Workflow run ID: 90000000051
Workflow: Kubernetes Deployment Pipeline
Event: push
Status: completed
Conclusion: failure
Branch: main
Jobs created: 1
Duration seconds: 320

Job: build
Job status: completed
Job conclusion: failure
Runner: GitHub Actions 1811354094
Steps:
- Set up job: success
- Checkout repository: success
- Setup Java 21: success
- Resolve Maven dependencies: success
- Compile application: success
- Run Unit Tests: success
- Run Integration Tests: success
- Build Docker Image: success
- Deploy to Staging: success
- Application Health Check: success
- Security Scan: failure
- Upload diagnostic reports: success
- Post Setup Java 21: success
- Post Checkout repository: success
- Complete job: success

Error: Critical vulnerabilities detected deployment blocked
Process completed with exit code 1
Workflow result: pipeline failed
Deployment recommendation: stop deployment","HIGH"
"Workflow run ID: 70000000266
Workflow: Kubernetes Deployment Pipeline
Event: push
Status: completed
Conclusion: success
Branch: release
Jobs created: 1
Duration seconds: 63

Job: build
Job status: completed
Job conclusion: success
Runner: GitHub Actions 1697843409
Steps:
- Set up job: success
- Checkout repository: success
- Setup Java 21: success
- Compile application: success
- Run Unit Tests: success
- Run Integration Tests: success
- Build Docker Image: success
- Post Setup Java 21: success
- Post Checkout repository: success
- Complete job: success

Workflow result: all required stages completed successfully
Deployment recommendation: proceed","LOW"
"Workflow run ID: 80000000129
Workflow: Java CI Build
Event: pull_request
Status: completed
Conclusion: success
Branch: develop
Jobs created: 1
Duration seconds: 315

Job: build
Job status: completed
Job conclusion: success
Runner: GitHub Actions 1137464391
Steps:
- Set up job: success
- Checkout repository: success
- Setup Java 21: success
- Build Project: success
- Run Unit Tests: success
- Docker image size exceeded recommended limit: success
- Deploy to Staging: success
- Post Setup Java 21: success
- Post Checkout repository: success
- Complete job: success

Warning: Docker image size exceeded recommended limit
Workflow result: completed successfully with non-critical warnings
Deployment recommendation: manual review required","MEDIUM"
"Workflow run ID: 70000000258
Workflow: Java CI Build
Event: pull_request
Status: completed
Conclusion: success
Branch: feature/risk-analysis
Jobs created: 1
Duration seconds: 214

Job: build
Job status: completed
Job conclusion: success
Runner: GitHub Actions 1908380508
Steps:
- Set up job: success
- Checkout repository: success
- Setup Java 21: success
- Build Project: success
- Run Unit Tests: success
- Code Coverage Check: success
- Package Application: success
- Post Setup Java 21: success
- Post Checkout repository: success
- Complete job: success

Workflow result: all required stages completed successfully
Deployment recommendation: proceed","LOW"
"Workflow run ID: 80000000204
Workflow: Cloud Native CI/CD
Event: pull_request
Status: completed
Conclusion: success
Branch: develop
Jobs created: 1
Duration seconds: 90

Job: build
Job status: completed
Job conclusion: success
Runner: GitHub Actions 1758091680
Steps:
- Set up job: success
- Checkout repository: success
- Setup Java 21: success
- Build Project: success
- Run Unit Tests: success
- Deprecated dependency detected upgrade recommended: success
- Deploy to Staging: success
- Post Setup Java 21: success
- Post Checkout repository: success
- Complete job: success

Warning: Deprecated dependency detected upgrade recommended
Workflow result: completed successfully with non-critical warnings
Deployment recommendation: manual review required","MEDIUM"
"Workflow run ID: 90000000167
Workflow: Cloud Native CI/CD
Event: workflow_dispatch
Status: completed
Conclusion: failure
Branch: hotfix/build-fix
Jobs created: 1
Duration seconds: 62

Job: build
Job status: completed
Job conclusion: failure
Runner: GitHub Actions 1676356134
Steps:
- Set up job: success
- Checkout repository: success
- Setup Java 21: success
- Resolve Maven dependencies: success
- Compile application: success
- Run Unit Tests: success
- Run Integration Tests: failure
- Build Docker Image: skipped
- Deploy to Staging: skipped
- Application Health Check: skipped
- Upload diagnostic reports: success
- Post Setup Java 21: success
- Post Checkout repository: success
- Complete job: success

Error: Integration tests failed connection refused
Process completed with exit code 1
Workflow result: pipeline failed
Deployment recommendation: stop deployment","HIGH"
"Workflow run ID: 90000000172
Workflow: Java CI Build
Event: pull_request
Status: completed
Conclusion: failure
Branch: main
Jobs created: 1
Duration seconds: 299

Job: build
Job status: completed
Job conclusion: failure
Runner: GitHub Actions 1941826832
Steps:
- Set up job: success
- Checkout repository: success
- Setup Java 21: success
- Resolve Maven dependencies: success
- Compile application: success
- Run Unit Tests: success
- Run Integration Tests: success
- Build Docker Image: failure
- Deploy to Staging: skipped
- Application Health Check: skipped
- Upload diagnostic reports: success
- Post Setup Java 21: success
- Post Checkout repository: success
- Complete job: success

Error: Docker build failed because base image was not found
Process completed with exit code 1
Workflow result: pipeline failed
Deployment recommendation: stop deployment","HIGH"
"Workflow run ID: 70000000042
Workflow: Kubernetes Deployment Pipeline
Event: workflow_dispatch
Status: completed
Conclusion: success
Branch: develop
Jobs created: 1
Duration seconds: 154

Job: build
Job status: completed
Job conclusion: success
Runner: GitHub Actions 1492045920
Steps:
- Set up job: success
- Checkout repository: success
- Setup Java 21: success
- Compile application: success
- Run Unit Tests: success
- Run Integration Tests: success
- Build Docker Image: success
- Post Setup Java 21: success
- Post Checkout repository: success
- Complete job: success

Workflow result: all required stages completed successfully
Deployment recommendation: proceed","LOW"
"Workflow run ID: 90000000140
Workflow: Docker Build and Deploy
Event: push
Status: completed
Conclusion: failure
Branch: hotfix/build-fix
Jobs created: 1
Duration seconds: 271

Job: build
Job status: completed
Job conclusion: failure
Runner: GitHub Actions 1944510612
Steps:
- Set up job: success
- Checkout repository: success
- Setup Java 21: success
- Resolve Maven dependencies: success
- Compile application: success
- Run Unit Tests: success
- Run Integration Tests: failure
- Build Docker Image: skipped
- Deploy to Staging: skipped
- Application Health Check: skipped
- Upload diagnostic reports: success
- Post Setup Java 21: success
- Post Checkout repository: success
- Complete job: success

Error: Integration tests failed connection refused
Process completed with exit code 1
Workflow result: pipeline failed
Deployment recommendation: stop deployment","HIGH"
"Workflow run ID: 70000000081
Workflow: Maven Build Pipeline
Event: push
Status: completed
Conclusion: success
Branch: hotfix/build-fix
Jobs created: 1
Duration seconds: 340

Job: build
Job status: completed
Job conclusion: success
Runner: GitHub Actions 1657699599
Steps:
- Set up job: success
- Checkout repository: success
- Setup Java 21: success
- Compile application: success
- Run Unit Tests: success
- Run Integration Tests: success
- Build Docker Image: success
- Post Setup Java 21: success
- Post Checkout repository: success
- Complete job: success

Workflow result: all required stages completed successfully
Deployment recommendation: proceed","LOW"
"Workflow run ID: 70000000208
Workflow: Spring Boot CI
Event: pull_request
Status: completed
Conclusion: success
Branch: hotfix/build-fix
Jobs created: 1
Duration seconds: 537

Job: build
Job status: completed
Job conclusion: success
Runner: GitHub Actions 1926996766
Steps:
- Set up job: success
- Checkout repository: success
- Setup Java 21: success
- Compile application: success
- Run Unit Tests: success
- Run Integration Tests: success
- Build Docker Image: success
- Post Setup Java 21: success
- Post Checkout repository: success
- Complete job: success

Workflow result: all required stages completed successfully
Deployment recommendation: proceed","LOW"
"Workflow run ID: 90000000150
Workflow: Cloud Native CI/CD
Event: workflow_dispatch
Status: completed
Conclusion: failure
Branch: feature/risk-analysis
Jobs created: 1
Duration seconds: 88

Job: build
Job status: completed
Job conclusion: failure
Runner: GitHub Actions 1818746125
Steps:
- Set up job: success
- Checkout repository: success
- Setup Java 21: success
- Resolve Maven dependencies: failure
- Compile application: skipped
- Run Unit Tests: skipped
- Run Integration Tests: skipped
- Build Docker Image: skipped
- Deploy to Staging: skipped
- Application Health Check: skipped
- Upload diagnostic reports: success
- Post Setup Java 21: success
- Post Checkout repository: success
- Complete job: success

Error: Maven build failed due to unresolved dependency
Process completed with exit code 1
Workflow result: pipeline failed
Deployment recommendation: stop deployment","HIGH"
"Workflow run ID: 90000000254
Workflow: Spring Boot CI
Event: pull_request
Status: completed
Conclusion: failure
Branch: feature/risk-analysis
Jobs created: 1
Duration seconds: 52

Job: build
Job status: completed
Job conclusion: failure
Runner: GitHub Actions 1679341994
Steps:
- Set up job: success
- Checkout repository: success
- Setup Java 21: success
- Resolve Maven dependencies: success
- Compile application: success
- Run Unit Tests: success
- Run Integration Tests: failure
- Build Docker Image: skipped
- Deploy to Staging: skipped
- Application Health Check: skipped
- Upload diagnostic reports: success
- Post Setup Java 21: success
- Post Checkout repository: success
- Complete job: success

Error: Integration tests failed connection refused
Process completed with exit code 1
Workflow result: pipeline failed
Deployment recommendation: stop deployment","HIGH"
"Workflow run ID: 80000000172
Workflow: Kubernetes Deployment Pipeline
Event: push
Status: completed
Conclusion: success
Branch: develop
Jobs created: 1
Duration seconds: 309

Job: build
Job status: completed
Job conclusion: success
Runner: GitHub Actions 1612971894
Steps:
- Set up job: success
- Checkout repository: success
- Setup Java 21: success
- Build Project: success
- Run Unit Tests: success
- Deprecated dependency detected upgrade recommended: success
- Deploy to Staging: success
- Post Setup Java 21: success
- Post Checkout repository: success
- Complete job: success

Warning: Deprecated dependency detected upgrade recommended
Workflow result: completed successfully with non-critical warnings
Deployment recommendation: manual review required","MEDIUM"
"Workflow run ID: 90000000126
Workflow: Docker Build and Deploy
Event: pull_request
Status: completed
Conclusion: failure
Branch: develop
Jobs created: 1
Duration seconds: 377

Job: build
Job status: completed
Job conclusion: failure
Runner: GitHub Actions 1666875034
Steps:
- Set up job: success
- Checkout repository: success
- Setup Java 21: success
- Resolve Maven dependencies: success
- Compile application: success
- Run Unit Tests: success
- Run Integration Tests: failure
- Build Docker Image: skipped
- Deploy to Staging: skipped
- Application Health Check: skipped
- Upload diagnostic reports: success
- Post Setup Java 21: success
- Post Checkout repository: success
- Complete job: success

Error: Integration tests failed connection refused
Process completed with exit code 1
Workflow result: pipeline failed
Deployment recommendation: stop deployment","HIGH"
"Workflow run ID: 80000000238
Workflow: Maven Build Pipeline
Event: pull_request
Status: completed
Conclusion: success
Branch: main
Jobs created: 1
Duration seconds: 129

Job: build
Job status: completed
Job conclusion: success
Runner: GitHub Actions 1490200814
Steps:
- Set up job: success
- Checkout repository: success
- Setup Java 21: success
- Build Project: success
- Run Unit Tests: success
- Memory usage warning detected during compilation: success
- Build Docker Image: success
- Post Setup Java 21: success
- Post Checkout repository: success
- Complete job: success

Warning: Memory usage warning detected during compilation
Workflow result: completed successfully with non-critical warnings
Deployment recommendation: manual review required","MEDIUM"
"Workflow run ID: 70000000052
Workflow: Docker Build and Deploy
Event: push
Status: completed
Conclusion: success
Branch: feature/risk-analysis
Jobs created: 1
Duration seconds: 55

Job: build
Job status: completed
Job conclusion: success
Runner: GitHub Actions 1592453806
Steps:
- Set up job: success
- Checkout repository: success
- Setup Java 21: success
- Build Project: success
- Run Unit Tests: success
- Code Coverage Check: success
- Package Application: success
- Post Setup Java 21: success
- Post Checkout repository: success
- Complete job: success

Workflow result: all required stages completed successfully
Deployment recommendation: proceed","LOW"
"Workflow run ID: 90000000272
Workflow: Spring Boot CI
Event: push
Status: completed
Conclusion: failure
Branch: release
Jobs created: 1
Duration seconds: 170

Job: build
Job status: completed
Job conclusion: failure
Runner: GitHub Actions 1660175768
Steps:
- Set up job: success
- Checkout repository: success
- Setup Java 21: success
- Resolve Maven dependencies: success
- Compile application: success
- Run Unit Tests: success
- Run Integration Tests: success
- Build Docker Image: success
- Deploy to Staging: success
- Application Health Check: success
- Database Migration: failure
- Upload diagnostic reports: success
- Post Setup Java 21: success
- Post Checkout repository: success
- Complete job: success

Error: Database migration failed and deployment was stopped
Process completed with exit code 1
Workflow result: pipeline failed
Deployment recommendation: stop deployment","HIGH"
"Workflow run ID: 90000000333
Workflow: Kubernetes Deployment Pipeline
Event: push
Status: completed
Conclusion: failure
Branch: main
Jobs created: 1
Duration seconds: 379

Job: build
Job status: completed
Job conclusion: failure
Runner: GitHub Actions 1587132540
Steps:
- Set up job: success
- Checkout repository: success
- Setup Java 21: success
- Resolve Maven dependencies: success
- Compile application: success
- Run Unit Tests: success
- Run Integration Tests: success
- Build Docker Image: success
- Deploy to Staging: success
- Application Health Check: success
- Database Migration: failure
- Upload diagnostic reports: success
- Post Setup Java 21: success
- Post Checkout repository: success
- Complete job: success

Error: Database migration failed and deployment was stopped
Process completed with exit code 1
Workflow result: pipeline failed
Deployment recommendation: stop deployment","HIGH"
"Workflow run ID: 90000000213
Workflow: Maven Build Pipeline
Event: push
Status: completed
Conclusion: failure
Branch: main
Jobs created: 1
Duration seconds: 228

Job: build
Job status: completed
Job conclusion: failure
Runner: GitHub Actions 1961162938
Steps:
- Set up job: success
- Checkout repository: success
- Setup Java 21: success
- Resolve Maven dependencies: success
- Compile application: success
- Run Unit Tests: failure
- Run Integration Tests: skipped
- Build Docker Image: skipped
- Deploy to Staging: skipped
- Application Health Check: skipped
- Upload diagnostic reports: success
- Post Setup Java 21: success
- Post Checkout repository: success
- Complete job: success

Error: Unit tests failed with assertion errors
Process completed with exit code 1
Workflow result: pipeline failed
Deployment recommendation: stop deployment","HIGH"
"Workflow run ID: 70000000232
Workflow: Spring Boot CI
Event: push
Status: completed
Conclusion: success
Branch: develop
Jobs created: 1
Duration seconds: 234

Job: build
Job status: completed
Job conclusion: success
Runner: GitHub Actions 1770289267
Steps:
- Set up job: success
- Checkout repository: success
- Setup Java 21: success
- Compile application: success
- Run Unit Tests: success
- Run Integration Tests: success
- Build Docker Image: success
- Post Setup Java 21: success
- Post Checkout repository: success
- Complete job: success

Workflow result: all required stages completed successfully
Deployment recommendation: proceed","LOW"
"Workflow run ID: 90000000176
Workflow: Kubernetes Deployment Pipeline
Event: pull_request
Status: completed
Conclusion: failure
Branch: main
Jobs created: 1
Duration seconds: 99

Job: build
Job status: completed
Job conclusion: failure
Runner: GitHub Actions 1084665069
Steps:
- Set up job: success
- Checkout repository: success
- Setup Java 21: success
- Resolve Maven dependencies: failure
- Compile application: skipped
- Run Unit Tests: skipped
- Run Integration Tests: skipped
- Build Docker Image: skipped
- Deploy to Staging: skipped
- Application Health Check: skipped
- Upload diagnostic reports: success
- Post Setup Java 21: success
- Post Checkout repository: success
- Complete job: success

Error: Maven build failed due to unresolved dependency
Process completed with exit code 1
Workflow result: pipeline failed
Deployment recommendation: stop deployment","HIGH"
"Workflow run ID: 80000000062
Workflow: Maven Build Pipeline
Event: pull_request
Status: completed
Conclusion: success
Branch: release
Jobs created: 1
Duration seconds: 245

Job: build
Job status: completed
Job conclusion: success
Runner: GitHub Actions 1093089207
Steps:
- Set up job: success
- Checkout repository: success
- Setup Java 21: success
- Build Project: success
- Run Unit Tests: success
- Docker image size exceeded recommended limit: success
- Build Docker Image: success
- Post Setup Java 21: success
- Post Checkout repository: success
- Complete job: success

Warning: Docker image size exceeded recommended limit
Workflow result: completed successfully with non-critical warnings
Deployment recommendation: manual review required","MEDIUM"
"Workflow run ID: 70000000008
Workflow: Kubernetes Deployment Pipeline
Event: workflow_dispatch
Status: completed
Conclusion: success
Branch: feature/risk-analysis
Jobs created: 1
Duration seconds: 382

Job: build
Job status: completed
Job conclusion: success
Runner: GitHub Actions 1477970454
Steps:
- Set up job: success
- Checkout repository: success
- Setup Java 21: success
- Build Project: success
- Run Unit Tests: success
- Code Coverage Check: success
- Package Application: success
- Post Setup Java 21: success
- Post Checkout repository: success
- Complete job: success

Workflow result: all required stages completed successfully
Deployment recommendation: proceed","LOW"
"Workflow run ID: 80000000259
Workflow: Maven Build Pipeline
Event: workflow_dispatch
Status: completed
Conclusion: success
Branch: hotfix/build-fix
Jobs created: 1
Duration seconds: 319

Job: build
Job status: completed
Job conclusion: success
Runner: GitHub Actions 1039017091
Steps:
- Set up job: success
- Checkout repository: success
- Setup Java 21: success
- Build Project: success
- Run Unit Tests: success
- Code coverage below threshold manual review required: success
- Deploy to Staging: success
- Post Setup Java 21: success
- Post Checkout repository: success
- Complete job: success

Warning: Code coverage below threshold manual review required
Workflow result: completed successfully with non-critical warnings
Deployment recommendation: manual review required","MEDIUM"
"Workflow run ID: 80000000050
Workflow: Cloud Native CI/CD
Event: pull_request
Status: completed
Conclusion: success
Branch: feature/risk-analysis
Jobs created: 1
Duration seconds: 191

Job: build
Job status: completed
Job conclusion: success
Runner: GitHub Actions 1676178851
Steps:
- Set up job: success
- Checkout repository: success
- Setup Java 21: success
- Build Project: success
- Run Unit Tests: success
- Deprecated dependency detected upgrade recommended: success
- Package Application: success
- Post Setup Java 21: success
- Post Checkout repository: success
- Complete job: success

Warning: Deprecated dependency detected upgrade recommended
Workflow result: completed successfully with non-critical warnings
Deployment recommendation: manual review required","MEDIUM"
"Workflow run ID: 70000000059
Workflow: Cloud Native CI/CD
Event: workflow_dispatch
Status: completed
Conclusion: success
Branch: feature/risk-analysis
Jobs created: 1
Duration seconds: 305

Job: build
Job status: completed
Job conclusion: success
Runner: GitHub Actions 1096281376
Steps:
- Set up job: success
- Checkout repository: success
- Setup Java 21: success
- Build Project: success
- Dependency Scan: success
- Security Scan: success
- Publish Artifact: success
- Post Setup Java 21: success
- Post Checkout repository: success
- Complete job: success

Workflow result: all required stages completed successfully
Deployment recommendation: proceed","LOW"
"Workflow run ID: 90000000048
Workflow: Maven Build Pipeline
Event: push
Status: completed
Conclusion: failure
Branch: develop
Jobs created: 1
Duration seconds: 311

Job: build
Job status: completed
Job conclusion: failure
Runner: GitHub Actions 1406888816
Steps:
- Set up job: success
- Checkout repository: success
- Setup Java 21: success
- Resolve Maven dependencies: success
- Compile application: success
- Run Unit Tests: failure
- Run Integration Tests: skipped
- Build Docker Image: skipped
- Deploy to Staging: skipped
- Application Health Check: skipped
- Upload diagnostic reports: success
- Post Setup Java 21: success
- Post Checkout repository: success
- Complete job: success

Error: Unit tests failed with assertion errors
Process completed with exit code 1
Workflow result: pipeline failed
Deployment recommendation: stop deployment","HIGH"
"Workflow run ID: 70000000133
Workflow: Docker Build and Deploy
Event: push
Status: completed
Conclusion: success
Branch: develop
Jobs created: 1
Duration seconds: 540

Job: build
Job status: completed
Job conclusion: success
Runner: GitHub Actions 1384675271
Steps:
- Set up job: success
- Checkout repository: success
- Setup Java 21: success
- Maven Build: success
- Run Unit Tests: success
- SonarQube Analysis: success
- Complete Build: success
- Post Setup Java 21: success
- Post Checkout repository: success
- Complete job: success

Workflow result: all required stages completed successfully
Deployment recommendation: proceed","LOW"
"Workflow run ID: 80000000237
Workflow: Kubernetes Deployment Pipeline
Event: pull_request
Status: completed
Conclusion: success
Branch: release
Jobs created: 1
Duration seconds: 141

Job: build
Job status: completed
Job conclusion: success
Runner: GitHub Actions 1543299562
Steps:
- Set up job: success
- Checkout repository: success
- Setup Java 21: success
- Build Project: success
- Run Unit Tests: success
- Flaky tests detected retry passed manual review required: success
- Build Docker Image: success
- Post Setup Java 21: success
- Post Checkout repository: success
- Complete job: success

Warning: Flaky tests detected retry passed manual review required
Workflow result: completed successfully with non-critical warnings
Deployment recommendation: manual review required","MEDIUM"
"Workflow run ID: 70000000159
Workflow: Kubernetes Deployment Pipeline
Event: push
Status: completed
Conclusion: success
Branch: feature/risk-analysis
Jobs created: 1
Duration seconds: 258

Job: build
Job status: completed
Job conclusion: success
Runner: GitHub Actions 1950835282
Steps:
- Set up job: success
- Checkout repository: success
- Setup Java 21: success
- Build Project: success
- Run Unit Tests: success
- Code Coverage Check: success
- Package Application: success
- Post Setup Java 21: success
- Post Checkout repository: success
- Complete job: success

Workflow result: all required stages completed successfully
Deployment recommendation: proceed","LOW"
"Workflow run ID: 70000000195
Workflow: Spring Boot CI
Event: pull_request
Status: completed
Conclusion: success
Branch: feature/risk-analysis
Jobs created: 1
Duration seconds: 521

Job: build
Job status: completed
Job conclusion: success
Runner: GitHub Actions 1426660942
Steps:
- Set up job: success
- Checkout repository: success
- Setup Java 21: success
- Build Docker Image: success
- Push Docker Image: success
- Deploy to Staging: success
- Application Health Check: success
- Post Setup Java 21: success
- Post Checkout repository: success
- Complete job: success

Workflow result: all required stages completed successfully
Deployment recommendation: proceed","LOW"
"Workflow run ID: 80000000017
Workflow: Kubernetes Deployment Pipeline
Event: push
Status: completed
Conclusion: success
Branch: hotfix/build-fix
Jobs created: 1
Duration seconds: 226

Job: build
Job status: completed
Job conclusion: success
Runner: GitHub Actions 1837297760
Steps:
- Set up job: success
- Checkout repository: success
- Setup Java 21: success
- Build Project: success
- Run Unit Tests: success
- Manual deployment approval required: success
- Build Docker Image: success
- Post Setup Java 21: success
- Post Checkout repository: success
- Complete job: success

Warning: Manual deployment approval required
Workflow result: completed successfully with non-critical warnings
Deployment recommendation: manual review required","MEDIUM"
"Workflow run ID: 80000000254
Workflow: Maven Build Pipeline
Event: pull_request
Status: completed
Conclusion: success
Branch: main
Jobs created: 1
Duration seconds: 587

Job: build
Job status: completed
Job conclusion: success
Runner: GitHub Actions 1729901117
Steps:
- Set up job: success
- Checkout repository: success
- Setup Java 21: success
- Build Project: success
- Run Unit Tests: success
- Docker image size exceeded recommended limit: success
- Build Docker Image: success
- Post Setup Java 21: success
- Post Checkout repository: success
- Complete job: success

Warning: Docker image size exceeded recommended limit
Workflow result: completed successfully with non-critical warnings
Deployment recommendation: manual review required","MEDIUM"
"Workflow run ID: 80000000184
Workflow: Spring Boot CI
Event: pull_request
Status: completed
Conclusion: success
Branch: hotfix/build-fix
Jobs created: 1
Duration seconds: 506

Job: build
Job status: completed
Job conclusion: success
Runner: GitHub Actions 1767802370
Steps:
- Set up job: success
- Checkout repository: success
- Setup Java 21: success
- Build Project: success
- Run Unit Tests: success
- Staging health check intermittent response detected: success
- Deploy to Staging: success
- Post Setup Java 21: success
- Post Checkout repository: success
- Complete job: success

Warning: Staging health check intermittent response detected
Workflow result: completed successfully with non-critical warnings
Deployment recommendation: manual review required","MEDIUM"
"Workflow run ID: 80000000080
Workflow: Spring Boot CI
Event: push
Status: completed
Conclusion: success
Branch: main
Jobs created: 1
Duration seconds: 475

Job: build
Job status: completed
Job conclusion: success
Runner: GitHub Actions 1734789586
Steps:
- Set up job: success
- Checkout repository: success
- Setup Java 21: success
- Build Project: success
- Run Unit Tests: success
- Memory usage warning detected during compilation: success
- Package Application: success
- Post Setup Java 21: success
- Post Checkout repository: success
- Complete job: success

Warning: Memory usage warning detected during compilation
Workflow result: completed successfully with non-critical warnings
Deployment recommendation: manual review required","MEDIUM"
"Workflow run ID: 90000000128
Workflow: Docker Build and Deploy
Event: push
Status: completed
Conclusion: failure
Branch: feature/risk-analysis
Jobs created: 1
Duration seconds: 364

Job: build
Job status: completed
Job conclusion: failure
Runner: GitHub Actions 1706374490
Steps:
- Set up job: success
- Checkout repository: success
- Setup Java 21: success
- Resolve Maven dependencies: success
- Compile application: failure
- Run Unit Tests: skipped
- Run Integration Tests: skipped
- Build Docker Image: skipped
- Deploy to Staging: skipped
- Application Health Check: skipped
- Upload diagnostic reports: success
- Post Setup Java 21: success
- Post Checkout repository: success
- Complete job: success

Error: Compilation failed because symbol could not be resolved
Process completed with exit code 1
Workflow result: pipeline failed
Deployment recommendation: stop deployment","HIGH"
"Workflow run ID: 90000000202
Workflow: Docker Build and Deploy
Event: push
Status: completed
Conclusion: failure
Branch: develop
Jobs created: 1
Duration seconds: 398

Job: build
Job status: completed
Job conclusion: failure
Runner: GitHub Actions 1640957556
Steps:
- Set up job: success
- Checkout repository: success
- Setup Java 21: success
- Resolve Maven dependencies: success
- Compile application: success
- Run Unit Tests: success
- Run Integration Tests: success
- Build Docker Image: failure
- Deploy to Staging: skipped
- Application Health Check: skipped
- Upload diagnostic reports: success
- Post Setup Java 21: success
- Post Checkout repository: success
- Complete job: success

Error: Docker build failed because base image was not found
Process completed with exit code 1
Workflow result: pipeline failed
Deployment recommendation: stop deployment","HIGH"
"Workflow run ID: 70000000318
Workflow: Maven Build Pipeline
Event: push
Status: completed
Conclusion: success
Branch: main
Jobs created: 1
Duration seconds: 86

Job: build
Job status: completed
Job conclusion: success
Runner: GitHub Actions 1792971786
Steps:
- Set up job: success
- Checkout repository: success
- Setup Java 21: success
- Build Project: success
- Dependency Scan: success
- Security Scan: success
- Publish Artifact: success
- Post Setup Java 21: success
- Post Checkout repository: success
- Complete job: success

Workflow result: all required stages completed successfully
Deployment recommendation: proceed","LOW"
"Workflow run ID: 80000000203
Workflow: Maven Build Pipeline
Event: workflow_dispatch
Status: completed
Conclusion: success
Branch: hotfix/build-fix
Jobs created: 1
Duration seconds: 115

Job: build
Job status: completed
Job conclusion: success
Runner: GitHub Actions 1506987403
Steps:
- Set up job: success
- Checkout repository: success
- Setup Java 21: success
- Build Project: success
- Run Unit Tests: success
- Staging health check intermittent response detected: success
- Build Docker Image: success
- Post Setup Java 21: success
- Post Checkout repository: success
- Complete job: success

Warning: Staging health check intermittent response detected
Workflow result: completed successfully with non-critical warnings
Deployment recommendation: manual review required","MEDIUM"
"Workflow run ID: 80000000087
Workflow: Docker Build and Deploy
Event: workflow_dispatch
Status: completed
Conclusion: success
Branch: main
Jobs created: 1
Duration seconds: 242

Job: build
Job status: completed
Job conclusion: success
Runner: GitHub Actions 1546294924
Steps:
- Set up job: success
- Checkout repository: success
- Setup Java 21: success
- Build Project: success
- Run Unit Tests: success
- Medium severity vulnerability detected review required: success
- Deploy to Staging: success
- Post Setup Java 21: success
- Post Checkout repository: success
- Complete job: success

Warning: Medium severity vulnerability detected review required
Workflow result: completed successfully with non-critical warnings
Deployment recommendation: manual review required","MEDIUM"
"Workflow run ID: 70000000247
Workflow: Cloud Native CI/CD
Event: pull_request
Status: completed
Conclusion: success
Branch: hotfix/build-fix
Jobs created: 1
Duration seconds: 277

Job: build
Job status: completed
Job conclusion: success
Runner: GitHub Actions 1842182760
Steps:
- Set up job: success
- Checkout repository: success
- Setup Java 21: success
- Build Docker Image: success
- Push Docker Image: success
- Deploy to Staging: success
- Application Health Check: success
- Post Setup Java 21: success
- Post Checkout repository: success
- Complete job: success

Workflow result: all required stages completed successfully
Deployment recommendation: proceed","LOW"
"Workflow run ID: 80000000285
Workflow: Spring Boot CI
Event: push
Status: completed
Conclusion: success
Branch: hotfix/build-fix
Jobs created: 1
Duration seconds: 520

Job: build
Job status: completed
Job conclusion: success
Runner: GitHub Actions 1802194281
Steps:
- Set up job: success
- Checkout repository: success
- Setup Java 21: success
- Build Project: success
- Run Unit Tests: success
- Code coverage below threshold manual review required: success
- Deploy to Staging: success
- Post Setup Java 21: success
- Post Checkout repository: success
- Complete job: success

Warning: Code coverage below threshold manual review required
Workflow result: completed successfully with non-critical warnings
Deployment recommendation: manual review required","MEDIUM"
"Workflow run ID: 90000000311
Workflow: Spring Boot CI
Event: workflow_dispatch
Status: completed
Conclusion: failure
Branch: feature/risk-analysis
Jobs created: 1
Duration seconds: 286

Job: build
Job status: completed
Job conclusion: failure
Runner: GitHub Actions 1992989342
Steps:
- Set up job: success
- Checkout repository: success
- Setup Java 21: success
- Resolve Maven dependencies: failure
- Compile application: skipped
- Run Unit Tests: skipped
- Run Integration Tests: skipped
- Build Docker Image: skipped
- Deploy to Staging: skipped
- Application Health Check: skipped
- Upload diagnostic reports: success
- Post Setup Java 21: success
- Post Checkout repository: success
- Complete job: success

Error: Maven build failed due to unresolved dependency
Process completed with exit code 1
Workflow result: pipeline failed
Deployment recommendation: stop deployment","HIGH"
"Workflow run ID: 70000000101
Workflow: Spring Boot CI
Event: pull_request
Status: completed
Conclusion: success
Branch: feature/risk-analysis
Jobs created: 1
Duration seconds: 499

Job: build
Job status: completed
Job conclusion: success
Runner: GitHub Actions 1342886387
Steps:
- Set up job: success
- Checkout repository: success
- Setup Java 21: success
- Build Project: success
- Dependency Scan: success
- Security Scan: success
- Publish Artifact: success
- Post Setup Java 21: success
- Post Checkout repository: success
- Complete job: success

Workflow result: all required stages completed successfully
Deployment recommendation: proceed","LOW"
"Workflow run ID: 80000000226
Workflow: Kubernetes Deployment Pipeline
Event: workflow_dispatch
Status: completed
Conclusion: success
Branch: feature/risk-analysis
Jobs created: 1
Duration seconds: 515

Job: build
Job status: completed
Job conclusion: success
Runner: GitHub Actions 1557959662
Steps:
- Set up job: success
- Checkout repository: success
- Setup Java 21: success
- Build Project: success
- Run Unit Tests: success
- Build duration above expected threshold performance review required: success
- Package Application: success
- Post Setup Java 21: success
- Post Checkout repository: success
- Complete job: success

Warning: Build duration above expected threshold performance review required
Workflow result: completed successfully with non-critical warnings
Deployment recommendation: manual review required","MEDIUM"
"Workflow run ID: 70000000291
Workflow: Spring Boot CI
Event: pull_request
Status: completed
Conclusion: success
Branch: main
Jobs created: 1
Duration seconds: 258

Job: build
Job status: completed
Job conclusion: success
Runner: GitHub Actions 1045928811
Steps:
- Set up job: success
- Checkout repository: success
- Setup Java 21: success
- Maven Build: success
- Run Unit Tests: success
- SonarQube Analysis: success
- Complete Build: success
- Post Setup Java 21: success
- Post Checkout repository: success
- Complete job: success

Workflow result: all required stages completed successfully
Deployment recommendation: proceed","LOW"
"Workflow run ID: 90000000046
Workflow: Java CI Build
Event: pull_request
Status: completed
Conclusion: failure
Branch: hotfix/build-fix
Jobs created: 1
Duration seconds: 182

Job: build
Job status: completed
Job conclusion: failure
Runner: GitHub Actions 1126956284
Steps:
- Set up job: success
- Checkout repository: success
- Setup Java 21: success
- Resolve Maven dependencies: success
- Compile application: success
- Run Unit Tests: failure
- Run Integration Tests: skipped
- Build Docker Image: skipped
- Deploy to Staging: skipped
- Application Health Check: skipped
- Upload diagnostic reports: success
- Post Setup Java 21: success
- Post Checkout repository: success
- Complete job: success

Error: Unit tests failed with assertion errors
Process completed with exit code 1
Workflow result: pipeline failed
Deployment recommendation: stop deployment","HIGH"
"Workflow run ID: 80000000165
Workflow: Java CI Build
Event: pull_request
Status: completed
Conclusion: success
Branch: feature/risk-analysis
Jobs created: 1
Duration seconds: 517

Job: build
Job status: completed
Job conclusion: success
Runner: GitHub Actions 1556399968
Steps:
- Set up job: success
- Checkout repository: success
- Setup Java 21: success
- Build Project: success
- Run Unit Tests: success
- Staging health check intermittent response detected: success
- Build Docker Image: success
- Post Setup Java 21: success
- Post Checkout repository: success
- Complete job: success

Warning: Staging health check intermittent response detected
Workflow result: completed successfully with non-critical warnings
Deployment recommendation: manual review required","MEDIUM"
"Workflow run ID: 90000000215
Workflow: Java CI Build
Event: push
Status: completed
Conclusion: failure
Branch: release
Jobs created: 1
Duration seconds: 171

Job: build
Job status: completed
Job conclusion: failure
Runner: GitHub Actions 1009452314
Steps:
- Set up job: success
- Checkout repository: success
- Setup Java 21: success
- Resolve Maven dependencies: success
- Compile application: success
- Run Unit Tests: success
- Run Integration Tests: success
- Build Docker Image: success
- Deploy to Staging: success
- Application Health Check: success
- Database Migration: failure
- Upload diagnostic reports: success
- Post Setup Java 21: success
- Post Checkout repository: success
- Complete job: success

Error: Database migration failed and deployment was stopped
Process completed with exit code 1
Workflow result: pipeline failed
Deployment recommendation: stop deployment","HIGH"
"Workflow run ID: 90000000205
Workflow: Kubernetes Deployment Pipeline
Event: push
Status: completed
Conclusion: failure
Branch: main
Jobs created: 1
Duration seconds: 232

Job: build
Job status: completed
Job conclusion: failure
Runner: GitHub Actions 1368714967
Steps:
- Set up job: success
- Checkout repository: success
- Setup Java 21: success
- Resolve Maven dependencies: success
- Compile application: success
- Run Unit Tests: success
- Run Integration Tests: success
- Build Docker Image: success
- Deploy to Staging: success
- Application Health Check: success
- Security Scan: failure
- Upload diagnostic reports: success
- Post Setup Java 21: success
- Post Checkout repository: success
- Complete job: success

Error: Critical vulnerabilities detected deployment blocked
Process completed with exit code 1
Workflow result: pipeline failed
Deployment recommendation: stop deployment","HIGH"
"Workflow run ID: 90000000078
Workflow: Docker Build and Deploy
Event: pull_request
Status: completed
Conclusion: failure
Branch: hotfix/build-fix
Jobs created: 1
Duration seconds: 193

Job: build
Job status: completed
Job conclusion: failure
Runner: GitHub Actions 1192232336
Steps:
- Set up job: success
- Checkout repository: success
- Setup Java 21: success
- Resolve Maven dependencies: success
- Compile application: success
- Run Unit Tests: success
- Run Integration Tests: success
- Build Docker Image: success
- Deploy to Staging: success
- Application Health Check: success
- Security Scan: failure
- Upload diagnostic reports: success
- Post Setup Java 21: success
- Post Checkout repository: success
- Complete job: success

Error: Critical vulnerabilities detected deployment blocked
Process completed with exit code 1
Workflow result: pipeline failed
Deployment recommendation: stop deployment","HIGH"
"Workflow run ID: 80000000098
Workflow: Cloud Native CI/CD
Event: workflow_dispatch
Status: completed
Conclusion: success
Branch: hotfix/build-fix
Jobs created: 1
Duration seconds: 221

Job: build
Job status: completed
Job conclusion: success
Runner: GitHub Actions 1659642670
Steps:
- Set up job: success
- Checkout repository: success
- Setup Java 21: success
- Build Project: success
- Run Unit Tests: success
- Build duration above expected threshold performance review required: success
- Build Docker Image: success
- Post Setup Java 21: success
- Post Checkout repository: success
- Complete job: success

Warning: Build duration above expected threshold performance review required
Workflow result: completed successfully with non-critical warnings
Deployment recommendation: manual review required","MEDIUM"
"Workflow run ID: 90000000245
Workflow: Kubernetes Deployment Pipeline
Event: workflow_dispatch
Status: completed
Conclusion: failure
Branch: develop
Jobs created: 1
Duration seconds: 375

Job: build
Job status: completed
Job conclusion: failure
Runner: GitHub Actions 1841450645
Steps:
- Set up job: success
- Checkout repository: success
- Setup Java 21: success
- Resolve Maven dependencies: success
- Compile application: success
- Run Unit Tests: success
- Run Integration Tests: success
- Build Docker Image: success
- Deploy to Staging: success
- Application Health Check: success
- Security Scan: failure
- Upload diagnostic reports: success
- Post Setup Java 21: success
- Post Checkout repository: success
- Complete job: success

Error: Critical vulnerabilities detected deployment blocked
Process completed with exit code 1
Workflow result: pipeline failed
Deployment recommendation: stop deployment","HIGH"
"Workflow run ID: 70000000110
Workflow: Cloud Native CI/CD
Event: push
Status: completed
Conclusion: success
Branch: feature/risk-analysis
Jobs created: 1
Duration seconds: 135

Job: build
Job status: completed
Job conclusion: success
Runner: GitHub Actions 1679913276
Steps:
- Set up job: success
- Checkout repository: success
- Setup Java 21: success
- Maven Build: success
- Run Unit Tests: success
- SonarQube Analysis: success
- Complete Build: success
- Post Setup Java 21: success
- Post Checkout repository: success
- Complete job: success

Workflow result: all required stages completed successfully
Deployment recommendation: proceed","LOW"
"Workflow run ID: 70000000009
Workflow: Maven Build Pipeline
Event: workflow_dispatch
Status: completed
Conclusion: success
Branch: main
Jobs created: 1
Duration seconds: 108

Job: build
Job status: completed
Job conclusion: success
Runner: GitHub Actions 1136011900
Steps:
- Set up job: success
- Checkout repository: success
- Setup Java 21: success
- Build Project: success
- Dependency Scan: success
- Security Scan: success
- Publish Artifact: success
- Post Setup Java 21: success
- Post Checkout repository: success
- Complete job: success

Workflow result: all required stages completed successfully
Deployment recommendation: proceed","LOW"
"Workflow run ID: 70000000280
Workflow: Maven Build Pipeline
Event: push
Status: completed
Conclusion: success
Branch: main
Jobs created: 1
Duration seconds: 145

Job: build
Job status: completed
Job conclusion: success
Runner: GitHub Actions 1153945338
Steps:
- Set up job: success
- Checkout repository: success
- Setup Java 21: success
- Maven Build: success
- Run Unit Tests: success
- SonarQube Analysis: success
- Complete Build: success
- Post Setup Java 21: success
- Post Checkout repository: success
- Complete job: success

Workflow result: all required stages completed successfully
Deployment recommendation: proceed","LOW"
"Workflow run ID: 70000000168
Workflow: Maven Build Pipeline
Event: pull_request
Status: completed
Conclusion: success
Branch: main
Jobs created: 1
Duration seconds: 436

Job: build
Job status: completed
Job conclusion: success
Runner: GitHub Actions 1331411422
Steps:
- Set up job: success
- Checkout repository: success
- Setup Java 21: success
- Build Project: success
- Dependency Scan: success
- Security Scan: success
- Publish Artifact: success
- Post Setup Java 21: success
- Post Checkout repository: success
- Complete job: success

Workflow result: all required stages completed successfully
Deployment recommendation: proceed","LOW"
"Workflow run ID: 80000000137
Workflow: Java CI Build
Event: push
Status: completed
Conclusion: success
Branch: main
Jobs created: 1
Duration seconds: 611

Job: build
Job status: completed
Job conclusion: success
Runner: GitHub Actions 1845504235
Steps:
- Set up job: success
- Checkout repository: success
- Setup Java 21: success
- Build Project: success
- Run Unit Tests: success
- Deprecated dependency detected upgrade recommended: success
- Deploy to Staging: success
- Post Setup Java 21: success
- Post Checkout repository: success
- Complete job: success

Warning: Deprecated dependency detected upgrade recommended
Workflow result: completed successfully with non-critical warnings
Deployment recommendation: manual review required","MEDIUM"
"Workflow run ID: 80000000072
Workflow: Docker Build and Deploy
Event: pull_request
Status: completed
Conclusion: success
Branch: release
Jobs created: 1
Duration seconds: 520

Job: build
Job status: completed
Job conclusion: success
Runner: GitHub Actions 1824070365
Steps:
- Set up job: success
- Checkout repository: success
- Setup Java 21: success
- Build Project: success
- Run Unit Tests: success
- Memory usage warning detected during compilation: success
- Package Application: success
- Post Setup Java 21: success
- Post Checkout repository: success
- Complete job: success

Warning: Memory usage warning detected during compilation
Workflow result: completed successfully with non-critical warnings
Deployment recommendation: manual review required","MEDIUM"
"Workflow run ID: 90000000162
Workflow: Docker Build and Deploy
Event: pull_request
Status: completed
Conclusion: failure
Branch: hotfix/build-fix
Jobs created: 1
Duration seconds: 396

Job: build
Job status: completed
Job conclusion: failure
Runner: GitHub Actions 1381142673
Steps:
- Set up job: success
- Checkout repository: success
- Setup Java 21: success
- Resolve Maven dependencies: success
- Compile application: success
- Run Unit Tests: success
- Run Integration Tests: success
- Build Docker Image: success
- Deploy to Staging: success
- Application Health Check: success
- Kubernetes Deployment: failure
- Upload diagnostic reports: success
- Post Setup Java 21: success
- Post Checkout repository: success
- Complete job: success

Error: Kubernetes deployment failed with ImagePullBackOff
Process completed with exit code 1
Workflow result: pipeline failed
Deployment recommendation: stop deployment","HIGH"
"Workflow run ID: 90000000004
Workflow: Spring Boot CI
Event: pull_request
Status: completed
Conclusion: failure
Branch: main
Jobs created: 1
Duration seconds: 202

Job: build
Job status: completed
Job conclusion: failure
Runner: GitHub Actions 1247844568
Steps:
- Set up job: success
- Checkout repository: success
- Setup Java 21: success
- Resolve Maven dependencies: success
- Compile application: success
- Run Unit Tests: success
- Run Integration Tests: failure
- Build Docker Image: skipped
- Deploy to Staging: skipped
- Application Health Check: skipped
- Upload diagnostic reports: success
- Post Setup Java 21: success
- Post Checkout repository: success
- Complete job: success

Error: Integration tests failed connection refused
Process completed with exit code 1
Workflow result: pipeline failed
Deployment recommendation: stop deployment","HIGH"
"Workflow run ID: 70000000115
Workflow: Docker Build and Deploy
Event: pull_request
Status: completed
Conclusion: success
Branch: develop
Jobs created: 1
Duration seconds: 149

Job: build
Job status: completed
Job conclusion: success
Runner: GitHub Actions 1145383254
Steps:
- Set up job: success
- Checkout repository: success
- Setup Java 21: success
- Compile application: success
- Run Unit Tests: success
- Run Integration Tests: success
- Build Docker Image: success
- Post Setup Java 21: success
- Post Checkout repository: success
- Complete job: success

Workflow result: all required stages completed successfully
Deployment recommendation: proceed","LOW"
"Workflow run ID: 70000000007
Workflow: Cloud Native CI/CD
Event: pull_request
Status: completed
Conclusion: success
Branch: develop
Jobs created: 1
Duration seconds: 469

Job: build
Job status: completed
Job conclusion: success
Runner: GitHub Actions 1872040814
Steps:
- Set up job: success
- Checkout repository: success
- Setup Java 21: success
- Build Docker Image: success
- Push Docker Image: success
- Deploy to Staging: success
- Application Health Check: success
- Post Setup Java 21: success
- Post Checkout repository: success
- Complete job: success

Workflow result: all required stages completed successfully
Deployment recommendation: proceed","LOW"
"Workflow run ID: 70000000204
Workflow: Java CI Build
Event: push
Status: completed
Conclusion: success
Branch: main
Jobs created: 1
Duration seconds: 375

Job: build
Job status: completed
Job conclusion: success
Runner: GitHub Actions 1806304982
Steps:
- Set up job: success
- Checkout repository: success
- Setup Java 21: success
- Build Docker Image: success
- Push Docker Image: success
- Deploy to Staging: success
- Application Health Check: success
- Post Setup Java 21: success
- Post Checkout repository: success
- Complete job: success

Workflow result: all required stages completed successfully
Deployment recommendation: proceed","LOW"
"Workflow run ID: 70000000228
Workflow: Java CI Build
Event: pull_request
Status: completed
Conclusion: success
Branch: feature/risk-analysis
Jobs created: 1
Duration seconds: 88

Job: build
Job status: completed
Job conclusion: success
Runner: GitHub Actions 1693595438
Steps:
- Set up job: success
- Checkout repository: success
- Setup Java 21: success
- Build Docker Image: success
- Push Docker Image: success
- Deploy to Staging: success
- Application Health Check: success
- Post Setup Java 21: success
- Post Checkout repository: success
- Complete job: success

Workflow result: all required stages completed successfully
Deployment recommendation: proceed","LOW"
"Workflow run ID: 70000000153
Workflow: Java CI Build
Event: push
Status: completed
Conclusion: success
Branch: develop
Jobs created: 1
Duration seconds: 284

Job: build
Job status: completed
Job conclusion: success
Runner: GitHub Actions 1397176358
Steps:
- Set up job: success
- Checkout repository: success
- Setup Java 21: success
- Build Project: success
- Dependency Scan: success
- Security Scan: success
- Publish Artifact: success
- Post Setup Java 21: success
- Post Checkout repository: success
- Complete job: success

Workflow result: all required stages completed successfully
Deployment recommendation: proceed","LOW"
"Workflow run ID: 80000000083
Workflow: Docker Build and Deploy
Event: pull_request
Status: completed
Conclusion: success
Branch: release
Jobs created: 1
Duration seconds: 614

Job: build
Job status: completed
Job conclusion: success
Runner: GitHub Actions 1584566534
Steps:
- Set up job: success
- Checkout repository: success
- Setup Java 21: success
- Build Project: success
- Run Unit Tests: success
- Flaky tests detected retry passed manual review required: success
- Deploy to Staging: success
- Post Setup Java 21: success
- Post Checkout repository: success
- Complete job: success

Warning: Flaky tests detected retry passed manual review required
Workflow result: completed successfully with non-critical warnings
Deployment recommendation: manual review required","MEDIUM"
"Workflow run ID: 80000000221
Workflow: Kubernetes Deployment Pipeline
Event: pull_request
Status: completed
Conclusion: success
Branch: main
Jobs created: 1
Duration seconds: 313

Job: build
Job status: completed
Job conclusion: success
Runner: GitHub Actions 1538938669
Steps:
- Set up job: success
- Checkout repository: success
- Setup Java 21: success
- Build Project: success
- Run Unit Tests: success
- Docker image size exceeded recommended limit: success
- Build Docker Image: success
- Post Setup Java 21: success
- Post Checkout repository: success
- Complete job: success

Warning: Docker image size exceeded recommended limit
Workflow result: completed successfully with non-critical warnings
Deployment recommendation: manual review required","MEDIUM"
"Workflow run ID: 90000000249
Workflow: Docker Build and Deploy
Event: push
Status: completed
Conclusion: failure
Branch: feature/risk-analysis
Jobs created: 1
Duration seconds: 129

Job: build
Job status: completed
Job conclusion: failure
Runner: GitHub Actions 1063711190
Steps:
- Set up job: success
- Checkout repository: success
- Setup Java 21: success
- Resolve Maven dependencies: failure
- Compile application: skipped
- Run Unit Tests: skipped
- Run Integration Tests: skipped
- Build Docker Image: skipped
- Deploy to Staging: skipped
- Application Health Check: skipped
- Upload diagnostic reports: success
- Post Setup Java 21: success
- Post Checkout repository: success
- Complete job: success

Error: Maven build failed due to unresolved dependency
Process completed with exit code 1
Workflow result: pipeline failed
Deployment recommendation: stop deployment","HIGH"
"Workflow run ID: 90000000161
Workflow: Spring Boot CI
Event: workflow_dispatch
Status: completed
Conclusion: failure
Branch: hotfix/build-fix
Jobs created: 1
Duration seconds: 24

Job: build
Job status: completed
Job conclusion: failure
Runner: GitHub Actions 1100317234
Steps:
- Set up job: success
- Checkout repository: success
- Setup Java 21: success
- Resolve Maven dependencies: success
- Compile application: success
- Run Unit Tests: success
- Run Integration Tests: success
- Build Docker Image: success
- Deploy to Staging: failure
- Application Health Check: skipped
- Upload diagnostic reports: success
- Post Setup Java 21: success
- Post Checkout repository: success
- Complete job: success

Error: Deployment failed because service was unavailable
Process completed with exit code 1
Workflow result: pipeline failed
Deployment recommendation: stop deployment","HIGH"
"Workflow run ID: 80000000234
Workflow: Maven Build Pipeline
Event: push
Status: completed
Conclusion: success
Branch: feature/risk-analysis
Jobs created: 1
Duration seconds: 369

Job: build
Job status: completed
Job conclusion: success
Runner: GitHub Actions 1953856371
Steps:
- Set up job: success
- Checkout repository: success
- Setup Java 21: success
- Build Project: success
- Run Unit Tests: success
- Memory usage warning detected during compilation: success
- Build Docker Image: success
- Post Setup Java 21: success
- Post Checkout repository: success
- Complete job: success

Warning: Memory usage warning detected during compilation
Workflow result: completed successfully with non-critical warnings
Deployment recommendation: manual review required","MEDIUM"
"Workflow run ID: 80000000120
Workflow: Java CI Build
Event: push
Status: completed
Conclusion: success
Branch: release
Jobs created: 1
Duration seconds: 531

Job: build
Job status: completed
Job conclusion: success
Runner: GitHub Actions 1454692980
Steps:
- Set up job: success
- Checkout repository: success
- Setup Java 21: success
- Build Project: success
- Run Unit Tests: success
- Docker image size exceeded recommended limit: success
- Build Docker Image: success
- Post Setup Java 21: success
- Post Checkout repository: success
- Complete job: success

Warning: Docker image size exceeded recommended limit
Workflow result: completed successfully with non-critical warnings
Deployment recommendation: manual review required","MEDIUM"
"Workflow run ID: 80000000147
Workflow: Maven Build Pipeline
Event: push
Status: completed
Conclusion: success
Branch: hotfix/build-fix
Jobs created: 1
Duration seconds: 581

Job: build
Job status: completed
Job conclusion: success
Runner: GitHub Actions 1471870297
Steps:
- Set up job: success
- Checkout repository: success
- Setup Java 21: success
- Build Project: success
- Run Unit Tests: success
- Code coverage below threshold manual review required: success
- Package Application: success
- Post Setup Java 21: success
- Post Checkout repository: success
- Complete job: success

Warning: Code coverage below threshold manual review required
Workflow result: completed successfully with non-critical warnings
Deployment recommendation: manual review required","MEDIUM"
"Workflow run ID: 80000000152
Workflow: Kubernetes Deployment Pipeline
Event: pull_request
Status: completed
Conclusion: success
Branch: feature/risk-analysis
Jobs created: 1
Duration seconds: 451

Job: build
Job status: completed
Job conclusion: success
Runner: GitHub Actions 1442427302
Steps:
- Set up job: success
- Checkout repository: success
- Setup Java 21: success
- Build Project: success
- Run Unit Tests: success
- Deprecated dependency detected upgrade recommended: success
- Deploy to Staging: success
- Post Setup Java 21: success
- Post Checkout repository: success
- Complete job: success

Warning: Deprecated dependency detected upgrade recommended
Workflow result: completed successfully with non-critical warnings
Deployment recommendation: manual review required","MEDIUM"
"Workflow run ID: 80000000256
Workflow: Java CI Build
Event: push
Status: completed
Conclusion: success
Branch: hotfix/build-fix
Jobs created: 1
Duration seconds: 549

Job: build
Job status: completed
Job conclusion: success
Runner: GitHub Actions 1045740178
Steps:
- Set up job: success
- Checkout repository: success
- Setup Java 21: success
- Build Project: success
- Run Unit Tests: success
- Flaky tests detected retry passed manual review required: success
- Package Application: success
- Post Setup Java 21: success
- Post Checkout repository: success
- Complete job: success

Warning: Flaky tests detected retry passed manual review required
Workflow result: completed successfully with non-critical warnings
Deployment recommendation: manual review required","MEDIUM"
"Workflow run ID: 80000000142
Workflow: Cloud Native CI/CD
Event: pull_request
Status: completed
Conclusion: success
Branch: main
Jobs created: 1
Duration seconds: 165

Job: build
Job status: completed
Job conclusion: success
Runner: GitHub Actions 1191438847
Steps:
- Set up job: success
- Checkout repository: success
- Setup Java 21: success
- Build Project: success
- Run Unit Tests: success
- Build duration above expected threshold performance review required: success
- Deploy to Staging: success
- Post Setup Java 21: success
- Post Checkout repository: success
- Complete job: success

Warning: Build duration above expected threshold performance review required
Workflow result: completed successfully with non-critical warnings
Deployment recommendation: manual review required","MEDIUM"
"Workflow run ID: 80000000269
Workflow: Kubernetes Deployment Pipeline
Event: workflow_dispatch
Status: completed
Conclusion: success
Branch: develop
Jobs created: 1
Duration seconds: 366

Job: build
Job status: completed
Job conclusion: success
Runner: GitHub Actions 1895764561
Steps:
- Set up job: success
- Checkout repository: success
- Setup Java 21: success
- Build Project: success
- Run Unit Tests: success
- Code coverage below threshold manual review required: success
- Package Application: success
- Post Setup Java 21: success
- Post Checkout repository: success
- Complete job: success

Warning: Code coverage below threshold manual review required
Workflow result: completed successfully with non-critical warnings
Deployment recommendation: manual review required","MEDIUM"
"Workflow run ID: 80000000273
Workflow: Java CI Build
Event: pull_request
Status: completed
Conclusion: success
Branch: feature/risk-analysis
Jobs created: 1
Duration seconds: 107

Job: build
Job status: completed
Job conclusion: success
Runner: GitHub Actions 1477758320
Steps:
- Set up job: success
- Checkout repository: success
- Setup Java 21: success
- Build Project: success
- Run Unit Tests: success
- Manual deployment approval required: success
- Deploy to Staging: success
- Post Setup Java 21: success
- Post Checkout repository: success
- Complete job: success

Warning: Manual deployment approval required
Workflow result: completed successfully with non-critical warnings
Deployment recommendation: manual review required","MEDIUM"
"Workflow run ID: 70000000277
Workflow: Kubernetes Deployment Pipeline
Event: workflow_dispatch
Status: completed
Conclusion: success
Branch: hotfix/build-fix
Jobs created: 1
Duration seconds: 210

Job: build
Job status: completed
Job conclusion: success
Runner: GitHub Actions 1393486019
Steps:
- Set up job: success
- Checkout repository: success
- Setup Java 21: success
- Build Docker Image: success
- Push Docker Image: success
- Deploy to Staging: success
- Application Health Check: success
- Post Setup Java 21: success
- Post Checkout repository: success
- Complete job: success

Workflow result: all required stages completed successfully
Deployment recommendation: proceed","LOW"
"Workflow run ID: 80000000012
Workflow: Kubernetes Deployment Pipeline
Event: pull_request
Status: completed
Conclusion: success
Branch: main
Jobs created: 1
Duration seconds: 357

Job: build
Job status: completed
Job conclusion: success
Runner: GitHub Actions 1314807133
Steps:
- Set up job: success
- Checkout repository: success
- Setup Java 21: success
- Build Project: success
- Run Unit Tests: success
- Staging health check intermittent response detected: success
- Package Application: success
- Post Setup Java 21: success
- Post Checkout repository: success
- Complete job: success

Warning: Staging health check intermittent response detected
Workflow result: completed successfully with non-critical warnings
Deployment recommendation: manual review required","MEDIUM"
"Workflow run ID: 90000000208
Workflow: Kubernetes Deployment Pipeline
Event: push
Status: completed
Conclusion: failure
Branch: develop
Jobs created: 1
Duration seconds: 97

Job: build
Job status: completed
Job conclusion: failure
Runner: GitHub Actions 1512899642
Steps:
- Set up job: success
- Checkout repository: success
- Setup Java 21: success
- Resolve Maven dependencies: success
- Compile application: success
- Run Unit Tests: success
- Run Integration Tests: success
- Build Docker Image: success
- Deploy to Staging: success
- Application Health Check: success
- Database Migration: failure
- Upload diagnostic reports: success
- Post Setup Java 21: success
- Post Checkout repository: success
- Complete job: success

Error: Database migration failed and deployment was stopped
Process completed with exit code 1
Workflow result: pipeline failed
Deployment recommendation: stop deployment","HIGH"
"Workflow run ID: 80000000299
Workflow: Kubernetes Deployment Pipeline
Event: push
Status: completed
Conclusion: success
Branch: main
Jobs created: 1
Duration seconds: 509

Job: build
Job status: completed
Job conclusion: success
Runner: GitHub Actions 1567696092
Steps:
- Set up job: success
- Checkout repository: success
- Setup Java 21: success
- Build Project: success
- Run Unit Tests: success
- Code coverage below threshold manual review required: success
- Deploy to Staging: success
- Post Setup Java 21: success
- Post Checkout repository: success
- Complete job: success

Warning: Code coverage below threshold manual review required
Workflow result: completed successfully with non-critical warnings
Deployment recommendation: manual review required","MEDIUM"
"Workflow run ID: 70000000173
Workflow: Java CI Build
Event: workflow_dispatch
Status: completed
Conclusion: success
Branch: develop
Jobs created: 1
Duration seconds: 63

Job: build
Job status: completed
Job conclusion: success
Runner: GitHub Actions 1595348275
Steps:
- Set up job: success
- Checkout repository: success
- Setup Java 21: success
- Build Docker Image: success
- Push Docker Image: success
- Deploy to Staging: success
- Application Health Check: success
- Post Setup Java 21: success
- Post Checkout repository: success
- Complete job: success

Workflow result: all required stages completed successfully
Deployment recommendation: proceed","LOW"
"Workflow run ID: 90000000059
Workflow: Maven Build Pipeline
Event: push
Status: completed
Conclusion: failure
Branch: release
Jobs created: 1
Duration seconds: 36

Job: build
Job status: completed
Job conclusion: failure
Runner: GitHub Actions 1676059576
Steps:
- Set up job: success
- Checkout repository: success
- Setup Java 21: success
- Resolve Maven dependencies: success
- Compile application: success
- Run Unit Tests: success
- Run Integration Tests: failure
- Build Docker Image: skipped
- Deploy to Staging: skipped
- Application Health Check: skipped
- Upload diagnostic reports: success
- Post Setup Java 21: success
- Post Checkout repository: success
- Complete job: success

Error: Integration tests failed connection refused
Process completed with exit code 1
Workflow result: pipeline failed
Deployment recommendation: stop deployment","HIGH"
"Workflow run ID: 90000000007
Workflow: Spring Boot CI
Event: pull_request
Status: completed
Conclusion: failure
Branch: release
Jobs created: 1
Duration seconds: 199

Job: build
Job status: completed
Job conclusion: failure
Runner: GitHub Actions 1065845664
Steps:
- Set up job: success
- Checkout repository: success
- Setup Java 21: success
- Resolve Maven dependencies: success
- Compile application: success
- Run Unit Tests: success
- Run Integration Tests: success
- Build Docker Image: success
- Deploy to Staging: failure
- Application Health Check: skipped
- Upload diagnostic reports: success
- Post Setup Java 21: success
- Post Checkout repository: success
- Complete job: success

Error: Deployment failed because service was unavailable
Process completed with exit code 1
Workflow result: pipeline failed
Deployment recommendation: stop deployment","HIGH"
"Workflow run ID: 70000000297
Workflow: Cloud Native CI/CD
Event: push
Status: completed
Conclusion: success
Branch: release
Jobs created: 1
Duration seconds: 395

Job: build
Job status: completed
Job conclusion: success
Runner: GitHub Actions 1034460596
Steps:
- Set up job: success
- Checkout repository: success
- Setup Java 21: success
- Compile application: success
- Run Unit Tests: success
- Run Integration Tests: success
- Build Docker Image: success
- Post Setup Java 21: success
- Post Checkout repository: success
- Complete job: success

Workflow result: all required stages completed successfully
Deployment recommendation: proceed","LOW"
"Workflow run ID: 70000000221
Workflow: Java CI Build
Event: pull_request
Status: completed
Conclusion: success
Branch: main
Jobs created: 1
Duration seconds: 249

Job: build
Job status: completed
Job conclusion: success
Runner: GitHub Actions 1107596079
Steps:
- Set up job: success
- Checkout repository: success
- Setup Java 21: success
- Build Docker Image: success
- Push Docker Image: success
- Deploy to Staging: success
- Application Health Check: success
- Post Setup Java 21: success
- Post Checkout repository: success
- Complete job: success

Workflow result: all required stages completed successfully
Deployment recommendation: proceed","LOW"
"Workflow run ID: 80000000325
Workflow: Kubernetes Deployment Pipeline
Event: workflow_dispatch
Status: completed
Conclusion: success
Branch: main
Jobs created: 1
Duration seconds: 550

Job: build
Job status: completed
Job conclusion: success
Runner: GitHub Actions 1241548467
Steps:
- Set up job: success
- Checkout repository: success
- Setup Java 21: success
- Build Project: success
- Run Unit Tests: success
- Medium severity vulnerability detected review required: success
- Build Docker Image: success
- Post Setup Java 21: success
- Post Checkout repository: success
- Complete job: success

Warning: Medium severity vulnerability detected review required
Workflow result: completed successfully with non-critical warnings
Deployment recommendation: manual review required","MEDIUM"
"Workflow run ID: 80000000075
Workflow: Spring Boot CI
Event: pull_request
Status: completed
Conclusion: success
Branch: main
Jobs created: 1
Duration seconds: 303

Job: build
Job status: completed
Job conclusion: success
Runner: GitHub Actions 1879264275
Steps:
- Set up job: success
- Checkout repository: success
- Setup Java 21: success
- Build Project: success
- Run Unit Tests: success
- Flaky tests detected retry passed manual review required: success
- Deploy to Staging: success
- Post Setup Java 21: success
- Post Checkout repository: success
- Complete job: success

Warning: Flaky tests detected retry passed manual review required
Workflow result: completed successfully with non-critical warnings
Deployment recommendation: manual review required","MEDIUM"
"Workflow run ID: 70000000029
Workflow: Maven Build Pipeline
Event: workflow_dispatch
Status: completed
Conclusion: success
Branch: main
Jobs created: 1
Duration seconds: 399

Job: build
Job status: completed
Job conclusion: success
Runner: GitHub Actions 1991160519
Steps:
- Set up job: success
- Checkout repository: success
- Setup Java 21: success
- Compile application: success
- Run Unit Tests: success
- Run Integration Tests: success
- Build Docker Image: success
- Post Setup Java 21: success
- Post Checkout repository: success
- Complete job: success

Workflow result: all required stages completed successfully
Deployment recommendation: proceed","LOW"
"Workflow run ID: 90000000143
Workflow: Cloud Native CI/CD
Event: pull_request
Status: completed
Conclusion: failure
Branch: main
Jobs created: 1
Duration seconds: 300

Job: build
Job status: completed
Job conclusion: failure
Runner: GitHub Actions 1183879405
Steps:
- Set up job: success
- Checkout repository: success
- Setup Java 21: success
- Resolve Maven dependencies: success
- Compile application: success
- Run Unit Tests: failure
- Run Integration Tests: skipped
- Build Docker Image: skipped
- Deploy to Staging: skipped
- Application Health Check: skipped
- Upload diagnostic reports: success
- Post Setup Java 21: success
- Post Checkout repository: success
- Complete job: success

Error: Unit tests failed with assertion errors
Process completed with exit code 1
Workflow result: pipeline failed
Deployment recommendation: stop deployment","HIGH"
"Workflow run ID: 70000000196
Workflow: Cloud Native CI/CD
Event: workflow_dispatch
Status: completed
Conclusion: success
Branch: feature/risk-analysis
Jobs created: 1
Duration seconds: 514

Job: build
Job status: completed
Job conclusion: success
Runner: GitHub Actions 1876664101
Steps:
- Set up job: success
- Checkout repository: success
- Setup Java 21: success
- Compile application: success
- Run Unit Tests: success
- Run Integration Tests: success
- Build Docker Image: success
- Post Setup Java 21: success
- Post Checkout repository: success
- Complete job: success

Workflow result: all required stages completed successfully
Deployment recommendation: proceed","LOW"
"Workflow run ID: 80000000297
Workflow: Spring Boot CI
Event: pull_request
Status: completed
Conclusion: success
Branch: release
Jobs created: 1
Duration seconds: 148

Job: build
Job status: completed
Job conclusion: success
Runner: GitHub Actions 1106826901
Steps:
- Set up job: success
- Checkout repository: success
- Setup Java 21: success
- Build Project: success
- Run Unit Tests: success
- Docker image size exceeded recommended limit: success
- Build Docker Image: success
- Post Setup Java 21: success
- Post Checkout repository: success
- Complete job: success

Warning: Docker image size exceeded recommended limit
Workflow result: completed successfully with non-critical warnings
Deployment recommendation: manual review required","MEDIUM"
"Workflow run ID: 90000000260
Workflow: Spring Boot CI
Event: workflow_dispatch
Status: completed
Conclusion: failure
Branch: feature/risk-analysis
Jobs created: 1
Duration seconds: 242

Job: build
Job status: completed
Job conclusion: failure
Runner: GitHub Actions 1921341341
Steps:
- Set up job: success
- Checkout repository: success
- Setup Java 21: success
- Resolve Maven dependencies: success
- Compile application: success
- Run Unit Tests: success
- Run Integration Tests: success
- Build Docker Image: success
- Deploy to Staging: failure
- Application Health Check: skipped
- Upload diagnostic reports: success
- Post Setup Java 21: success
- Post Checkout repository: success
- Complete job: success

Error: Deployment failed because service was unavailable
Process completed with exit code 1
Workflow result: pipeline failed
Deployment recommendation: stop deployment","HIGH"
"Workflow run ID: 70000000061
Workflow: Cloud Native CI/CD
Event: pull_request
Status: completed
Conclusion: success
Branch: hotfix/build-fix
Jobs created: 1
Duration seconds: 146

Job: build
Job status: completed
Job conclusion: success
Runner: GitHub Actions 1430000732
Steps:
- Set up job: success
- Checkout repository: success
- Setup Java 21: success
- Build Project: success
- Dependency Scan: success
- Security Scan: success
- Publish Artifact: success
- Post Setup Java 21: success
- Post Checkout repository: success
- Complete job: success

Workflow result: all required stages completed successfully
Deployment recommendation: proceed","LOW"
"Workflow run ID: 70000000215
Workflow: Java CI Build
Event: push
Status: completed
Conclusion: success
Branch: release
Jobs created: 1
Duration seconds: 446

Job: build
Job status: completed
Job conclusion: success
Runner: GitHub Actions 1454311411
Steps:
- Set up job: success
- Checkout repository: success
- Setup Java 21: success
- Build Project: success
- Run Unit Tests: success
- Code Coverage Check: success
- Package Application: success
- Post Setup Java 21: success
- Post Checkout repository: success
- Complete job: success

Workflow result: all required stages completed successfully
Deployment recommendation: proceed","LOW"
"Workflow run ID: 70000000078
Workflow: Kubernetes Deployment Pipeline
Event: pull_request
Status: completed
Conclusion: success
Branch: release
Jobs created: 1
Duration seconds: 157

Job: build
Job status: completed
Job conclusion: success
Runner: GitHub Actions 1429060086
Steps:
- Set up job: success
- Checkout repository: success
- Setup Java 21: success
- Maven Build: success
- Run Unit Tests: success
- SonarQube Analysis: success
- Complete Build: success
- Post Setup Java 21: success
- Post Checkout repository: success
- Complete job: success

Workflow result: all required stages completed successfully
Deployment recommendation: proceed","LOW"
"Workflow run ID: 90000000094
Workflow: Docker Build and Deploy
Event: workflow_dispatch
Status: completed
Conclusion: failure
Branch: release
Jobs created: 1
Duration seconds: 177

Job: build
Job status: completed
Job conclusion: failure
Runner: GitHub Actions 1242601765
Steps:
- Set up job: success
- Checkout repository: success
- Setup Java 21: success
- Resolve Maven dependencies: success
- Compile application: success
- Run Unit Tests: success
- Run Integration Tests: success
- Build Docker Image: success
- Deploy to Staging: failure
- Application Health Check: skipped
- Upload diagnostic reports: success
- Post Setup Java 21: success
- Post Checkout repository: success
- Complete job: success

Error: Deployment failed because service was unavailable
Process completed with exit code 1
Workflow result: pipeline failed
Deployment recommendation: stop deployment","HIGH"
"Workflow run ID: 80000000279
Workflow: Spring Boot CI
Event: push
Status: completed
Conclusion: success
Branch: main
Jobs created: 1
Duration seconds: 374

Job: build
Job status: completed
Job conclusion: success
Runner: GitHub Actions 1809224339
Steps:
- Set up job: success
- Checkout repository: success
- Setup Java 21: success
- Build Project: success
- Run Unit Tests: success
- Medium severity vulnerability detected review required: success
- Package Application: success
- Post Setup Java 21: success
- Post Checkout repository: success
- Complete job: success

Warning: Medium severity vulnerability detected review required
Workflow result: completed successfully with non-critical warnings
Deployment recommendation: manual review required","MEDIUM"
"Workflow run ID: 90000000024
Workflow: Maven Build Pipeline
Event: pull_request
Status: completed
Conclusion: failure
Branch: main
Jobs created: 1
Duration seconds: 49

Job: build
Job status: completed
Job conclusion: failure
Runner: GitHub Actions 1829205847
Steps:
- Set up job: success
- Checkout repository: success
- Setup Java 21: success
- Resolve Maven dependencies: success
- Compile application: success
- Run Unit Tests: success
- Run Integration Tests: success
- Build Docker Image: failure
- Deploy to Staging: skipped
- Application Health Check: skipped
- Upload diagnostic reports: success
- Post Setup Java 21: success
- Post Checkout repository: success
- Complete job: success

Error: Docker build failed because base image was not found
Process completed with exit code 1
Workflow result: pipeline failed
Deployment recommendation: stop deployment","HIGH"
"Workflow run ID: 70000000191
Workflow: Spring Boot CI
Event: workflow_dispatch
Status: completed
Conclusion: success
Branch: hotfix/build-fix
Jobs created: 1
Duration seconds: 444

Job: build
Job status: completed
Job conclusion: success
Runner: GitHub Actions 1451371805
Steps:
- Set up job: success
- Checkout repository: success
- Setup Java 21: success
- Build Docker Image: success
- Push Docker Image: success
- Deploy to Staging: success
- Application Health Check: success
- Post Setup Java 21: success
- Post Checkout repository: success
- Complete job: success

Workflow result: all required stages completed successfully
Deployment recommendation: proceed","LOW"
"Workflow run ID: 90000000304
Workflow: Maven Build Pipeline
Event: push
Status: completed
Conclusion: failure
Branch: develop
Jobs created: 1
Duration seconds: 213

Job: build
Job status: completed
Job conclusion: failure
Runner: GitHub Actions 1370496630
Steps:
- Set up job: success
- Checkout repository: success
- Setup Java 21: success
- Resolve Maven dependencies: success
- Compile application: success
- Run Unit Tests: success
- Run Integration Tests: success
- Build Docker Image: success
- Deploy to Staging: success
- Application Health Check: failure
- Upload diagnostic reports: success
- Post Setup Java 21: success
- Post Checkout repository: success
- Complete job: success

Error: Health check failed after deployment
Process completed with exit code 1
Workflow result: pipeline failed
Deployment recommendation: stop deployment","HIGH"
"Workflow run ID: 80000000218
Workflow: Spring Boot CI
Event: workflow_dispatch
Status: completed
Conclusion: success
Branch: main
Jobs created: 1
Duration seconds: 107

Job: build
Job status: completed
Job conclusion: success
Runner: GitHub Actions 1897250651
Steps:
- Set up job: success
- Checkout repository: success
- Setup Java 21: success
- Build Project: success
- Run Unit Tests: success
- Minor configuration warning detected during deployment: success
- Deploy to Staging: success
- Post Setup Java 21: success
- Post Checkout repository: success
- Complete job: success

Warning: Minor configuration warning detected during deployment
Workflow result: completed successfully with non-critical warnings
Deployment recommendation: manual review required","MEDIUM"
"Workflow run ID: 80000000105
Workflow: Cloud Native CI/CD
Event: pull_request
Status: completed
Conclusion: success
Branch: release
Jobs created: 1
Duration seconds: 266

Job: build
Job status: completed
Job conclusion: success
Runner: GitHub Actions 1464638196
Steps:
- Set up job: success
- Checkout repository: success
- Setup Java 21: success
- Build Project: success
- Run Unit Tests: success
- Build duration above expected threshold performance review required: success
- Build Docker Image: success
- Post Setup Java 21: success
- Post Checkout repository: success
- Complete job: success

Warning: Build duration above expected threshold performance review required
Workflow result: completed successfully with non-critical warnings
Deployment recommendation: manual review required","MEDIUM"
"Workflow run ID: 70000000065
Workflow: Maven Build Pipeline
Event: push
Status: completed
Conclusion: success
Branch: main
Jobs created: 1
Duration seconds: 228

Job: build
Job status: completed
Job conclusion: success
Runner: GitHub Actions 1098416242
Steps:
- Set up job: success
- Checkout repository: success
- Setup Java 21: success
- Build Docker Image: success
- Push Docker Image: success
- Deploy to Staging: success
- Application Health Check: success
- Post Setup Java 21: success
- Post Checkout repository: success
- Complete job: success

Workflow result: all required stages completed successfully
Deployment recommendation: proceed","LOW"
"Workflow run ID: 70000000230
Workflow: Kubernetes Deployment Pipeline
Event: workflow_dispatch
Status: completed
Conclusion: success
Branch: feature/risk-analysis
Jobs created: 1
Duration seconds: 92

Job: build
Job status: completed
Job conclusion: success
Runner: GitHub Actions 1911363642
Steps:
- Set up job: success
- Checkout repository: success
- Setup Java 21: success
- Build Project: success
- Dependency Scan: success
- Security Scan: success
- Publish Artifact: success
- Post Setup Java 21: success
- Post Checkout repository: success
- Complete job: success

Workflow result: all required stages completed successfully
Deployment recommendation: proceed","LOW"
"Workflow run ID: 90000000187
Workflow: Kubernetes Deployment Pipeline
Event: workflow_dispatch
Status: completed
Conclusion: failure
Branch: main
Jobs created: 1
Duration seconds: 222

Job: build
Job status: completed
Job conclusion: failure
Runner: GitHub Actions 1822958907
Steps:
- Set up job: success
- Checkout repository: success
- Setup Java 21: success
- Resolve Maven dependencies: success
- Compile application: success
- Run Unit Tests: success
- Run Integration Tests: success
- Build Docker Image: failure
- Deploy to Staging: skipped
- Application Health Check: skipped
- Upload diagnostic reports: success
- Post Setup Java 21: success
- Post Checkout repository: success
- Complete job: success

Error: Docker build failed because base image was not found
Process completed with exit code 1
Workflow result: pipeline failed
Deployment recommendation: stop deployment","HIGH"
"Workflow run ID: 80000000263
Workflow: Spring Boot CI
Event: push
Status: completed
Conclusion: success
Branch: main
Jobs created: 1
Duration seconds: 585

Job: build
Job status: completed
Job conclusion: success
Runner: GitHub Actions 1347306756
Steps:
- Set up job: success
- Checkout repository: success
- Setup Java 21: success
- Build Project: success
- Run Unit Tests: success
- Flaky tests detected retry passed manual review required: success
- Deploy to Staging: success
- Post Setup Java 21: success
- Post Checkout repository: success
- Complete job: success

Warning: Flaky tests detected retry passed manual review required
Workflow result: completed successfully with non-critical warnings
Deployment recommendation: manual review required","MEDIUM"
"Workflow run ID: 70000000248
Workflow: Cloud Native CI/CD
Event: workflow_dispatch
Status: completed
Conclusion: success
Branch: develop
Jobs created: 1
Duration seconds: 296

Job: build
Job status: completed
Job conclusion: success
Runner: GitHub Actions 1431607187
Steps:
- Set up job: success
- Checkout repository: success
- Setup Java 21: success
- Maven Build: success
- Run Unit Tests: success
- SonarQube Analysis: success
- Complete Build: success
- Post Setup Java 21: success
- Post Checkout repository: success
- Complete job: success

Workflow result: all required stages completed successfully
Deployment recommendation: proceed","LOW"
"Workflow run ID: 70000000222
Workflow: Spring Boot CI
Event: pull_request
Status: completed
Conclusion: success
Branch: main
Jobs created: 1
Duration seconds: 150

Job: build
Job status: completed
Job conclusion: success
Runner: GitHub Actions 1473548266
Steps:
- Set up job: success
- Checkout repository: success
- Setup Java 21: success
- Build Project: success
- Dependency Scan: success
- Security Scan: success
- Publish Artifact: success
- Post Setup Java 21: success
- Post Checkout repository: success
- Complete job: success

Workflow result: all required stages completed successfully
Deployment recommendation: proceed","LOW"
"Workflow run ID: 80000000270
Workflow: Docker Build and Deploy
Event: push
Status: completed
Conclusion: success
Branch: feature/risk-analysis
Jobs created: 1
Duration seconds: 317

Job: build
Job status: completed
Job conclusion: success
Runner: GitHub Actions 1394928662
Steps:
- Set up job: success
- Checkout repository: success
- Setup Java 21: success
- Build Project: success
- Run Unit Tests: success
- Memory usage warning detected during compilation: success
- Build Docker Image: success
- Post Setup Java 21: success
- Post Checkout repository: success
- Complete job: success

Warning: Memory usage warning detected during compilation
Workflow result: completed successfully with non-critical warnings
Deployment recommendation: manual review required","MEDIUM"
"Workflow run ID: 80000000024
Workflow: Kubernetes Deployment Pipeline
Event: workflow_dispatch
Status: completed
Conclusion: success
Branch: main
Jobs created: 1
Duration seconds: 615

Job: build
Job status: completed
Job conclusion: success
Runner: GitHub Actions 1615844613
Steps:
- Set up job: success
- Checkout repository: success
- Setup Java 21: success
- Build Project: success
- Run Unit Tests: success
- Manual deployment approval required: success
- Build Docker Image: success
- Post Setup Java 21: success
- Post Checkout repository: success
- Complete job: success

Warning: Manual deployment approval required
Workflow result: completed successfully with non-critical warnings
Deployment recommendation: manual review required","MEDIUM"
"Workflow run ID: 90000000204
Workflow: Spring Boot CI
Event: workflow_dispatch
Status: completed
Conclusion: failure
Branch: main
Jobs created: 1
Duration seconds: 256

Job: build
Job status: completed
Job conclusion: failure
Runner: GitHub Actions 1811826316
Steps:
- Set up job: success
- Checkout repository: success
- Setup Java 21: success
- Resolve Maven dependencies: success
- Compile application: success
- Run Unit Tests: success
- Run Integration Tests: success
- Build Docker Image: failure
- Deploy to Staging: skipped
- Application Health Check: skipped
- Upload diagnostic reports: success
- Post Setup Java 21: success
- Post Checkout repository: success
- Complete job: success

Error: Docker build failed because base image was not found
Process completed with exit code 1
Workflow result: pipeline failed
Deployment recommendation: stop deployment","HIGH"
"Workflow run ID: 80000000242
Workflow: Kubernetes Deployment Pipeline
Event: pull_request
Status: completed
Conclusion: success
Branch: hotfix/build-fix
Jobs created: 1
Duration seconds: 313

Job: build
Job status: completed
Job conclusion: success
Runner: GitHub Actions 1421013761
Steps:
- Set up job: success
- Checkout repository: success
- Setup Java 21: success
- Build Project: success
- Run Unit Tests: success
- Flaky tests detected retry passed manual review required: success
- Build Docker Image: success
- Post Setup Java 21: success
- Post Checkout repository: success
- Complete job: success

Warning: Flaky tests detected retry passed manual review required
Workflow result: completed successfully with non-critical warnings
Deployment recommendation: manual review required","MEDIUM"
"Workflow run ID: 90000000209
Workflow: Docker Build and Deploy
Event: workflow_dispatch
Status: completed
Conclusion: failure
Branch: feature/risk-analysis
Jobs created: 1
Duration seconds: 374

Job: build
Job status: completed
Job conclusion: failure
Runner: GitHub Actions 1251361998
Steps:
- Set up job: success
- Checkout repository: success
- Setup Java 21: success
- Resolve Maven dependencies: success
- Compile application: success
- Run Unit Tests: success
- Run Integration Tests: success
- Build Docker Image: success
- Deploy to Staging: success
- Application Health Check: failure
- Upload diagnostic reports: success
- Post Setup Java 21: success
- Post Checkout repository: success
- Complete job: success

Error: Health check failed after deployment
Process completed with exit code 1
Workflow result: pipeline failed
Deployment recommendation: stop deployment","HIGH"
"Workflow run ID: 80000000003
Workflow: Java CI Build
Event: pull_request
Status: completed
Conclusion: success
Branch: hotfix/build-fix
Jobs created: 1
Duration seconds: 588

Job: build
Job status: completed
Job conclusion: success
Runner: GitHub Actions 1721831897
Steps:
- Set up job: success
- Checkout repository: success
- Setup Java 21: success
- Build Project: success
- Run Unit Tests: success
- Docker image size exceeded recommended limit: success
- Build Docker Image: success
- Post Setup Java 21: success
- Post Checkout repository: success
- Complete job: success

Warning: Docker image size exceeded recommended limit
Workflow result: completed successfully with non-critical warnings
Deployment recommendation: manual review required","MEDIUM"
"Workflow run ID: 70000000294
Workflow: Docker Build and Deploy
Event: pull_request
Status: completed
Conclusion: success
Branch: main
Jobs created: 1
Duration seconds: 533

Job: build
Job status: completed
Job conclusion: success
Runner: GitHub Actions 1992653770
Steps:
- Set up job: success
- Checkout repository: success
- Setup Java 21: success
- Build Project: success
- Run Unit Tests: success
- Code Coverage Check: success
- Package Application: success
- Post Setup Java 21: success
- Post Checkout repository: success
- Complete job: success

Workflow result: all required stages completed successfully
Deployment recommendation: proceed","LOW"
"Workflow run ID: 80000000124
Workflow: Cloud Native CI/CD
Event: push
Status: completed
Conclusion: success
Branch: develop
Jobs created: 1
Duration seconds: 305

Job: build
Job status: completed
Job conclusion: success
Runner: GitHub Actions 1757625307
Steps:
- Set up job: success
- Checkout repository: success
- Setup Java 21: success
- Build Project: success
- Run Unit Tests: success
- Medium severity vulnerability detected review required: success
- Build Docker Image: success
- Post Setup Java 21: success
- Post Checkout repository: success
- Complete job: success

Warning: Medium severity vulnerability detected review required
Workflow result: completed successfully with non-critical warnings
Deployment recommendation: manual review required","MEDIUM"
"Workflow run ID: 70000000333
Workflow: Kubernetes Deployment Pipeline
Event: push
Status: completed
Conclusion: success
Branch: hotfix/build-fix
Jobs created: 1
Duration seconds: 240

Job: build
Job status: completed
Job conclusion: success
Runner: GitHub Actions 1236073775
Steps:
- Set up job: success
- Checkout repository: success
- Setup Java 21: success
- Build Project: success
- Run Unit Tests: success
- Code Coverage Check: success
- Package Application: success
- Post Setup Java 21: success
- Post Checkout repository: success
- Complete job: success

Workflow result: all required stages completed successfully
Deployment recommendation: proceed","LOW"
"Workflow run ID: 80000000043
Workflow: Java CI Build
Event: pull_request
Status: completed
Conclusion: success
Branch: hotfix/build-fix
Jobs created: 1
Duration seconds: 186

Job: build
Job status: completed
Job conclusion: success
Runner: GitHub Actions 1264432578
Steps:
- Set up job: success
- Checkout repository: success
- Setup Java 21: success
- Build Project: success
- Run Unit Tests: success
- Build duration above expected threshold performance review required: success
- Package Application: success
- Post Setup Java 21: success
- Post Checkout repository: success
- Complete job: success

Warning: Build duration above expected threshold performance review required
Workflow result: completed successfully with non-critical warnings
Deployment recommendation: manual review required","MEDIUM"
"Workflow run ID: 90000000124
Workflow: Maven Build Pipeline
Event: push
Status: completed
Conclusion: failure
Branch: release
Jobs created: 1
Duration seconds: 160

Job: build
Job status: completed
Job conclusion: failure
Runner: GitHub Actions 1990460384
Steps:
- Set up job: success
- Checkout repository: success
- Setup Java 21: success
- Resolve Maven dependencies: success
- Compile application: success
- Run Unit Tests: failure
- Run Integration Tests: skipped
- Build Docker Image: skipped
- Deploy to Staging: skipped
- Application Health Check: skipped
- Upload diagnostic reports: success
- Post Setup Java 21: success
- Post Checkout repository: success
- Complete job: success

Error: Unit tests failed with assertion errors
Process completed with exit code 1
Workflow result: pipeline failed
Deployment recommendation: stop deployment","HIGH"
"Workflow run ID: 70000000041
Workflow: Maven Build Pipeline
Event: push
Status: completed
Conclusion: success
Branch: develop
Jobs created: 1
Duration seconds: 210

Job: build
Job status: completed
Job conclusion: success
Runner: GitHub Actions 1143741391
Steps:
- Set up job: success
- Checkout repository: success
- Setup Java 21: success
- Compile application: success
- Run Unit Tests: success
- Run Integration Tests: success
- Build Docker Image: success
- Post Setup Java 21: success
- Post Checkout repository: success
- Complete job: success

Workflow result: all required stages completed successfully
Deployment recommendation: proceed","LOW"
"Workflow run ID: 80000000115
Workflow: Docker Build and Deploy
Event: pull_request
Status: completed
Conclusion: success
Branch: develop
Jobs created: 1
Duration seconds: 522

Job: build
Job status: completed
Job conclusion: success
Runner: GitHub Actions 1976007358
Steps:
- Set up job: success
- Checkout repository: success
- Setup Java 21: success
- Build Project: success
- Run Unit Tests: success
- Minor configuration warning detected during deployment: success
- Build Docker Image: success
- Post Setup Java 21: success
- Post Checkout repository: success
- Complete job: success

Warning: Minor configuration warning detected during deployment
Workflow result: completed successfully with non-critical warnings
Deployment recommendation: manual review required","MEDIUM"
"Workflow run ID: 90000000178
Workflow: Docker Build and Deploy
Event: push
Status: completed
Conclusion: failure
Branch: develop
Jobs created: 1
Duration seconds: 153

Job: build
Job status: completed
Job conclusion: failure
Runner: GitHub Actions 1609865361
Steps:
- Set up job: success
- Checkout repository: success
- Setup Java 21: success
- Resolve Maven dependencies: success
- Compile application: success
- Run Unit Tests: success
- Run Integration Tests: success
- Build Docker Image: success
- Deploy to Staging: failure
- Application Health Check: skipped
- Upload diagnostic reports: success
- Post Setup Java 21: success
- Post Checkout repository: success
- Complete job: success

Error: Deployment failed because service was unavailable
Process completed with exit code 1
Workflow result: pipeline failed
Deployment recommendation: stop deployment","HIGH"
"Workflow run ID: 70000000322
Workflow: Cloud Native CI/CD
Event: pull_request
Status: completed
Conclusion: success
Branch: main
Jobs created: 1
Duration seconds: 301

Job: build
Job status: completed
Job conclusion: success
Runner: GitHub Actions 1165628563
Steps:
- Set up job: success
- Checkout repository: success
- Setup Java 21: success
- Compile application: success
- Run Unit Tests: success
- Run Integration Tests: success
- Build Docker Image: success
- Post Setup Java 21: success
- Post Checkout repository: success
- Complete job: success

Workflow result: all required stages completed successfully
Deployment recommendation: proceed","LOW"
"Workflow run ID: 90000000327
Workflow: Kubernetes Deployment Pipeline
Event: push
Status: completed
Conclusion: failure
Branch: main
Jobs created: 1
Duration seconds: 386

Job: build
Job status: completed
Job conclusion: failure
Runner: GitHub Actions 1038432442
Steps:
- Set up job: success
- Checkout repository: success
- Setup Java 21: success
- Resolve Maven dependencies: success
- Compile application: failure
- Run Unit Tests: skipped
- Run Integration Tests: skipped
- Build Docker Image: skipped
- Deploy to Staging: skipped
- Application Health Check: skipped
- Upload diagnostic reports: success
- Post Setup Java 21: success
- Post Checkout repository: success
- Complete job: success

Error: Compilation failed because symbol could not be resolved
Process completed with exit code 1
Workflow result: pipeline failed
Deployment recommendation: stop deployment","HIGH"
"Workflow run ID: 70000000324
Workflow: Kubernetes Deployment Pipeline
Event: pull_request
Status: completed
Conclusion: success
Branch: main
Jobs created: 1
Duration seconds: 359

Job: build
Job status: completed
Job conclusion: success
Runner: GitHub Actions 1010083596
Steps:
- Set up job: success
- Checkout repository: success
- Setup Java 21: success
- Build Project: success
- Dependency Scan: success
- Security Scan: success
- Publish Artifact: success
- Post Setup Java 21: success
- Post Checkout repository: success
- Complete job: success

Workflow result: all required stages completed successfully
Deployment recommendation: proceed","LOW"
"Workflow run ID: 80000000004
Workflow: Docker Build and Deploy
Event: pull_request
Status: completed
Conclusion: success
Branch: develop
Jobs created: 1
Duration seconds: 148

Job: build
Job status: completed
Job conclusion: success
Runner: GitHub Actions 1105980243
Steps:
- Set up job: success
- Checkout repository: success
- Setup Java 21: success
- Build Project: success
- Run Unit Tests: success
- Code coverage below threshold manual review required: success
- Build Docker Image: success
- Post Setup Java 21: success
- Post Checkout repository: success
- Complete job: success

Warning: Code coverage below threshold manual review required
Workflow result: completed successfully with non-critical warnings
Deployment recommendation: manual review required","MEDIUM"
"Workflow run ID: 80000000066
Workflow: Docker Build and Deploy
Event: push
Status: completed
Conclusion: success
Branch: main
Jobs created: 1
Duration seconds: 444

Job: build
Job status: completed
Job conclusion: success
Runner: GitHub Actions 1011275361
Steps:
- Set up job: success
- Checkout repository: success
- Setup Java 21: success
- Build Project: success
- Run Unit Tests: success
- Manual deployment approval required: success
- Package Application: success
- Post Setup Java 21: success
- Post Checkout repository: success
- Complete job: success

Warning: Manual deployment approval required
Workflow result: completed successfully with non-critical warnings
Deployment recommendation: manual review required","MEDIUM"
"Workflow run ID: 80000000195
Workflow: Spring Boot CI
Event: workflow_dispatch
Status: completed
Conclusion: success
Branch: hotfix/build-fix
Jobs created: 1
Duration seconds: 499

Job: build
Job status: completed
Job conclusion: success
Runner: GitHub Actions 1691622506
Steps:
- Set up job: success
- Checkout repository: success
- Setup Java 21: success
- Build Project: success
- Run Unit Tests: success
- Build duration above expected threshold performance review required: success
- Build Docker Image: success
- Post Setup Java 21: success
- Post Checkout repository: success
- Complete job: success

Warning: Build duration above expected threshold performance review required
Workflow result: completed successfully with non-critical warnings
Deployment recommendation: manual review required","MEDIUM"
"Workflow run ID: 80000000208
Workflow: Spring Boot CI
Event: workflow_dispatch
Status: completed
Conclusion: success
Branch: feature/risk-analysis
Jobs created: 1
Duration seconds: 186

Job: build
Job status: completed
Job conclusion: success
Runner: GitHub Actions 1119560511
Steps:
- Set up job: success
- Checkout repository: success
- Setup Java 21: success
- Build Project: success
- Run Unit Tests: success
- Deprecated dependency detected upgrade recommended: success
- Build Docker Image: success
- Post Setup Java 21: success
- Post Checkout repository: success
- Complete job: success

Warning: Deprecated dependency detected upgrade recommended
Workflow result: completed successfully with non-critical warnings
Deployment recommendation: manual review required","MEDIUM"
"Workflow run ID: 80000000301
Workflow: Docker Build and Deploy
Event: workflow_dispatch
Status: completed
Conclusion: success
Branch: release
Jobs created: 1
Duration seconds: 574

Job: build
Job status: completed
Job conclusion: success
Runner: GitHub Actions 1062194692
Steps:
- Set up job: success
- Checkout repository: success
- Setup Java 21: success
- Build Project: success
- Run Unit Tests: success
- Flaky tests detected retry passed manual review required: success
- Package Application: success
- Post Setup Java 21: success
- Post Checkout repository: success
- Complete job: success

Warning: Flaky tests detected retry passed manual review required
Workflow result: completed successfully with non-critical warnings
Deployment recommendation: manual review required","MEDIUM"
"Workflow run ID: 90000000275
Workflow: Cloud Native CI/CD
Event: pull_request
Status: completed
Conclusion: failure
Branch: develop
Jobs created: 1
Duration seconds: 353

Job: build
Job status: completed
Job conclusion: failure
Runner: GitHub Actions 1831357588
Steps:
- Set up job: success
- Checkout repository: success
- Setup Java 21: success
- Resolve Maven dependencies: success
- Compile application: success
- Run Unit Tests: success
- Run Integration Tests: success
- Build Docker Image: success
- Deploy to Staging: success
- Application Health Check: success
- Security Scan: failure
- Upload diagnostic reports: success
- Post Setup Java 21: success
- Post Checkout repository: success
- Complete job: success

Error: Critical vulnerabilities detected deployment blocked
Process completed with exit code 1
Workflow result: pipeline failed
Deployment recommendation: stop deployment","HIGH"
"Workflow run ID: 70000000206
Workflow: Kubernetes Deployment Pipeline
Event: pull_request
Status: completed
Conclusion: success
Branch: hotfix/build-fix
Jobs created: 1
Duration seconds: 452

Job: build
Job status: completed
Job conclusion: success
Runner: GitHub Actions 1025509354
Steps:
- Set up job: success
- Checkout repository: success
- Setup Java 21: success
- Build Project: success
- Dependency Scan: success
- Security Scan: success
- Publish Artifact: success
- Post Setup Java 21: success
- Post Checkout repository: success
- Complete job: success

Workflow result: all required stages completed successfully
Deployment recommendation: proceed","LOW"
"Workflow run ID: 90000000283
Workflow: Docker Build and Deploy
Event: pull_request
Status: completed
Conclusion: failure
Branch: feature/risk-analysis
Jobs created: 1
Duration seconds: 119

Job: build
Job status: completed
Job conclusion: failure
Runner: GitHub Actions 1768657374
Steps:
- Set up job: success
- Checkout repository: success
- Setup Java 21: success
- Resolve Maven dependencies: success
- Compile application: success
- Run Unit Tests: success
- Run Integration Tests: success
- Build Docker Image: success
- Deploy to Staging: failure
- Application Health Check: skipped
- Upload diagnostic reports: success
- Post Setup Java 21: success
- Post Checkout repository: success
- Complete job: success

Error: Deployment failed because service was unavailable
Process completed with exit code 1
Workflow result: pipeline failed
Deployment recommendation: stop deployment","HIGH"
"Workflow run ID: 90000000159
Workflow: Kubernetes Deployment Pipeline
Event: workflow_dispatch
Status: completed
Conclusion: failure
Branch: feature/risk-analysis
Jobs created: 1
Duration seconds: 59

Job: build
Job status: completed
Job conclusion: failure
Runner: GitHub Actions 1581173219
Steps:
- Set up job: success
- Checkout repository: success
- Setup Java 21: success
- Resolve Maven dependencies: success
- Compile application: success
- Run Unit Tests: success
- Run Integration Tests: success
- Build Docker Image: success
- Deploy to Staging: success
- Application Health Check: success
- Database Migration: failure
- Upload diagnostic reports: success
- Post Setup Java 21: success
- Post Checkout repository: success
- Complete job: success

Error: Database migration failed and deployment was stopped
Process completed with exit code 1
Workflow result: pipeline failed
Deployment recommendation: stop deployment","HIGH"
"Workflow run ID: 90000000019
Workflow: Spring Boot CI
Event: push
Status: completed
Conclusion: failure
Branch: main
Jobs created: 1
Duration seconds: 218

Job: build
Job status: completed
Job conclusion: failure
Runner: GitHub Actions 1406389645
Steps:
- Set up job: success
- Checkout repository: success
- Setup Java 21: success
- Resolve Maven dependencies: success
- Compile application: success
- Run Unit Tests: success
- Run Integration Tests: success
- Build Docker Image: success
- Deploy to Staging: success
- Application Health Check: failure
- Upload diagnostic reports: success
- Post Setup Java 21: success
- Post Checkout repository: success
- Complete job: success

Error: Health check failed after deployment
Process completed with exit code 1
Workflow result: pipeline failed
Deployment recommendation: stop deployment","HIGH"
"Workflow run ID: 80000000104
Workflow: Java CI Build
Event: push
Status: completed
Conclusion: success
Branch: main
Jobs created: 1
Duration seconds: 202

Job: build
Job status: completed
Job conclusion: success
Runner: GitHub Actions 1678372044
Steps:
- Set up job: success
- Checkout repository: success
- Setup Java 21: success
- Build Project: success
- Run Unit Tests: success
- Memory usage warning detected during compilation: success
- Build Docker Image: success
- Post Setup Java 21: success
- Post Checkout repository: success
- Complete job: success

Warning: Memory usage warning detected during compilation
Workflow result: completed successfully with non-critical warnings
Deployment recommendation: manual review required","MEDIUM"
"Workflow run ID: 80000000243
Workflow: Java CI Build
Event: push
Status: completed
Conclusion: success
Branch: main
Jobs created: 1
Duration seconds: 488

Job: build
Job status: completed
Job conclusion: success
Runner: GitHub Actions 1117559204
Steps:
- Set up job: success
- Checkout repository: success
- Setup Java 21: success
- Build Project: success
- Run Unit Tests: success
- Staging health check intermittent response detected: success
- Build Docker Image: success
- Post Setup Java 21: success
- Post Checkout repository: success
- Complete job: success

Warning: Staging health check intermittent response detected
Workflow result: completed successfully with non-critical warnings
Deployment recommendation: manual review required","MEDIUM"
"Workflow run ID: 70000000325
Workflow: Kubernetes Deployment Pipeline
Event: pull_request
Status: completed
Conclusion: success
Branch: release
Jobs created: 1
Duration seconds: 245

Job: build
Job status: completed
Job conclusion: success
Runner: GitHub Actions 1470092952
Steps:
- Set up job: success
- Checkout repository: success
- Setup Java 21: success
- Build Docker Image: success
- Push Docker Image: success
- Deploy to Staging: success
- Application Health Check: success
- Post Setup Java 21: success
- Post Checkout repository: success
- Complete job: success

Workflow result: all required stages completed successfully
Deployment recommendation: proceed","LOW"
"Workflow run ID: 80000000106
Workflow: Cloud Native CI/CD
Event: push
Status: completed
Conclusion: success
Branch: hotfix/build-fix
Jobs created: 1
Duration seconds: 558

Job: build
Job status: completed
Job conclusion: success
Runner: GitHub Actions 1931563893
Steps:
- Set up job: success
- Checkout repository: success
- Setup Java 21: success
- Build Project: success
- Run Unit Tests: success
- Docker image size exceeded recommended limit: success
- Build Docker Image: success
- Post Setup Java 21: success
- Post Checkout repository: success
- Complete job: success

Warning: Docker image size exceeded recommended limit
Workflow result: completed successfully with non-critical warnings
Deployment recommendation: manual review required","MEDIUM"
"Workflow run ID: 90000000239
Workflow: Kubernetes Deployment Pipeline
Event: workflow_dispatch
Status: completed
Conclusion: failure
Branch: develop
Jobs created: 1
Duration seconds: 360

Job: build
Job status: completed
Job conclusion: failure
Runner: GitHub Actions 1411250032
Steps:
- Set up job: success
- Checkout repository: success
- Setup Java 21: success
- Resolve Maven dependencies: success
- Compile application: success
- Run Unit Tests: success
- Run Integration Tests: success
- Build Docker Image: success
- Deploy to Staging: success
- Application Health Check: success
- Kubernetes Deployment: failure
- Upload diagnostic reports: success
- Post Setup Java 21: success
- Post Checkout repository: success
- Complete job: success

Error: Kubernetes deployment failed with ImagePullBackOff
Process completed with exit code 1
Workflow result: pipeline failed
Deployment recommendation: stop deployment","HIGH"
"Workflow run ID: 80000000302
Workflow: Spring Boot CI
Event: push
Status: completed
Conclusion: success
Branch: develop
Jobs created: 1
Duration seconds: 114

Job: build
Job status: completed
Job conclusion: success
Runner: GitHub Actions 1287941725
Steps:
- Set up job: success
- Checkout repository: success
- Setup Java 21: success
- Build Project: success
- Run Unit Tests: success
- Staging health check intermittent response detected: success
- Build Docker Image: success
- Post Setup Java 21: success
- Post Checkout repository: success
- Complete job: success

Warning: Staging health check intermittent response detected
Workflow result: completed successfully with non-critical warnings
Deployment recommendation: manual review required","MEDIUM"
"Workflow run ID: 80000000103
Workflow: Docker Build and Deploy
Event: pull_request
Status: completed
Conclusion: success
Branch: feature/risk-analysis
Jobs created: 1
Duration seconds: 534

Job: build
Job status: completed
Job conclusion: success
Runner: GitHub Actions 1833589006
Steps:
- Set up job: success
- Checkout repository: success
- Setup Java 21: success
- Build Project: success
- Run Unit Tests: success
- Medium severity vulnerability detected review required: success
- Build Docker Image: success
- Post Setup Java 21: success
- Post Checkout repository: success
- Complete job: success

Warning: Medium severity vulnerability detected review required
Workflow result: completed successfully with non-critical warnings
Deployment recommendation: manual review required","MEDIUM"
"Workflow run ID: 70000000229
Workflow: Cloud Native CI/CD
Event: workflow_dispatch
Status: completed
Conclusion: success
Branch: develop
Jobs created: 1
Duration seconds: 211

Job: build
Job status: completed
Job conclusion: success
Runner: GitHub Actions 1506489020
Steps:
- Set up job: success
- Checkout repository: success
- Setup Java 21: success
- Compile application: success
- Run Unit Tests: success
- Run Integration Tests: success
- Build Docker Image: success
- Post Setup Java 21: success
- Post Checkout repository: success
- Complete job: success

Workflow result: all required stages completed successfully
Deployment recommendation: proceed","LOW"
"Workflow run ID: 80000000323
Workflow: Kubernetes Deployment Pipeline
Event: pull_request
Status: completed
Conclusion: success
Branch: hotfix/build-fix
Jobs created: 1
Duration seconds: 368

Job: build
Job status: completed
Job conclusion: success
Runner: GitHub Actions 1899735100
Steps:
- Set up job: success
- Checkout repository: success
- Setup Java 21: success
- Build Project: success
- Run Unit Tests: success
- Manual deployment approval required: success
- Package Application: success
- Post Setup Java 21: success
- Post Checkout repository: success
- Complete job: success

Warning: Manual deployment approval required
Workflow result: completed successfully with non-critical warnings
Deployment recommendation: manual review required","MEDIUM"
"Workflow run ID: 90000000270
Workflow: Java CI Build
Event: push
Status: completed
Conclusion: failure
Branch: develop
Jobs created: 1
Duration seconds: 196

Job: build
Job status: completed
Job conclusion: failure
Runner: GitHub Actions 1974441034
Steps:
- Set up job: success
- Checkout repository: success
- Setup Java 21: success
- Resolve Maven dependencies: success
- Compile application: success
- Run Unit Tests: success
- Run Integration Tests: failure
- Build Docker Image: skipped
- Deploy to Staging: skipped
- Application Health Check: skipped
- Upload diagnostic reports: success
- Post Setup Java 21: success
- Post Checkout repository: success
- Complete job: success

Error: Integration tests failed connection refused
Process completed with exit code 1
Workflow result: pipeline failed
Deployment recommendation: stop deployment","HIGH"
"Workflow run ID: 80000000008
Workflow: Java CI Build
Event: workflow_dispatch
Status: completed
Conclusion: success
Branch: develop
Jobs created: 1
Duration seconds: 284

Job: build
Job status: completed
Job conclusion: success
Runner: GitHub Actions 1901628213
Steps:
- Set up job: success
- Checkout repository: success
- Setup Java 21: success
- Build Project: success
- Run Unit Tests: success
- Build duration above expected threshold performance review required: success
- Package Application: success
- Post Setup Java 21: success
- Post Checkout repository: success
- Complete job: success

Warning: Build duration above expected threshold performance review required
Workflow result: completed successfully with non-critical warnings
Deployment recommendation: manual review required","MEDIUM"
"Workflow run ID: 70000000307
Workflow: Maven Build Pipeline
Event: push
Status: completed
Conclusion: success
Branch: hotfix/build-fix
Jobs created: 1
Duration seconds: 297

Job: build
Job status: completed
Job conclusion: success
Runner: GitHub Actions 1797949131
Steps:
- Set up job: success
- Checkout repository: success
- Setup Java 21: success
- Compile application: success
- Run Unit Tests: success
- Run Integration Tests: success
- Build Docker Image: success
- Post Setup Java 21: success
- Post Checkout repository: success
- Complete job: success

Workflow result: all required stages completed successfully
Deployment recommendation: proceed","LOW"
"Workflow run ID: 90000000214
Workflow: Kubernetes Deployment Pipeline
Event: workflow_dispatch
Status: completed
Conclusion: failure
Branch: develop
Jobs created: 1
Duration seconds: 239

Job: build
Job status: completed
Job conclusion: failure
Runner: GitHub Actions 1941695621
Steps:
- Set up job: success
- Checkout repository: success
- Setup Java 21: success
- Resolve Maven dependencies: success
- Compile application: failure
- Run Unit Tests: skipped
- Run Integration Tests: skipped
- Build Docker Image: skipped
- Deploy to Staging: skipped
- Application Health Check: skipped
- Upload diagnostic reports: success
- Post Setup Java 21: success
- Post Checkout repository: success
- Complete job: success

Error: Compilation failed because symbol could not be resolved
Process completed with exit code 1
Workflow result: pipeline failed
Deployment recommendation: stop deployment","HIGH"
"Workflow run ID: 70000000053
Workflow: Cloud Native CI/CD
Event: pull_request
Status: completed
Conclusion: success
Branch: hotfix/build-fix
Jobs created: 1
Duration seconds: 223

Job: build
Job status: completed
Job conclusion: success
Runner: GitHub Actions 1202006847
Steps:
- Set up job: success
- Checkout repository: success
- Setup Java 21: success
- Maven Build: success
- Run Unit Tests: success
- SonarQube Analysis: success
- Complete Build: success
- Post Setup Java 21: success
- Post Checkout repository: success
- Complete job: success

Workflow result: all required stages completed successfully
Deployment recommendation: proceed","LOW"
"Workflow run ID: 90000000303
Workflow: Cloud Native CI/CD
Event: pull_request
Status: completed
Conclusion: failure
Branch: develop
Jobs created: 1
Duration seconds: 366

Job: build
Job status: completed
Job conclusion: failure
Runner: GitHub Actions 1450383228
Steps:
- Set up job: success
- Checkout repository: success
- Setup Java 21: success
- Resolve Maven dependencies: success
- Compile application: failure
- Run Unit Tests: skipped
- Run Integration Tests: skipped
- Build Docker Image: skipped
- Deploy to Staging: skipped
- Application Health Check: skipped
- Upload diagnostic reports: success
- Post Setup Java 21: success
- Post Checkout repository: success
- Complete job: success

Error: Compilation failed because symbol could not be resolved
Process completed with exit code 1
Workflow result: pipeline failed
Deployment recommendation: stop deployment","HIGH"
"Workflow run ID: 70000000238
Workflow: Kubernetes Deployment Pipeline
Event: pull_request
Status: completed
Conclusion: success
Branch: develop
Jobs created: 1
Duration seconds: 45

Job: build
Job status: completed
Job conclusion: success
Runner: GitHub Actions 1148137188
Steps:
- Set up job: success
- Checkout repository: success
- Setup Java 21: success
- Build Project: success
- Run Unit Tests: success
- Code Coverage Check: success
- Package Application: success
- Post Setup Java 21: success
- Post Checkout repository: success
- Complete job: success

Workflow result: all required stages completed successfully
Deployment recommendation: proceed","LOW"
"Workflow run ID: 80000000102
Workflow: Kubernetes Deployment Pipeline
Event: pull_request
Status: completed
Conclusion: success
Branch: feature/risk-analysis
Jobs created: 1
Duration seconds: 157

Job: build
Job status: completed
Job conclusion: success
Runner: GitHub Actions 1093192369
Steps:
- Set up job: success
- Checkout repository: success
- Setup Java 21: success
- Build Project: success
- Run Unit Tests: success
- Manual deployment approval required: success
- Package Application: success
- Post Setup Java 21: success
- Post Checkout repository: success
- Complete job: success

Warning: Manual deployment approval required
Workflow result: completed successfully with non-critical warnings
Deployment recommendation: manual review required","MEDIUM"
"Workflow run ID: 80000000162
Workflow: Kubernetes Deployment Pipeline
Event: pull_request
Status: completed
Conclusion: success
Branch: develop
Jobs created: 1
Duration seconds: 355

Job: build
Job status: completed
Job conclusion: success
Runner: GitHub Actions 1660899535
Steps:
- Set up job: success
- Checkout repository: success
- Setup Java 21: success
- Build Project: success
- Run Unit Tests: success
- Minor configuration warning detected during deployment: success
- Build Docker Image: success
- Post Setup Java 21: success
- Post Checkout repository: success
- Complete job: success

Warning: Minor configuration warning detected during deployment
Workflow result: completed successfully with non-critical warnings
Deployment recommendation: manual review required","MEDIUM"
"Workflow run ID: 90000000297
Workflow: Spring Boot CI
Event: push
Status: completed
Conclusion: failure
Branch: release
Jobs created: 1
Duration seconds: 112

Job: build
Job status: completed
Job conclusion: failure
Runner: GitHub Actions 1467860703
Steps:
- Set up job: success
- Checkout repository: success
- Setup Java 21: success
- Resolve Maven dependencies: success
- Compile application: failure
- Run Unit Tests: skipped
- Run Integration Tests: skipped
- Build Docker Image: skipped
- Deploy to Staging: skipped
- Application Health Check: skipped
- Upload diagnostic reports: success
- Post Setup Java 21: success
- Post Checkout repository: success
- Complete job: success

Error: Compilation failed because symbol could not be resolved
Process completed with exit code 1
Workflow result: pipeline failed
Deployment recommendation: stop deployment","HIGH"
"Workflow run ID: 90000000296
Workflow: Docker Build and Deploy
Event: workflow_dispatch
Status: completed
Conclusion: failure
Branch: feature/risk-analysis
Jobs created: 1
Duration seconds: 417

Job: build
Job status: completed
Job conclusion: failure
Runner: GitHub Actions 1106558067
Steps:
- Set up job: success
- Checkout repository: success
- Setup Java 21: success
- Resolve Maven dependencies: success
- Compile application: success
- Run Unit Tests: success
- Run Integration Tests: success
- Build Docker Image: success
- Deploy to Staging: success
- Application Health Check: failure
- Upload diagnostic reports: success
- Post Setup Java 21: success
- Post Checkout repository: success
- Complete job: success

Error: Health check failed after deployment
Process completed with exit code 1
Workflow result: pipeline failed
Deployment recommendation: stop deployment","HIGH"
"Workflow run ID: 90000000329
Workflow: Cloud Native CI/CD
Event: push
Status: completed
Conclusion: failure
Branch: main
Jobs created: 1
Duration seconds: 27

Job: build
Job status: completed
Job conclusion: failure
Runner: GitHub Actions 1755186289
Steps:
- Set up job: success
- Checkout repository: success
- Setup Java 21: success
- Resolve Maven dependencies: success
- Compile application: success
- Run Unit Tests: failure
- Run Integration Tests: skipped
- Build Docker Image: skipped
- Deploy to Staging: skipped
- Application Health Check: skipped
- Upload diagnostic reports: success
- Post Setup Java 21: success
- Post Checkout repository: success
- Complete job: success

Error: Unit tests failed with assertion errors
Process completed with exit code 1
Workflow result: pipeline failed
Deployment recommendation: stop deployment","HIGH"
"Workflow run ID: 80000000132
Workflow: Maven Build Pipeline
Event: push
Status: completed
Conclusion: success
Branch: develop
Jobs created: 1
Duration seconds: 228

Job: build
Job status: completed
Job conclusion: success
Runner: GitHub Actions 1463667872
Steps:
- Set up job: success
- Checkout repository: success
- Setup Java 21: success
- Build Project: success
- Run Unit Tests: success
- Medium severity vulnerability detected review required: success
- Deploy to Staging: success
- Post Setup Java 21: success
- Post Checkout repository: success
- Complete job: success

Warning: Medium severity vulnerability detected review required
Workflow result: completed successfully with non-critical warnings
Deployment recommendation: manual review required","MEDIUM"
"Workflow run ID: 70000000036
Workflow: Java CI Build
Event: workflow_dispatch
Status: completed
Conclusion: success
Branch: release
Jobs created: 1
Duration seconds: 411

Job: build
Job status: completed
Job conclusion: success
Runner: GitHub Actions 1347410564
Steps:
- Set up job: success
- Checkout repository: success
- Setup Java 21: success
- Compile application: success
- Run Unit Tests: success
- Run Integration Tests: success
- Build Docker Image: success
- Post Setup Java 21: success
- Post Checkout repository: success
- Complete job: success

Workflow result: all required stages completed successfully
Deployment recommendation: proceed","LOW"
"Workflow run ID: 70000000261
Workflow: Spring Boot CI
Event: workflow_dispatch
Status: completed
Conclusion: success
Branch: release
Jobs created: 1
Duration seconds: 176

Job: build
Job status: completed
Job conclusion: success
Runner: GitHub Actions 1318056871
Steps:
- Set up job: success
- Checkout repository: success
- Setup Java 21: success
- Build Project: success
- Run Unit Tests: success
- Code Coverage Check: success
- Package Application: success
- Post Setup Java 21: success
- Post Checkout repository: success
- Complete job: success

Workflow result: all required stages completed successfully
Deployment recommendation: proceed","LOW"
"Workflow run ID: 90000000016
Workflow: Docker Build and Deploy
Event: workflow_dispatch
Status: completed
Conclusion: failure
Branch: develop
Jobs created: 1
Duration seconds: 336

Job: build
Job status: completed
Job conclusion: failure
Runner: GitHub Actions 1394896423
Steps:
- Set up job: success
- Checkout repository: success
- Setup Java 21: success
- Resolve Maven dependencies: success
- Compile application: success
- Run Unit Tests: success
- Run Integration Tests: success
- Build Docker Image: failure
- Deploy to Staging: skipped
- Application Health Check: skipped
- Upload diagnostic reports: success
- Post Setup Java 21: success
- Post Checkout repository: success
- Complete job: success

Error: Docker build failed because base image was not found
Process completed with exit code 1
Workflow result: pipeline failed
Deployment recommendation: stop deployment","HIGH"
"Workflow run ID: 90000000221
Workflow: Docker Build and Deploy
Event: pull_request
Status: completed
Conclusion: failure
Branch: feature/risk-analysis
Jobs created: 1
Duration seconds: 383

Job: build
Job status: completed
Job conclusion: failure
Runner: GitHub Actions 1095362498
Steps:
- Set up job: success
- Checkout repository: success
- Setup Java 21: success
- Resolve Maven dependencies: success
- Compile application: success
- Run Unit Tests: success
- Run Integration Tests: failure
- Build Docker Image: skipped
- Deploy to Staging: skipped
- Application Health Check: skipped
- Upload diagnostic reports: success
- Post Setup Java 21: success
- Post Checkout repository: success
- Complete job: success

Error: Integration tests failed connection refused
Process completed with exit code 1
Workflow result: pipeline failed
Deployment recommendation: stop deployment","HIGH"
"Workflow run ID: 90000000088
Workflow: Maven Build Pipeline
Event: workflow_dispatch
Status: completed
Conclusion: failure
Branch: hotfix/build-fix
Jobs created: 1
Duration seconds: 104

Job: build
Job status: completed
Job conclusion: failure
Runner: GitHub Actions 1346329175
Steps:
- Set up job: success
- Checkout repository: success
- Setup Java 21: success
- Resolve Maven dependencies: success
- Compile application: success
- Run Unit Tests: success
- Run Integration Tests: success
- Build Docker Image: success
- Deploy to Staging: success
- Application Health Check: success
- Security Scan: failure
- Upload diagnostic reports: success
- Post Setup Java 21: success
- Post Checkout repository: success
- Complete job: success

Error: Critical vulnerabilities detected deployment blocked
Process completed with exit code 1
Workflow result: pipeline failed
Deployment recommendation: stop deployment","HIGH"
"Workflow run ID: 70000000184
Workflow: Docker Build and Deploy
Event: push
Status: completed
Conclusion: success
Branch: develop
Jobs created: 1
Duration seconds: 326

Job: build
Job status: completed
Job conclusion: success
Runner: GitHub Actions 1210069759
Steps:
- Set up job: success
- Checkout repository: success
- Setup Java 21: success
- Build Project: success
- Run Unit Tests: success
- Code Coverage Check: success
- Package Application: success
- Post Setup Java 21: success
- Post Checkout repository: success
- Complete job: success

Workflow result: all required stages completed successfully
Deployment recommendation: proceed","LOW"
"Workflow run ID: 70000000120
Workflow: Docker Build and Deploy
Event: workflow_dispatch
Status: completed
Conclusion: success
Branch: release
Jobs created: 1
Duration seconds: 472

Job: build
Job status: completed
Job conclusion: success
Runner: GitHub Actions 1421628616
Steps:
- Set up job: success
- Checkout repository: success
- Setup Java 21: success
- Compile application: success
- Run Unit Tests: success
- Run Integration Tests: success
- Build Docker Image: success
- Post Setup Java 21: success
- Post Checkout repository: success
- Complete job: success

Workflow result: all required stages completed successfully
Deployment recommendation: proceed","LOW"
"Workflow run ID: 80000000089
Workflow: Spring Boot CI
Event: pull_request
Status: completed
Conclusion: success
Branch: hotfix/build-fix
Jobs created: 1
Duration seconds: 91

Job: build
Job status: completed
Job conclusion: success
Runner: GitHub Actions 1996696837
Steps:
- Set up job: success
- Checkout repository: success
- Setup Java 21: success
- Build Project: success
- Run Unit Tests: success
- Build duration above expected threshold performance review required: success
- Package Application: success
- Post Setup Java 21: success
- Post Checkout repository: success
- Complete job: success

Warning: Build duration above expected threshold performance review required
Workflow result: completed successfully with non-critical warnings
Deployment recommendation: manual review required","MEDIUM"
"Workflow run ID: 70000000212
Workflow: Maven Build Pipeline
Event: push
Status: completed
Conclusion: success
Branch: develop
Jobs created: 1
Duration seconds: 128

Job: build
Job status: completed
Job conclusion: success
Runner: GitHub Actions 1304806452
Steps:
- Set up job: success
- Checkout repository: success
- Setup Java 21: success
- Maven Build: success
- Run Unit Tests: success
- SonarQube Analysis: success
- Complete Build: success
- Post Setup Java 21: success
- Post Checkout repository: success
- Complete job: success

Workflow result: all required stages completed successfully
Deployment recommendation: proceed","LOW"
"Workflow run ID: 70000000072
Workflow: Java CI Build
Event: push
Status: completed
Conclusion: success
Branch: release
Jobs created: 1
Duration seconds: 499

Job: build
Job status: completed
Job conclusion: success
Runner: GitHub Actions 1142178232
Steps:
- Set up job: success
- Checkout repository: success
- Setup Java 21: success
- Build Project: success
- Run Unit Tests: success
- Code Coverage Check: success
- Package Application: success
- Post Setup Java 21: success
- Post Checkout repository: success
- Complete job: success

Workflow result: all required stages completed successfully
Deployment recommendation: proceed","LOW"
"Workflow run ID: 80000000168
Workflow: Kubernetes Deployment Pipeline
Event: push
Status: completed
Conclusion: success
Branch: hotfix/build-fix
Jobs created: 1
Duration seconds: 229

Job: build
Job status: completed
Job conclusion: success
Runner: GitHub Actions 1440274226
Steps:
- Set up job: success
- Checkout repository: success
- Setup Java 21: success
- Build Project: success
- Run Unit Tests: success
- Memory usage warning detected during compilation: success
- Deploy to Staging: success
- Post Setup Java 21: success
- Post Checkout repository: success
- Complete job: success

Warning: Memory usage warning detected during compilation
Workflow result: completed successfully with non-critical warnings
Deployment recommendation: manual review required","MEDIUM"
"Workflow run ID: 80000000311
Workflow: Spring Boot CI
Event: push
Status: completed
Conclusion: success
Branch: main
Jobs created: 1
Duration seconds: 350

Job: build
Job status: completed
Job conclusion: success
Runner: GitHub Actions 1872074399
Steps:
- Set up job: success
- Checkout repository: success
- Setup Java 21: success
- Build Project: success
- Run Unit Tests: success
- Manual deployment approval required: success
- Build Docker Image: success
- Post Setup Java 21: success
- Post Checkout repository: success
- Complete job: success

Warning: Manual deployment approval required
Workflow result: completed successfully with non-critical warnings
Deployment recommendation: manual review required","MEDIUM"
"Workflow run ID: 70000000252
Workflow: Kubernetes Deployment Pipeline
Event: pull_request
Status: completed
Conclusion: success
Branch: feature/risk-analysis
Jobs created: 1
Duration seconds: 188

Job: build
Job status: completed
Job conclusion: success
Runner: GitHub Actions 1849542534
Steps:
- Set up job: success
- Checkout repository: success
- Setup Java 21: success
- Maven Build: success
- Run Unit Tests: success
- SonarQube Analysis: success
- Complete Build: success
- Post Setup Java 21: success
- Post Checkout repository: success
- Complete job: success

Workflow result: all required stages completed successfully
Deployment recommendation: proceed","LOW"
"Workflow run ID: 70000000211
Workflow: Java CI Build
Event: pull_request
Status: completed
Conclusion: success
Branch: feature/risk-analysis
Jobs created: 1
Duration seconds: 457

Job: build
Job status: completed
Job conclusion: success
Runner: GitHub Actions 1558710111
Steps:
- Set up job: success
- Checkout repository: success
- Setup Java 21: success
- Build Docker Image: success
- Push Docker Image: success
- Deploy to Staging: success
- Application Health Check: success
- Post Setup Java 21: success
- Post Checkout repository: success
- Complete job: success

Workflow result: all required stages completed successfully
Deployment recommendation: proceed","LOW"
"Workflow run ID: 70000000311
Workflow: Java CI Build
Event: pull_request
Status: completed
Conclusion: success
Branch: main
Jobs created: 1
Duration seconds: 469

Job: build
Job status: completed
Job conclusion: success
Runner: GitHub Actions 1554422434
Steps:
- Set up job: success
- Checkout repository: success
- Setup Java 21: success
- Maven Build: success
- Run Unit Tests: success
- SonarQube Analysis: success
- Complete Build: success
- Post Setup Java 21: success
- Post Checkout repository: success
- Complete job: success

Workflow result: all required stages completed successfully
Deployment recommendation: proceed","LOW"
"Workflow run ID: 80000000197
Workflow: Cloud Native CI/CD
Event: push
Status: completed
Conclusion: success
Branch: develop
Jobs created: 1
Duration seconds: 361

Job: build
Job status: completed
Job conclusion: success
Runner: GitHub Actions 1460597977
Steps:
- Set up job: success
- Checkout repository: success
- Setup Java 21: success
- Build Project: success
- Run Unit Tests: success
- Minor configuration warning detected during deployment: success
- Package Application: success
- Post Setup Java 21: success
- Post Checkout repository: success
- Complete job: success

Warning: Minor configuration warning detected during deployment
Workflow result: completed successfully with non-critical warnings
Deployment recommendation: manual review required","MEDIUM"
"Workflow run ID: 90000000190
Workflow: Kubernetes Deployment Pipeline
Event: pull_request
Status: completed
Conclusion: failure
Branch: develop
Jobs created: 1
Duration seconds: 56

Job: build
Job status: completed
Job conclusion: failure
Runner: GitHub Actions 1136742919
Steps:
- Set up job: success
- Checkout repository: success
- Setup Java 21: success
- Resolve Maven dependencies: success
- Compile application: success
- Run Unit Tests: failure
- Run Integration Tests: skipped
- Build Docker Image: skipped
- Deploy to Staging: skipped
- Application Health Check: skipped
- Upload diagnostic reports: success
- Post Setup Java 21: success
- Post Checkout repository: success
- Complete job: success

Error: Unit tests failed with assertion errors
Process completed with exit code 1
Workflow result: pipeline failed
Deployment recommendation: stop deployment","HIGH"
"Workflow run ID: 90000000183
Workflow: Java CI Build
Event: push
Status: completed
Conclusion: failure
Branch: hotfix/build-fix
Jobs created: 1
Duration seconds: 397

Job: build
Job status: completed
Job conclusion: failure
Runner: GitHub Actions 1505082929
Steps:
- Set up job: success
- Checkout repository: success
- Setup Java 21: success
- Resolve Maven dependencies: success
- Compile application: success
- Run Unit Tests: success
- Run Integration Tests: success
- Build Docker Image: success
- Deploy to Staging: success
- Application Health Check: success
- Database Migration: failure
- Upload diagnostic reports: success
- Post Setup Java 21: success
- Post Checkout repository: success
- Complete job: success

Error: Database migration failed and deployment was stopped
Process completed with exit code 1
Workflow result: pipeline failed
Deployment recommendation: stop deployment","HIGH"
"Workflow run ID: 70000000060
Workflow: Java CI Build
Event: push
Status: completed
Conclusion: success
Branch: feature/risk-analysis
Jobs created: 1
Duration seconds: 262

Job: build
Job status: completed
Job conclusion: success
Runner: GitHub Actions 1986078810
Steps:
- Set up job: success
- Checkout repository: success
- Setup Java 21: success
- Build Project: success
- Run Unit Tests: success
- Code Coverage Check: success
- Package Application: success
- Post Setup Java 21: success
- Post Checkout repository: success
- Complete job: success

Workflow result: all required stages completed successfully
Deployment recommendation: proceed","LOW"
"Workflow run ID: 70000000233
Workflow: Java CI Build
Event: workflow_dispatch
Status: completed
Conclusion: success
Branch: release
Jobs created: 1
Duration seconds: 56

Job: build
Job status: completed
Job conclusion: success
Runner: GitHub Actions 1747751285
Steps:
- Set up job: success
- Checkout repository: success
- Setup Java 21: success
- Build Project: success
- Dependency Scan: success
- Security Scan: success
- Publish Artifact: success
- Post Setup Java 21: success
- Post Checkout repository: success
- Complete job: success

Workflow result: all required stages completed successfully
Deployment recommendation: proceed","LOW"
"Workflow run ID: 90000000276
Workflow: Spring Boot CI
Event: pull_request
Status: completed
Conclusion: failure
Branch: release
Jobs created: 1
Duration seconds: 47

Job: build
Job status: completed
Job conclusion: failure
Runner: GitHub Actions 1485988714
Steps:
- Set up job: success
- Checkout repository: success
- Setup Java 21: success
- Resolve Maven dependencies: success
- Compile application: success
- Run Unit Tests: success
- Run Integration Tests: success
- Build Docker Image: success
- Deploy to Staging: success
- Application Health Check: success
- Database Migration: failure
- Upload diagnostic reports: success
- Post Setup Java 21: success
- Post Checkout repository: success
- Complete job: success

Error: Database migration failed and deployment was stopped
Process completed with exit code 1
Workflow result: pipeline failed
Deployment recommendation: stop deployment","HIGH"
"Workflow run ID: 90000000323
Workflow: Cloud Native CI/CD
Event: push
Status: completed
Conclusion: failure
Branch: hotfix/build-fix
Jobs created: 1
Duration seconds: 367

Job: build
Job status: completed
Job conclusion: failure
Runner: GitHub Actions 1654478300
Steps:
- Set up job: success
- Checkout repository: success
- Setup Java 21: success
- Resolve Maven dependencies: success
- Compile application: success
- Run Unit Tests: success
- Run Integration Tests: success
- Build Docker Image: success
- Deploy to Staging: failure
- Application Health Check: skipped
- Upload diagnostic reports: success
- Post Setup Java 21: success
- Post Checkout repository: success
- Complete job: success

Error: Deployment failed because service was unavailable
Process completed with exit code 1
Workflow result: pipeline failed
Deployment recommendation: stop deployment","HIGH"
"Workflow run ID: 70000000170
Workflow: Kubernetes Deployment Pipeline
Event: push
Status: completed
Conclusion: success
Branch: feature/risk-analysis
Jobs created: 1
Duration seconds: 114

Job: build
Job status: completed
Job conclusion: success
Runner: GitHub Actions 1903504268
Steps:
- Set up job: success
- Checkout repository: success
- Setup Java 21: success
- Build Project: success
- Dependency Scan: success
- Security Scan: success
- Publish Artifact: success
- Post Setup Java 21: success
- Post Checkout repository: success
- Complete job: success

Workflow result: all required stages completed successfully
Deployment recommendation: proceed","LOW"
"Workflow run ID: 80000000022
Workflow: Kubernetes Deployment Pipeline
Event: workflow_dispatch
Status: completed
Conclusion: success
Branch: hotfix/build-fix
Jobs created: 1
Duration seconds: 429

Job: build
Job status: completed
Job conclusion: success
Runner: GitHub Actions 1049892811
Steps:
- Set up job: success
- Checkout repository: success
- Setup Java 21: success
- Build Project: success
- Run Unit Tests: success
- Memory usage warning detected during compilation: success
- Package Application: success
- Post Setup Java 21: success
- Post Checkout repository: success
- Complete job: success

Warning: Memory usage warning detected during compilation
Workflow result: completed successfully with non-critical warnings
Deployment recommendation: manual review required","MEDIUM"
"Workflow run ID: 90000000317
Workflow: Docker Build and Deploy
Event: push
Status: completed
Conclusion: failure
Branch: release
Jobs created: 1
Duration seconds: 384

Job: build
Job status: completed
Job conclusion: failure
Runner: GitHub Actions 1612267675
Steps:
- Set up job: success
- Checkout repository: success
- Setup Java 21: success
- Resolve Maven dependencies: success
- Compile application: success
- Run Unit Tests: success
- Run Integration Tests: failure
- Build Docker Image: skipped
- Deploy to Staging: skipped
- Application Health Check: skipped
- Upload diagnostic reports: success
- Post Setup Java 21: success
- Post Checkout repository: success
- Complete job: success

Error: Integration tests failed connection refused
Process completed with exit code 1
Workflow result: pipeline failed
Deployment recommendation: stop deployment","HIGH"
"Workflow run ID: 70000000147
Workflow: Java CI Build
Event: push
Status: completed
Conclusion: success
Branch: hotfix/build-fix
Jobs created: 1
Duration seconds: 85

Job: build
Job status: completed
Job conclusion: success
Runner: GitHub Actions 1473966886
Steps:
- Set up job: success
- Checkout repository: success
- Setup Java 21: success
- Compile application: success
- Run Unit Tests: success
- Run Integration Tests: success
- Build Docker Image: success
- Post Setup Java 21: success
- Post Checkout repository: success
- Complete job: success

Workflow result: all required stages completed successfully
Deployment recommendation: proceed","LOW"
"Workflow run ID: 90000000101
Workflow: Maven Build Pipeline
Event: push
Status: completed
Conclusion: failure
Branch: hotfix/build-fix
Jobs created: 1
Duration seconds: 236

Job: build
Job status: completed
Job conclusion: failure
Runner: GitHub Actions 1123839375
Steps:
- Set up job: success
- Checkout repository: success
- Setup Java 21: success
- Resolve Maven dependencies: success
- Compile application: success
- Run Unit Tests: success
- Run Integration Tests: success
- Build Docker Image: success
- Deploy to Staging: failure
- Application Health Check: skipped
- Upload diagnostic reports: success
- Post Setup Java 21: success
- Post Checkout repository: success
- Complete job: success

Error: Deployment failed because service was unavailable
Process completed with exit code 1
Workflow result: pipeline failed
Deployment recommendation: stop deployment","HIGH"
"Workflow run ID: 70000000241
Workflow: Maven Build Pipeline
Event: push
Status: completed
Conclusion: success
Branch: hotfix/build-fix
Jobs created: 1
Duration seconds: 210

Job: build
Job status: completed
Job conclusion: success
Runner: GitHub Actions 1447672242
Steps:
- Set up job: success
- Checkout repository: success
- Setup Java 21: success
- Build Project: success
- Run Unit Tests: success
- Code Coverage Check: success
- Package Application: success
- Post Setup Java 21: success
- Post Checkout repository: success
- Complete job: success

Workflow result: all required stages completed successfully
Deployment recommendation: proceed","LOW"
"Workflow run ID: 80000000294
Workflow: Spring Boot CI
Event: push
Status: completed
Conclusion: success
Branch: release
Jobs created: 1
Duration seconds: 135

Job: build
Job status: completed
Job conclusion: success
Runner: GitHub Actions 1938139555
Steps:
- Set up job: success
- Checkout repository: success
- Setup Java 21: success
- Build Project: success
- Run Unit Tests: success
- Flaky tests detected retry passed manual review required: success
- Build Docker Image: success
- Post Setup Java 21: success
- Post Checkout repository: success
- Complete job: success

Warning: Flaky tests detected retry passed manual review required
Workflow result: completed successfully with non-critical warnings
Deployment recommendation: manual review required","MEDIUM"
"Workflow run ID: 80000000057
Workflow: Spring Boot CI
Event: push
Status: completed
Conclusion: success
Branch: hotfix/build-fix
Jobs created: 1
Duration seconds: 528

Job: build
Job status: completed
Job conclusion: success
Runner: GitHub Actions 1912389151
Steps:
- Set up job: success
- Checkout repository: success
- Setup Java 21: success
- Build Project: success
- Run Unit Tests: success
- Staging health check intermittent response detected: success
- Deploy to Staging: success
- Post Setup Java 21: success
- Post Checkout repository: success
- Complete job: success

Warning: Staging health check intermittent response detected
Workflow result: completed successfully with non-critical warnings
Deployment recommendation: manual review required","MEDIUM"
"Workflow run ID: 90000000077
Workflow: Spring Boot CI
Event: pull_request
Status: completed
Conclusion: failure
Branch: release
Jobs created: 1
Duration seconds: 207

Job: build
Job status: completed
Job conclusion: failure
Runner: GitHub Actions 1241574355
Steps:
- Set up job: success
- Checkout repository: success
- Setup Java 21: success
- Resolve Maven dependencies: success
- Compile application: success
- Run Unit Tests: success
- Run Integration Tests: success
- Build Docker Image: success
- Deploy to Staging: success
- Application Health Check: failure
- Upload diagnostic reports: success
- Post Setup Java 21: success
- Post Checkout repository: success
- Complete job: success

Error: Health check failed after deployment
Process completed with exit code 1
Workflow result: pipeline failed
Deployment recommendation: stop deployment","HIGH"
"Workflow run ID: 70000000071
Workflow: Java CI Build
Event: workflow_dispatch
Status: completed
Conclusion: success
Branch: hotfix/build-fix
Jobs created: 1
Duration seconds: 148

Job: build
Job status: completed
Job conclusion: success
Runner: GitHub Actions 1409936105
Steps:
- Set up job: success
- Checkout repository: success
- Setup Java 21: success
- Compile application: success
- Run Unit Tests: success
- Run Integration Tests: success
- Build Docker Image: success
- Post Setup Java 21: success
- Post Checkout repository: success
- Complete job: success

Workflow result: all required stages completed successfully
Deployment recommendation: proceed","LOW"
"Workflow run ID: 70000000109
Workflow: Java CI Build
Event: push
Status: completed
Conclusion: success
Branch: feature/risk-analysis
Jobs created: 1
Duration seconds: 434

Job: build
Job status: completed
Job conclusion: success
Runner: GitHub Actions 1551335493
Steps:
- Set up job: success
- Checkout repository: success
- Setup Java 21: success
- Compile application: success
- Run Unit Tests: success
- Run Integration Tests: success
- Build Docker Image: success
- Post Setup Java 21: success
- Post Checkout repository: success
- Complete job: success

Workflow result: all required stages completed successfully
Deployment recommendation: proceed","LOW"
"Workflow run ID: 80000000091
Workflow: Maven Build Pipeline
Event: workflow_dispatch
Status: completed
Conclusion: success
Branch: main
Jobs created: 1
Duration seconds: 230

Job: build
Job status: completed
Job conclusion: success
Runner: GitHub Actions 1031482552
Steps:
- Set up job: success
- Checkout repository: success
- Setup Java 21: success
- Build Project: success
- Run Unit Tests: success
- Code coverage below threshold manual review required: success
- Deploy to Staging: success
- Post Setup Java 21: success
- Post Checkout repository: success
- Complete job: success

Warning: Code coverage below threshold manual review required
Workflow result: completed successfully with non-critical warnings
Deployment recommendation: manual review required","MEDIUM"
"Workflow run ID: 90000000300
Workflow: Kubernetes Deployment Pipeline
Event: workflow_dispatch
Status: completed
Conclusion: failure
Branch: main
Jobs created: 1
Duration seconds: 251

Job: build
Job status: completed
Job conclusion: failure
Runner: GitHub Actions 1562969896
Steps:
- Set up job: success
- Checkout repository: success
- Setup Java 21: success
- Resolve Maven dependencies: success
- Compile application: success
- Run Unit Tests: success
- Run Integration Tests: success
- Build Docker Image: success
- Deploy to Staging: success
- Application Health Check: success
- Database Migration: failure
- Upload diagnostic reports: success
- Post Setup Java 21: success
- Post Checkout repository: success
- Complete job: success

Error: Database migration failed and deployment was stopped
Process completed with exit code 1
Workflow result: pipeline failed
Deployment recommendation: stop deployment","HIGH"
"Workflow run ID: 80000000052
Workflow: Java CI Build
Event: workflow_dispatch
Status: completed
Conclusion: success
Branch: feature/risk-analysis
Jobs created: 1
Duration seconds: 604

Job: build
Job status: completed
Job conclusion: success
Runner: GitHub Actions 1032768089
Steps:
- Set up job: success
- Checkout repository: success
- Setup Java 21: success
- Build Project: success
- Run Unit Tests: success
- Code coverage below threshold manual review required: success
- Deploy to Staging: success
- Post Setup Java 21: success
- Post Checkout repository: success
- Complete job: success

Warning: Code coverage below threshold manual review required
Workflow result: completed successfully with non-critical warnings
Deployment recommendation: manual review required","MEDIUM"
"Workflow run ID: 80000000125
Workflow: Kubernetes Deployment Pipeline
Event: workflow_dispatch
Status: completed
Conclusion: success
Branch: release
Jobs created: 1
Duration seconds: 227

Job: build
Job status: completed
Job conclusion: success
Runner: GitHub Actions 1339725904
Steps:
- Set up job: success
- Checkout repository: success
- Setup Java 21: success
- Build Project: success
- Run Unit Tests: success
- Memory usage warning detected during compilation: success
- Deploy to Staging: success
- Post Setup Java 21: success
- Post Checkout repository: success
- Complete job: success

Warning: Memory usage warning detected during compilation
Workflow result: completed successfully with non-critical warnings
Deployment recommendation: manual review required","MEDIUM"
"Workflow run ID: 90000000231
Workflow: Cloud Native CI/CD
Event: push
Status: completed
Conclusion: failure
Branch: hotfix/build-fix
Jobs created: 1
Duration seconds: 355

Job: build
Job status: completed
Job conclusion: failure
Runner: GitHub Actions 1466291289
Steps:
- Set up job: success
- Checkout repository: success
- Setup Java 21: success
- Resolve Maven dependencies: success
- Compile application: success
- Run Unit Tests: success
- Run Integration Tests: success
- Build Docker Image: success
- Deploy to Staging: failure
- Application Health Check: skipped
- Upload diagnostic reports: success
- Post Setup Java 21: success
- Post Checkout repository: success
- Complete job: success

Error: Deployment failed because service was unavailable
Process completed with exit code 1
Workflow result: pipeline failed
Deployment recommendation: stop deployment","HIGH"
"Workflow run ID: 90000000085
Workflow: Maven Build Pipeline
Event: pull_request
Status: completed
Conclusion: failure
Branch: main
Jobs created: 1
Duration seconds: 50

Job: build
Job status: completed
Job conclusion: failure
Runner: GitHub Actions 1785493655
Steps:
- Set up job: success
- Checkout repository: success
- Setup Java 21: success
- Resolve Maven dependencies: success
- Compile application: success
- Run Unit Tests: success
- Run Integration Tests: success
- Build Docker Image: failure
- Deploy to Staging: skipped
- Application Health Check: skipped
- Upload diagnostic reports: success
- Post Setup Java 21: success
- Post Checkout repository: success
- Complete job: success

Error: Docker build failed because base image was not found
Process completed with exit code 1
Workflow result: pipeline failed
Deployment recommendation: stop deployment","HIGH"
"Workflow run ID: 80000000092
Workflow: Cloud Native CI/CD
Event: push
Status: completed
Conclusion: success
Branch: release
Jobs created: 1
Duration seconds: 368

Job: build
Job status: completed
Job conclusion: success
Runner: GitHub Actions 1270660900
Steps:
- Set up job: success
- Checkout repository: success
- Setup Java 21: success
- Build Project: success
- Run Unit Tests: success
- Docker image size exceeded recommended limit: success
- Build Docker Image: success
- Post Setup Java 21: success
- Post Checkout repository: success
- Complete job: success

Warning: Docker image size exceeded recommended limit
Workflow result: completed successfully with non-critical warnings
Deployment recommendation: manual review required","MEDIUM"
"Workflow run ID: 70000000292
Workflow: Java CI Build
Event: workflow_dispatch
Status: completed
Conclusion: success
Branch: release
Jobs created: 1
Duration seconds: 52

Job: build
Job status: completed
Job conclusion: success
Runner: GitHub Actions 1952731966
Steps:
- Set up job: success
- Checkout repository: success
- Setup Java 21: success
- Build Project: success
- Dependency Scan: success
- Security Scan: success
- Publish Artifact: success
- Post Setup Java 21: success
- Post Checkout repository: success
- Complete job: success

Workflow result: all required stages completed successfully
Deployment recommendation: proceed","LOW"
"Workflow run ID: 90000000181
Workflow: Docker Build and Deploy
Event: workflow_dispatch
Status: completed
Conclusion: failure
Branch: main
Jobs created: 1
Duration seconds: 279

Job: build
Job status: completed
Job conclusion: failure
Runner: GitHub Actions 1687761516
Steps:
- Set up job: success
- Checkout repository: success
- Setup Java 21: success
- Resolve Maven dependencies: success
- Compile application: success
- Run Unit Tests: failure
- Run Integration Tests: skipped
- Build Docker Image: skipped
- Deploy to Staging: skipped
- Application Health Check: skipped
- Upload diagnostic reports: success
- Post Setup Java 21: success
- Post Checkout repository: success
- Complete job: success

Error: Unit tests failed with assertion errors
Process completed with exit code 1
Workflow result: pipeline failed
Deployment recommendation: stop deployment","HIGH"
"Workflow run ID: 70000000063
Workflow: Docker Build and Deploy
Event: workflow_dispatch
Status: completed
Conclusion: success
Branch: release
Jobs created: 1
Duration seconds: 382

Job: build
Job status: completed
Job conclusion: success
Runner: GitHub Actions 1921360891
Steps:
- Set up job: success
- Checkout repository: success
- Setup Java 21: success
- Build Project: success
- Run Unit Tests: success
- Code Coverage Check: success
- Package Application: success
- Post Setup Java 21: success
- Post Checkout repository: success
- Complete job: success

Workflow result: all required stages completed successfully
Deployment recommendation: proceed","LOW"
"Workflow run ID: 70000000263
Workflow: Cloud Native CI/CD
Event: workflow_dispatch
Status: completed
Conclusion: success
Branch: release
Jobs created: 1
Duration seconds: 131

Job: build
Job status: completed
Job conclusion: success
Runner: GitHub Actions 1779018326
Steps:
- Set up job: success
- Checkout repository: success
- Setup Java 21: success
- Build Project: success
- Dependency Scan: success
- Security Scan: success
- Publish Artifact: success
- Post Setup Java 21: success
- Post Checkout repository: success
- Complete job: success

Workflow result: all required stages completed successfully
Deployment recommendation: proceed","LOW"
"Workflow run ID: 90000000279
Workflow: Docker Build and Deploy
Event: push
Status: completed
Conclusion: failure
Branch: release
Jobs created: 1
Duration seconds: 405

Job: build
Job status: completed
Job conclusion: failure
Runner: GitHub Actions 1089904715
Steps:
- Set up job: success
- Checkout repository: success
- Setup Java 21: success
- Resolve Maven dependencies: failure
- Compile application: skipped
- Run Unit Tests: skipped
- Run Integration Tests: skipped
- Build Docker Image: skipped
- Deploy to Staging: skipped
- Application Health Check: skipped
- Upload diagnostic reports: success
- Post Setup Java 21: success
- Post Checkout repository: success
- Complete job: success

Error: Maven build failed due to unresolved dependency
Process completed with exit code 1
Workflow result: pipeline failed
Deployment recommendation: stop deployment","HIGH"
"Workflow run ID: 80000000216
Workflow: Maven Build Pipeline
Event: workflow_dispatch
Status: completed
Conclusion: success
Branch: main
Jobs created: 1
Duration seconds: 250

Job: build
Job status: completed
Job conclusion: success
Runner: GitHub Actions 1535039953
Steps:
- Set up job: success
- Checkout repository: success
- Setup Java 21: success
- Build Project: success
- Run Unit Tests: success
- Medium severity vulnerability detected review required: success
- Package Application: success
- Post Setup Java 21: success
- Post Checkout repository: success
- Complete job: success

Warning: Medium severity vulnerability detected review required
Workflow result: completed successfully with non-critical warnings
Deployment recommendation: manual review required","MEDIUM"
"Workflow run ID: 70000000223
Workflow: Cloud Native CI/CD
Event: pull_request
Status: completed
Conclusion: success
Branch: release
Jobs created: 1
Duration seconds: 304

Job: build
Job status: completed
Job conclusion: success
Runner: GitHub Actions 1331928416
Steps:
- Set up job: success
- Checkout repository: success
- Setup Java 21: success
- Build Docker Image: success
- Push Docker Image: success
- Deploy to Staging: success
- Application Health Check: success
- Post Setup Java 21: success
- Post Checkout repository: success
- Complete job: success

Workflow result: all required stages completed successfully
Deployment recommendation: proceed","LOW"
"Workflow run ID: 90000000133
Workflow: Maven Build Pipeline
Event: pull_request
Status: completed
Conclusion: failure
Branch: feature/risk-analysis
Jobs created: 1
Duration seconds: 47

Job: build
Job status: completed
Job conclusion: failure
Runner: GitHub Actions 1831599105
Steps:
- Set up job: success
- Checkout repository: success
- Setup Java 21: success
- Resolve Maven dependencies: success
- Compile application: success
- Run Unit Tests: failure
- Run Integration Tests: skipped
- Build Docker Image: skipped
- Deploy to Staging: skipped
- Application Health Check: skipped
- Upload diagnostic reports: success
- Post Setup Java 21: success
- Post Checkout repository: success
- Complete job: success

Error: Unit tests failed with assertion errors
Process completed with exit code 1
Workflow result: pipeline failed
Deployment recommendation: stop deployment","HIGH"
"Workflow run ID: 90000000280
Workflow: Cloud Native CI/CD
Event: pull_request
Status: completed
Conclusion: failure
Branch: main
Jobs created: 1
Duration seconds: 312

Job: build
Job status: completed
Job conclusion: failure
Runner: GitHub Actions 1670056621
Steps:
- Set up job: success
- Checkout repository: success
- Setup Java 21: success
- Resolve Maven dependencies: success
- Compile application: success
- Run Unit Tests: success
- Run Integration Tests: success
- Build Docker Image: failure
- Deploy to Staging: skipped
- Application Health Check: skipped
- Upload diagnostic reports: success
- Post Setup Java 21: success
- Post Checkout repository: success
- Complete job: success

Error: Docker build failed because base image was not found
Process completed with exit code 1
Workflow result: pipeline failed
Deployment recommendation: stop deployment","HIGH"
"Workflow run ID: 90000000067
Workflow: Maven Build Pipeline
Event: pull_request
Status: completed
Conclusion: failure
Branch: release
Jobs created: 1
Duration seconds: 305

Job: build
Job status: completed
Job conclusion: failure
Runner: GitHub Actions 1667430041
Steps:
- Set up job: success
- Checkout repository: success
- Setup Java 21: success
- Resolve Maven dependencies: success
- Compile application: success
- Run Unit Tests: success
- Run Integration Tests: success
- Build Docker Image: success
- Deploy to Staging: failure
- Application Health Check: skipped
- Upload diagnostic reports: success
- Post Setup Java 21: success
- Post Checkout repository: success
- Complete job: success

Error: Deployment failed because service was unavailable
Process completed with exit code 1
Workflow result: pipeline failed
Deployment recommendation: stop deployment","HIGH"
"Workflow run ID: 80000000332
Workflow: Kubernetes Deployment Pipeline
Event: push
Status: completed
Conclusion: success
Branch: hotfix/build-fix
Jobs created: 1
Duration seconds: 611

Job: build
Job status: completed
Job conclusion: success
Runner: GitHub Actions 1878155668
Steps:
- Set up job: success
- Checkout repository: success
- Setup Java 21: success
- Build Project: success
- Run Unit Tests: success
- Code coverage below threshold manual review required: success
- Build Docker Image: success
- Post Setup Java 21: success
- Post Checkout repository: success
- Complete job: success

Warning: Code coverage below threshold manual review required
Workflow result: completed successfully with non-critical warnings
Deployment recommendation: manual review required","MEDIUM"
"Workflow run ID: 90000000131
Workflow: Cloud Native CI/CD
Event: push
Status: completed
Conclusion: failure
Branch: feature/risk-analysis
Jobs created: 1
Duration seconds: 313

Job: build
Job status: completed
Job conclusion: failure
Runner: GitHub Actions 1828749281
Steps:
- Set up job: success
- Checkout repository: success
- Setup Java 21: success
- Resolve Maven dependencies: success
- Compile application: success
- Run Unit Tests: success
- Run Integration Tests: success
- Build Docker Image: failure
- Deploy to Staging: skipped
- Application Health Check: skipped
- Upload diagnostic reports: success
- Post Setup Java 21: success
- Post Checkout repository: success
- Complete job: success

Error: Docker build failed because base image was not found
Process completed with exit code 1
Workflow result: pipeline failed
Deployment recommendation: stop deployment","HIGH"
"Workflow run ID: 80000000155
Workflow: Maven Build Pipeline
Event: push
Status: completed
Conclusion: success
Branch: feature/risk-analysis
Jobs created: 1
Duration seconds: 335

Job: build
Job status: completed
Job conclusion: success
Runner: GitHub Actions 1736811102
Steps:
- Set up job: success
- Checkout repository: success
- Setup Java 21: success
- Build Project: success
- Run Unit Tests: success
- Code coverage below threshold manual review required: success
- Build Docker Image: success
- Post Setup Java 21: success
- Post Checkout repository: success
- Complete job: success

Warning: Code coverage below threshold manual review required
Workflow result: completed successfully with non-critical warnings
Deployment recommendation: manual review required","MEDIUM"
"Workflow run ID: 70000000114
Workflow: Spring Boot CI
Event: pull_request
Status: completed
Conclusion: success
Branch: release
Jobs created: 1
Duration seconds: 138

Job: build
Job status: completed
Job conclusion: success
Runner: GitHub Actions 1741501908
Steps:
- Set up job: success
- Checkout repository: success
- Setup Java 21: success
- Build Project: success
- Run Unit Tests: success
- Code Coverage Check: success
- Package Application: success
- Post Setup Java 21: success
- Post Checkout repository: success
- Complete job: success

Workflow result: all required stages completed successfully
Deployment recommendation: proceed","LOW"
"Workflow run ID: 70000000090
Workflow: Maven Build Pipeline
Event: pull_request
Status: completed
Conclusion: success
Branch: feature/risk-analysis
Jobs created: 1
Duration seconds: 167

Job: build
Job status: completed
Job conclusion: success
Runner: GitHub Actions 1124518116
Steps:
- Set up job: success
- Checkout repository: success
- Setup Java 21: success
- Compile application: success
- Run Unit Tests: success
- Run Integration Tests: success
- Build Docker Image: success
- Post Setup Java 21: success
- Post Checkout repository: success
- Complete job: success

Workflow result: all required stages completed successfully
Deployment recommendation: proceed","LOW"
"Workflow run ID: 90000000043
Workflow: Cloud Native CI/CD
Event: workflow_dispatch
Status: completed
Conclusion: failure
Branch: hotfix/build-fix
Jobs created: 1
Duration seconds: 333

Job: build
Job status: completed
Job conclusion: failure
Runner: GitHub Actions 1443417546
Steps:
- Set up job: success
- Checkout repository: success
- Setup Java 21: success
- Resolve Maven dependencies: success
- Compile application: success
- Run Unit Tests: failure
- Run Integration Tests: skipped
- Build Docker Image: skipped
- Deploy to Staging: skipped
- Application Health Check: skipped
- Upload diagnostic reports: success
- Post Setup Java 21: success
- Post Checkout repository: success
- Complete job: success

Error: Unit tests failed with assertion errors
Process completed with exit code 1
Workflow result: pipeline failed
Deployment recommendation: stop deployment","HIGH"
"Workflow run ID: 80000000198
Workflow: Maven Build Pipeline
Event: workflow_dispatch
Status: completed
Conclusion: success
Branch: feature/risk-analysis
Jobs created: 1
Duration seconds: 489

Job: build
Job status: completed
Job conclusion: success
Runner: GitHub Actions 1891651674
Steps:
- Set up job: success
- Checkout repository: success
- Setup Java 21: success
- Build Project: success
- Run Unit Tests: success
- Memory usage warning detected during compilation: success
- Deploy to Staging: success
- Post Setup Java 21: success
- Post Checkout repository: success
- Complete job: success

Warning: Memory usage warning detected during compilation
Workflow result: completed successfully with non-critical warnings
Deployment recommendation: manual review required","MEDIUM"
"Workflow run ID: 70000000156
Workflow: Kubernetes Deployment Pipeline
Event: pull_request
Status: completed
Conclusion: success
Branch: release
Jobs created: 1
Duration seconds: 199

Job: build
Job status: completed
Job conclusion: success
Runner: GitHub Actions 1785125855
Steps:
- Set up job: success
- Checkout repository: success
- Setup Java 21: success
- Compile application: success
- Run Unit Tests: success
- Run Integration Tests: success
- Build Docker Image: success
- Post Setup Java 21: success
- Post Checkout repository: success
- Complete job: success

Workflow result: all required stages completed successfully
Deployment recommendation: proceed","LOW"
"Workflow run ID: 90000000261
Workflow: Spring Boot CI
Event: push
Status: completed
Conclusion: failure
Branch: develop
Jobs created: 1
Duration seconds: 359

Job: build
Job status: completed
Job conclusion: failure
Runner: GitHub Actions 1268349419
Steps:
- Set up job: success
- Checkout repository: success
- Setup Java 21: success
- Resolve Maven dependencies: success
- Compile application: success
- Run Unit Tests: success
- Run Integration Tests: success
- Build Docker Image: failure
- Deploy to Staging: skipped
- Application Health Check: skipped
- Upload diagnostic reports: success
- Post Setup Java 21: success
- Post Checkout repository: success
- Complete job: success

Error: Docker build failed because base image was not found
Process completed with exit code 1
Workflow result: pipeline failed
Deployment recommendation: stop deployment","HIGH"
"Workflow run ID: 70000000139
Workflow: Maven Build Pipeline
Event: push
Status: completed
Conclusion: success
Branch: develop
Jobs created: 1
Duration seconds: 225

Job: build
Job status: completed
Job conclusion: success
Runner: GitHub Actions 1625983214
Steps:
- Set up job: success
- Checkout repository: success
- Setup Java 21: success
- Maven Build: success
- Run Unit Tests: success
- SonarQube Analysis: success
- Complete Build: success
- Post Setup Java 21: success
- Post Checkout repository: success
- Complete job: success

Workflow result: all required stages completed successfully
Deployment recommendation: proceed","LOW"
"Workflow run ID: 90000000169
Workflow: Cloud Native CI/CD
Event: pull_request
Status: completed
Conclusion: failure
Branch: feature/risk-analysis
Jobs created: 1
Duration seconds: 132

Job: build
Job status: completed
Job conclusion: failure
Runner: GitHub Actions 1875558419
Steps:
- Set up job: success
- Checkout repository: success
- Setup Java 21: success
- Resolve Maven dependencies: success
- Compile application: success
- Run Unit Tests: success
- Run Integration Tests: success
- Build Docker Image: failure
- Deploy to Staging: skipped
- Application Health Check: skipped
- Upload diagnostic reports: success
- Post Setup Java 21: success
- Post Checkout repository: success
- Complete job: success

Error: Docker build failed because base image was not found
Process completed with exit code 1
Workflow result: pipeline failed
Deployment recommendation: stop deployment","HIGH"
"Workflow run ID: 90000000005
Workflow: Docker Build and Deploy
Event: push
Status: completed
Conclusion: failure
Branch: release
Jobs created: 1
Duration seconds: 158

Job: build
Job status: completed
Job conclusion: failure
Runner: GitHub Actions 1388339987
Steps:
- Set up job: success
- Checkout repository: success
- Setup Java 21: success
- Resolve Maven dependencies: success
- Compile application: success
- Run Unit Tests: success
- Run Integration Tests: success
- Build Docker Image: success
- Deploy to Staging: success
- Application Health Check: success
- Security Scan: failure
- Upload diagnostic reports: success
- Post Setup Java 21: success
- Post Checkout repository: success
- Complete job: success

Error: Critical vulnerabilities detected deployment blocked
Process completed with exit code 1
Workflow result: pipeline failed
Deployment recommendation: stop deployment","HIGH"
"Workflow run ID: 90000000103
Workflow: Docker Build and Deploy
Event: pull_request
Status: completed
Conclusion: failure
Branch: hotfix/build-fix
Jobs created: 1
Duration seconds: 142

Job: build
Job status: completed
Job conclusion: failure
Runner: GitHub Actions 1278976387
Steps:
- Set up job: success
- Checkout repository: success
- Setup Java 21: success
- Resolve Maven dependencies: success
- Compile application: success
- Run Unit Tests: failure
- Run Integration Tests: skipped
- Build Docker Image: skipped
- Deploy to Staging: skipped
- Application Health Check: skipped
- Upload diagnostic reports: success
- Post Setup Java 21: success
- Post Checkout repository: success
- Complete job: success

Error: Unit tests failed with assertion errors
Process completed with exit code 1
Workflow result: pipeline failed
Deployment recommendation: stop deployment","HIGH"
"Workflow run ID: 90000000189
Workflow: Spring Boot CI
Event: pull_request
Status: completed
Conclusion: failure
Branch: develop
Jobs created: 1
Duration seconds: 311

Job: build
Job status: completed
Job conclusion: failure
Runner: GitHub Actions 1958607977
Steps:
- Set up job: success
- Checkout repository: success
- Setup Java 21: success
- Resolve Maven dependencies: success
- Compile application: success
- Run Unit Tests: success
- Run Integration Tests: success
- Build Docker Image: failure
- Deploy to Staging: skipped
- Application Health Check: skipped
- Upload diagnostic reports: success
- Post Setup Java 21: success
- Post Checkout repository: success
- Complete job: success

Error: Docker build failed because base image was not found
Process completed with exit code 1
Workflow result: pipeline failed
Deployment recommendation: stop deployment","HIGH"
"Workflow run ID: 90000000192
Workflow: Java CI Build
Event: push
Status: completed
Conclusion: failure
Branch: release
Jobs created: 1
Duration seconds: 93

Job: build
Job status: completed
Job conclusion: failure
Runner: GitHub Actions 1102059306
Steps:
- Set up job: success
- Checkout repository: success
- Setup Java 21: success
- Resolve Maven dependencies: success
- Compile application: success
- Run Unit Tests: success
- Run Integration Tests: success
- Build Docker Image: failure
- Deploy to Staging: skipped
- Application Health Check: skipped
- Upload diagnostic reports: success
- Post Setup Java 21: success
- Post Checkout repository: success
- Complete job: success

Error: Docker build failed because base image was not found
Process completed with exit code 1
Workflow result: pipeline failed
Deployment recommendation: stop deployment","HIGH"
"Workflow run ID: 80000000156
Workflow: Docker Build and Deploy
Event: pull_request
Status: completed
Conclusion: success
Branch: hotfix/build-fix
Jobs created: 1
Duration seconds: 618

Job: build
Job status: completed
Job conclusion: success
Runner: GitHub Actions 1101679398
Steps:
- Set up job: success
- Checkout repository: success
- Setup Java 21: success
- Build Project: success
- Run Unit Tests: success
- Memory usage warning detected during compilation: success
- Package Application: success
- Post Setup Java 21: success
- Post Checkout repository: success
- Complete job: success

Warning: Memory usage warning detected during compilation
Workflow result: completed successfully with non-critical warnings
Deployment recommendation: manual review required","MEDIUM"
"Workflow run ID: 90000000056
Workflow: Cloud Native CI/CD
Event: pull_request
Status: completed
Conclusion: failure
Branch: hotfix/build-fix
Jobs created: 1
Duration seconds: 20

Job: build
Job status: completed
Job conclusion: failure
Runner: GitHub Actions 1330638412
Steps:
- Set up job: success
- Checkout repository: success
- Setup Java 21: success
- Resolve Maven dependencies: success
- Compile application: failure
- Run Unit Tests: skipped
- Run Integration Tests: skipped
- Build Docker Image: skipped
- Deploy to Staging: skipped
- Application Health Check: skipped
- Upload diagnostic reports: success
- Post Setup Java 21: success
- Post Checkout repository: success
- Complete job: success

Error: Compilation failed because symbol could not be resolved
Process completed with exit code 1
Workflow result: pipeline failed
Deployment recommendation: stop deployment","HIGH"
"Workflow run ID: 90000000072
Workflow: Spring Boot CI
Event: pull_request
Status: completed
Conclusion: failure
Branch: release
Jobs created: 1
Duration seconds: 291

Job: build
Job status: completed
Job conclusion: failure
Runner: GitHub Actions 1670687171
Steps:
- Set up job: success
- Checkout repository: success
- Setup Java 21: success
- Resolve Maven dependencies: success
- Compile application: success
- Run Unit Tests: success
- Run Integration Tests: success
- Build Docker Image: success
- Deploy to Staging: failure
- Application Health Check: skipped
- Upload diagnostic reports: success
- Post Setup Java 21: success
- Post Checkout repository: success
- Complete job: success

Error: Deployment failed because service was unavailable
Process completed with exit code 1
Workflow result: pipeline failed
Deployment recommendation: stop deployment","HIGH"
"Workflow run ID: 90000000125
Workflow: Maven Build Pipeline
Event: pull_request
Status: completed
Conclusion: failure
Branch: release
Jobs created: 1
Duration seconds: 169

Job: build
Job status: completed
Job conclusion: failure
Runner: GitHub Actions 1908096477
Steps:
- Set up job: success
- Checkout repository: success
- Setup Java 21: success
- Resolve Maven dependencies: success
- Compile application: success
- Run Unit Tests: success
- Run Integration Tests: success
- Build Docker Image: success
- Deploy to Staging: success
- Application Health Check: success
- Kubernetes Deployment: failure
- Upload diagnostic reports: success
- Post Setup Java 21: success
- Post Checkout repository: success
- Complete job: success

Error: Kubernetes deployment failed with ImagePullBackOff
Process completed with exit code 1
Workflow result: pipeline failed
Deployment recommendation: stop deployment","HIGH"
"Workflow run ID: 70000000269
Workflow: Docker Build and Deploy
Event: push
Status: completed
Conclusion: success
Branch: feature/risk-analysis
Jobs created: 1
Duration seconds: 118

Job: build
Job status: completed
Job conclusion: success
Runner: GitHub Actions 1548306035
Steps:
- Set up job: success
- Checkout repository: success
- Setup Java 21: success
- Compile application: success
- Run Unit Tests: success
- Run Integration Tests: success
- Build Docker Image: success
- Post Setup Java 21: success
- Post Checkout repository: success
- Complete job: success

Workflow result: all required stages completed successfully
Deployment recommendation: proceed","LOW"
"Workflow run ID: 80000000070
Workflow: Kubernetes Deployment Pipeline
Event: push
Status: completed
Conclusion: success
Branch: feature/risk-analysis
Jobs created: 1
Duration seconds: 164

Job: build
Job status: completed
Job conclusion: success
Runner: GitHub Actions 1868961204
Steps:
- Set up job: success
- Checkout repository: success
- Setup Java 21: success
- Build Project: success
- Run Unit Tests: success
- Minor configuration warning detected during deployment: success
- Deploy to Staging: success
- Post Setup Java 21: success
- Post Checkout repository: success
- Complete job: success

Warning: Minor configuration warning detected during deployment
Workflow result: completed successfully with non-critical warnings
Deployment recommendation: manual review required","MEDIUM"
"Workflow run ID: 80000000007
Workflow: Java CI Build
Event: pull_request
Status: completed
Conclusion: success
Branch: release
Jobs created: 1
Duration seconds: 107

Job: build
Job status: completed
Job conclusion: success
Runner: GitHub Actions 1562291660
Steps:
- Set up job: success
- Checkout repository: success
- Setup Java 21: success
- Build Project: success
- Run Unit Tests: success
- Memory usage warning detected during compilation: success
- Deploy to Staging: success
- Post Setup Java 21: success
- Post Checkout repository: success
- Complete job: success

Warning: Memory usage warning detected during compilation
Workflow result: completed successfully with non-critical warnings
Deployment recommendation: manual review required","MEDIUM"
"Workflow run ID: 90000000240
Workflow: Docker Build and Deploy
Event: workflow_dispatch
Status: completed
Conclusion: failure
Branch: release
Jobs created: 1
Duration seconds: 97

Job: build
Job status: completed
Job conclusion: failure
Runner: GitHub Actions 1810732739
Steps:
- Set up job: success
- Checkout repository: success
- Setup Java 21: success
- Resolve Maven dependencies: success
- Compile application: success
- Run Unit Tests: success
- Run Integration Tests: success
- Build Docker Image: success
- Deploy to Staging: success
- Application Health Check: success
- Kubernetes Deployment: failure
- Upload diagnostic reports: success
- Post Setup Java 21: success
- Post Checkout repository: success
- Complete job: success

Error: Kubernetes deployment failed with ImagePullBackOff
Process completed with exit code 1
Workflow result: pipeline failed
Deployment recommendation: stop deployment","HIGH"
"Workflow run ID: 90000000265
Workflow: Java CI Build
Event: workflow_dispatch
Status: completed
Conclusion: failure
Branch: release
Jobs created: 1
Duration seconds: 60

Job: build
Job status: completed
Job conclusion: failure
Runner: GitHub Actions 1789017490
Steps:
- Set up job: success
- Checkout repository: success
- Setup Java 21: success
- Resolve Maven dependencies: success
- Compile application: success
- Run Unit Tests: success
- Run Integration Tests: success
- Build Docker Image: success
- Deploy to Staging: failure
- Application Health Check: skipped
- Upload diagnostic reports: success
- Post Setup Java 21: success
- Post Checkout repository: success
- Complete job: success

Error: Deployment failed because service was unavailable
Process completed with exit code 1
Workflow result: pipeline failed
Deployment recommendation: stop deployment","HIGH"
"Workflow run ID: 90000000091
Workflow: Spring Boot CI
Event: pull_request
Status: completed
Conclusion: failure
Branch: feature/risk-analysis
Jobs created: 1
Duration seconds: 366

Job: build
Job status: completed
Job conclusion: failure
Runner: GitHub Actions 1602541824
Steps:
- Set up job: success
- Checkout repository: success
- Setup Java 21: success
- Resolve Maven dependencies: success
- Compile application: success
- Run Unit Tests: success
- Run Integration Tests: success
- Build Docker Image: success
- Deploy to Staging: success
- Application Health Check: failure
- Upload diagnostic reports: success
- Post Setup Java 21: success
- Post Checkout repository: success
- Complete job: success

Error: Health check failed after deployment
Process completed with exit code 1
Workflow result: pipeline failed
Deployment recommendation: stop deployment","HIGH"
"Workflow run ID: 80000000138
Workflow: Spring Boot CI
Event: workflow_dispatch
Status: completed
Conclusion: success
Branch: feature/risk-analysis
Jobs created: 1
Duration seconds: 217

Job: build
Job status: completed
Job conclusion: success
Runner: GitHub Actions 1381145898
Steps:
- Set up job: success
- Checkout repository: success
- Setup Java 21: success
- Build Project: success
- Run Unit Tests: success
- Memory usage warning detected during compilation: success
- Package Application: success
- Post Setup Java 21: success
- Post Checkout repository: success
- Complete job: success

Warning: Memory usage warning detected during compilation
Workflow result: completed successfully with non-critical warnings
Deployment recommendation: manual review required","MEDIUM"
"Workflow run ID: 70000000253
Workflow: Kubernetes Deployment Pipeline
Event: pull_request
Status: completed
Conclusion: success
Branch: feature/risk-analysis
Jobs created: 1
Duration seconds: 458

Job: build
Job status: completed
Job conclusion: success
Runner: GitHub Actions 1432229778
Steps:
- Set up job: success
- Checkout repository: success
- Setup Java 21: success
- Compile application: success
- Run Unit Tests: success
- Run Integration Tests: success
- Build Docker Image: success
- Post Setup Java 21: success
- Post Checkout repository: success
- Complete job: success

Workflow result: all required stages completed successfully
Deployment recommendation: proceed","LOW"
"Workflow run ID: 70000000158
Workflow: Maven Build Pipeline
Event: workflow_dispatch
Status: completed
Conclusion: success
Branch: main
Jobs created: 1
Duration seconds: 216

Job: build
Job status: completed
Job conclusion: success
Runner: GitHub Actions 1696701170
Steps:
- Set up job: success
- Checkout repository: success
- Setup Java 21: success
- Build Project: success
- Dependency Scan: success
- Security Scan: success
- Publish Artifact: success
- Post Setup Java 21: success
- Post Checkout repository: success
- Complete job: success

Workflow result: all required stages completed successfully
Deployment recommendation: proceed","LOW"
"Workflow run ID: 80000000331
Workflow: Kubernetes Deployment Pipeline
Event: workflow_dispatch
Status: completed
Conclusion: success
Branch: hotfix/build-fix
Jobs created: 1
Duration seconds: 122

Job: build
Job status: completed
Job conclusion: success
Runner: GitHub Actions 1154466785
Steps:
- Set up job: success
- Checkout repository: success
- Setup Java 21: success
- Build Project: success
- Run Unit Tests: success
- Build duration above expected threshold performance review required: success
- Build Docker Image: success
- Post Setup Java 21: success
- Post Checkout repository: success
- Complete job: success

Warning: Build duration above expected threshold performance review required
Workflow result: completed successfully with non-critical warnings
Deployment recommendation: manual review required","MEDIUM"
"Workflow run ID: 70000000165
Workflow: Cloud Native CI/CD
Event: workflow_dispatch
Status: completed
Conclusion: success
Branch: main
Jobs created: 1
Duration seconds: 443

Job: build
Job status: completed
Job conclusion: success
Runner: GitHub Actions 1761289288
Steps:
- Set up job: success
- Checkout repository: success
- Setup Java 21: success
- Compile application: success
- Run Unit Tests: success
- Run Integration Tests: success
- Build Docker Image: success
- Post Setup Java 21: success
- Post Checkout repository: success
- Complete job: success

Workflow result: all required stages completed successfully
Deployment recommendation: proceed","LOW"
"Workflow run ID: 90000000045
Workflow: Docker Build and Deploy
Event: pull_request
Status: completed
Conclusion: failure
Branch: feature/risk-analysis
Jobs created: 1
Duration seconds: 234

Job: build
Job status: completed
Job conclusion: failure
Runner: GitHub Actions 1864629015
Steps:
- Set up job: success
- Checkout repository: success
- Setup Java 21: success
- Resolve Maven dependencies: success
- Compile application: success
- Run Unit Tests: success
- Run Integration Tests: success
- Build Docker Image: success
- Deploy to Staging: success
- Application Health Check: success
- Security Scan: failure
- Upload diagnostic reports: success
- Post Setup Java 21: success
- Post Checkout repository: success
- Complete job: success

Error: Critical vulnerabilities detected deployment blocked
Process completed with exit code 1
Workflow result: pipeline failed
Deployment recommendation: stop deployment","HIGH"
"Workflow run ID: 90000000302
Workflow: Maven Build Pipeline
Event: pull_request
Status: completed
Conclusion: failure
Branch: feature/risk-analysis
Jobs created: 1
Duration seconds: 367

Job: build
Job status: completed
Job conclusion: failure
Runner: GitHub Actions 1923974669
Steps:
- Set up job: success
- Checkout repository: success
- Setup Java 21: success
- Resolve Maven dependencies: success
- Compile application: success
- Run Unit Tests: success
- Run Integration Tests: success
- Build Docker Image: success
- Deploy to Staging: success
- Application Health Check: success
- Database Migration: failure
- Upload diagnostic reports: success
- Post Setup Java 21: success
- Post Checkout repository: success
- Complete job: success

Error: Database migration failed and deployment was stopped
Process completed with exit code 1
Workflow result: pipeline failed
Deployment recommendation: stop deployment","HIGH"
"Workflow run ID: 80000000182
Workflow: Docker Build and Deploy
Event: workflow_dispatch
Status: completed
Conclusion: success
Branch: hotfix/build-fix
Jobs created: 1
Duration seconds: 320

Job: build
Job status: completed
Job conclusion: success
Runner: GitHub Actions 1022262943
Steps:
- Set up job: success
- Checkout repository: success
- Setup Java 21: success
- Build Project: success
- Run Unit Tests: success
- Memory usage warning detected during compilation: success
- Deploy to Staging: success
- Post Setup Java 21: success
- Post Checkout repository: success
- Complete job: success

Warning: Memory usage warning detected during compilation
Workflow result: completed successfully with non-critical warnings
Deployment recommendation: manual review required","MEDIUM"
"Workflow run ID: 90000000171
Workflow: Maven Build Pipeline
Event: workflow_dispatch
Status: completed
Conclusion: failure
Branch: feature/risk-analysis
Jobs created: 1
Duration seconds: 270

Job: build
Job status: completed
Job conclusion: failure
Runner: GitHub Actions 1604482681
Steps:
- Set up job: success
- Checkout repository: success
- Setup Java 21: success
- Resolve Maven dependencies: success
- Compile application: failure
- Run Unit Tests: skipped
- Run Integration Tests: skipped
- Build Docker Image: skipped
- Deploy to Staging: skipped
- Application Health Check: skipped
- Upload diagnostic reports: success
- Post Setup Java 21: success
- Post Checkout repository: success
- Complete job: success

Error: Compilation failed because symbol could not be resolved
Process completed with exit code 1
Workflow result: pipeline failed
Deployment recommendation: stop deployment","HIGH"
"Workflow run ID: 90000000033
Workflow: Docker Build and Deploy
Event: push
Status: completed
Conclusion: failure
Branch: feature/risk-analysis
Jobs created: 1
Duration seconds: 270

Job: build
Job status: completed
Job conclusion: failure
Runner: GitHub Actions 1457839371
Steps:
- Set up job: success
- Checkout repository: success
- Setup Java 21: success
- Resolve Maven dependencies: success
- Compile application: success
- Run Unit Tests: success
- Run Integration Tests: success
- Build Docker Image: success
- Deploy to Staging: success
- Application Health Check: failure
- Upload diagnostic reports: success
- Post Setup Java 21: success
- Post Checkout repository: success
- Complete job: success

Error: Health check failed after deployment
Process completed with exit code 1
Workflow result: pipeline failed
Deployment recommendation: stop deployment","HIGH"
"Workflow run ID: 70000000217
Workflow: Spring Boot CI
Event: workflow_dispatch
Status: completed
Conclusion: success
Branch: hotfix/build-fix
Jobs created: 1
Duration seconds: 314

Job: build
Job status: completed
Job conclusion: success
Runner: GitHub Actions 1619152865
Steps:
- Set up job: success
- Checkout repository: success
- Setup Java 21: success
- Build Project: success
- Run Unit Tests: success
- Code Coverage Check: success
- Package Application: success
- Post Setup Java 21: success
- Post Checkout repository: success
- Complete job: success

Workflow result: all required stages completed successfully
Deployment recommendation: proceed","LOW"
"Workflow run ID: 80000000322
Workflow: Java CI Build
Event: workflow_dispatch
Status: completed
Conclusion: success
Branch: main
Jobs created: 1
Duration seconds: 422

Job: build
Job status: completed
Job conclusion: success
Runner: GitHub Actions 1327038562
Steps:
- Set up job: success
- Checkout repository: success
- Setup Java 21: success
- Build Project: success
- Run Unit Tests: success
- Staging health check intermittent response detected: success
- Deploy to Staging: success
- Post Setup Java 21: success
- Post Checkout repository: success
- Complete job: success

Warning: Staging health check intermittent response detected
Workflow result: completed successfully with non-critical warnings
Deployment recommendation: manual review required","MEDIUM"
"Workflow run ID: 80000000058
Workflow: Kubernetes Deployment Pipeline
Event: pull_request
Status: completed
Conclusion: success
Branch: release
Jobs created: 1
Duration seconds: 223

Job: build
Job status: completed
Job conclusion: success
Runner: GitHub Actions 1073714757
Steps:
- Set up job: success
- Checkout repository: success
- Setup Java 21: success
- Build Project: success
- Run Unit Tests: success
- Memory usage warning detected during compilation: success
- Package Application: success
- Post Setup Java 21: success
- Post Checkout repository: success
- Complete job: success

Warning: Memory usage warning detected during compilation
Workflow result: completed successfully with non-critical warnings
Deployment recommendation: manual review required","MEDIUM"
"Workflow run ID: 70000000076
Workflow: Java CI Build
Event: workflow_dispatch
Status: completed
Conclusion: success
Branch: develop
Jobs created: 1
Duration seconds: 52

Job: build
Job status: completed
Job conclusion: success
Runner: GitHub Actions 1297773950
Steps:
- Set up job: success
- Checkout repository: success
- Setup Java 21: success
- Build Docker Image: success
- Push Docker Image: success
- Deploy to Staging: success
- Application Health Check: success
- Post Setup Java 21: success
- Post Checkout repository: success
- Complete job: success

Workflow result: all required stages completed successfully
Deployment recommendation: proceed","LOW"
"Workflow run ID: 80000000107
Workflow: Maven Build Pipeline
Event: workflow_dispatch
Status: completed
Conclusion: success
Branch: release
Jobs created: 1
Duration seconds: 191

Job: build
Job status: completed
Job conclusion: success
Runner: GitHub Actions 1102234860
Steps:
- Set up job: success
- Checkout repository: success
- Setup Java 21: success
- Build Project: success
- Run Unit Tests: success
- Staging health check intermittent response detected: success
- Package Application: success
- Post Setup Java 21: success
- Post Checkout repository: success
- Complete job: success

Warning: Staging health check intermittent response detected
Workflow result: completed successfully with non-critical warnings
Deployment recommendation: manual review required","MEDIUM"
"Workflow run ID: 70000000016
Workflow: Maven Build Pipeline
Event: push
Status: completed
Conclusion: success
Branch: feature/risk-analysis
Jobs created: 1
Duration seconds: 474

Job: build
Job status: completed
Job conclusion: success
Runner: GitHub Actions 1427380299
Steps:
- Set up job: success
- Checkout repository: success
- Setup Java 21: success
- Maven Build: success
- Run Unit Tests: success
- SonarQube Analysis: success
- Complete Build: success
- Post Setup Java 21: success
- Post Checkout repository: success
- Complete job: success

Workflow result: all required stages completed successfully
Deployment recommendation: proceed","LOW"
"Workflow run ID: 90000000197
Workflow: Maven Build Pipeline
Event: workflow_dispatch
Status: completed
Conclusion: failure
Branch: release
Jobs created: 1
Duration seconds: 145

Job: build
Job status: completed
Job conclusion: failure
Runner: GitHub Actions 1399762276
Steps:
- Set up job: success
- Checkout repository: success
- Setup Java 21: success
- Resolve Maven dependencies: success
- Compile application: success
- Run Unit Tests: failure
- Run Integration Tests: skipped
- Build Docker Image: skipped
- Deploy to Staging: skipped
- Application Health Check: skipped
- Upload diagnostic reports: success
- Post Setup Java 21: success
- Post Checkout repository: success
- Complete job: success

Error: Unit tests failed with assertion errors
Process completed with exit code 1
Workflow result: pipeline failed
Deployment recommendation: stop deployment","HIGH"
"Workflow run ID: 90000000237
Workflow: Spring Boot CI
Event: push
Status: completed
Conclusion: failure
Branch: feature/risk-analysis
Jobs created: 1
Duration seconds: 280

Job: build
Job status: completed
Job conclusion: failure
Runner: GitHub Actions 1414555145
Steps:
- Set up job: success
- Checkout repository: success
- Setup Java 21: success
- Resolve Maven dependencies: success
- Compile application: success
- Run Unit Tests: success
- Run Integration Tests: success
- Build Docker Image: success
- Deploy to Staging: success
- Application Health Check: success
- Database Migration: failure
- Upload diagnostic reports: success
- Post Setup Java 21: success
- Post Checkout repository: success
- Complete job: success

Error: Database migration failed and deployment was stopped
Process completed with exit code 1
Workflow result: pipeline failed
Deployment recommendation: stop deployment","HIGH"
"Workflow run ID: 80000000160
Workflow: Cloud Native CI/CD
Event: pull_request
Status: completed
Conclusion: success
Branch: feature/risk-analysis
Jobs created: 1
Duration seconds: 385

Job: build
Job status: completed
Job conclusion: success
Runner: GitHub Actions 1945540858
Steps:
- Set up job: success
- Checkout repository: success
- Setup Java 21: success
- Build Project: success
- Run Unit Tests: success
- Medium severity vulnerability detected review required: success
- Package Application: success
- Post Setup Java 21: success
- Post Checkout repository: success
- Complete job: success

Warning: Medium severity vulnerability detected review required
Workflow result: completed successfully with non-critical warnings
Deployment recommendation: manual review required","MEDIUM"
"Workflow run ID: 70000000161
Workflow: Kubernetes Deployment Pipeline
Event: pull_request
Status: completed
Conclusion: success
Branch: hotfix/build-fix
Jobs created: 1
Duration seconds: 438

Job: build
Job status: completed
Job conclusion: success
Runner: GitHub Actions 1482259708
Steps:
- Set up job: success
- Checkout repository: success
- Setup Java 21: success
- Maven Build: success
- Run Unit Tests: success
- SonarQube Analysis: success
- Complete Build: success
- Post Setup Java 21: success
- Post Checkout repository: success
- Complete job: success

Workflow result: all required stages completed successfully
Deployment recommendation: proceed","LOW"
"Workflow run ID: 70000000049
Workflow: Java CI Build
Event: push
Status: completed
Conclusion: success
Branch: main
Jobs created: 1
Duration seconds: 107

Job: build
Job status: completed
Job conclusion: success
Runner: GitHub Actions 1475400927
Steps:
- Set up job: success
- Checkout repository: success
- Setup Java 21: success
- Build Project: success
- Run Unit Tests: success
- Code Coverage Check: success
- Package Application: success
- Post Setup Java 21: success
- Post Checkout repository: success
- Complete job: success

Workflow result: all required stages completed successfully
Deployment recommendation: proceed","LOW"
"Workflow run ID: 70000000268
Workflow: Docker Build and Deploy
Event: push
Status: completed
Conclusion: success
Branch: develop
Jobs created: 1
Duration seconds: 164

Job: build
Job status: completed
Job conclusion: success
Runner: GitHub Actions 1826529374
Steps:
- Set up job: success
- Checkout repository: success
- Setup Java 21: success
- Build Project: success
- Run Unit Tests: success
- Code Coverage Check: success
- Package Application: success
- Post Setup Java 21: success
- Post Checkout repository: success
- Complete job: success

Workflow result: all required stages completed successfully
Deployment recommendation: proceed","LOW"
"Workflow run ID: 80000000163
Workflow: Maven Build Pipeline
Event: workflow_dispatch
Status: completed
Conclusion: success
Branch: hotfix/build-fix
Jobs created: 1
Duration seconds: 509

Job: build
Job status: completed
Job conclusion: success
Runner: GitHub Actions 1529775700
Steps:
- Set up job: success
- Checkout repository: success
- Setup Java 21: success
- Build Project: success
- Run Unit Tests: success
- Build duration above expected threshold performance review required: success
- Build Docker Image: success
- Post Setup Java 21: success
- Post Checkout repository: success
- Complete job: success

Warning: Build duration above expected threshold performance review required
Workflow result: completed successfully with non-critical warnings
Deployment recommendation: manual review required","MEDIUM"
"Workflow run ID: 90000000328
Workflow: Docker Build and Deploy
Event: push
Status: completed
Conclusion: failure
Branch: release
Jobs created: 1
Duration seconds: 57

Job: build
Job status: completed
Job conclusion: failure
Runner: GitHub Actions 1492378524
Steps:
- Set up job: success
- Checkout repository: success
- Setup Java 21: success
- Resolve Maven dependencies: success
- Compile application: success
- Run Unit Tests: success
- Run Integration Tests: success
- Build Docker Image: failure
- Deploy to Staging: skipped
- Application Health Check: skipped
- Upload diagnostic reports: success
- Post Setup Java 21: success
- Post Checkout repository: success
- Complete job: success

Error: Docker build failed because base image was not found
Process completed with exit code 1
Workflow result: pipeline failed
Deployment recommendation: stop deployment","HIGH"
"Workflow run ID: 90000000235
Workflow: Cloud Native CI/CD
Event: pull_request
Status: completed
Conclusion: failure
Branch: feature/risk-analysis
Jobs created: 1
Duration seconds: 246

Job: build
Job status: completed
Job conclusion: failure
Runner: GitHub Actions 1904680614
Steps:
- Set up job: success
- Checkout repository: success
- Setup Java 21: success
- Resolve Maven dependencies: success
- Compile application: success
- Run Unit Tests: success
- Run Integration Tests: success
- Build Docker Image: success
- Deploy to Staging: success
- Application Health Check: success
- Database Migration: failure
- Upload diagnostic reports: success
- Post Setup Java 21: success
- Post Checkout repository: success
- Complete job: success

Error: Database migration failed and deployment was stopped
Process completed with exit code 1
Workflow result: pipeline failed
Deployment recommendation: stop deployment","HIGH"
"Workflow run ID: 80000000255
Workflow: Spring Boot CI
Event: push
Status: completed
Conclusion: success
Branch: develop
Jobs created: 1
Duration seconds: 294

Job: build
Job status: completed
Job conclusion: success
Runner: GitHub Actions 1175292060
Steps:
- Set up job: success
- Checkout repository: success
- Setup Java 21: success
- Build Project: success
- Run Unit Tests: success
- Medium severity vulnerability detected review required: success
- Package Application: success
- Post Setup Java 21: success
- Post Checkout repository: success
- Complete job: success

Warning: Medium severity vulnerability detected review required
Workflow result: completed successfully with non-critical warnings
Deployment recommendation: manual review required","MEDIUM"
"Workflow run ID: 90000000203
Workflow: Maven Build Pipeline
Event: pull_request
Status: completed
Conclusion: failure
Branch: hotfix/build-fix
Jobs created: 1
Duration seconds: 119

Job: build
Job status: completed
Job conclusion: failure
Runner: GitHub Actions 1318489008
Steps:
- Set up job: success
- Checkout repository: success
- Setup Java 21: success
- Resolve Maven dependencies: success
- Compile application: success
- Run Unit Tests: success
- Run Integration Tests: success
- Build Docker Image: success
- Deploy to Staging: success
- Application Health Check: success
- Database Migration: failure
- Upload diagnostic reports: success
- Post Setup Java 21: success
- Post Checkout repository: success
- Complete job: success

Error: Database migration failed and deployment was stopped
Process completed with exit code 1
Workflow result: pipeline failed
Deployment recommendation: stop deployment","HIGH"
"Workflow run ID: 80000000122
Workflow: Docker Build and Deploy
Event: push
Status: completed
Conclusion: success
Branch: release
Jobs created: 1
Duration seconds: 129

Job: build
Job status: completed
Job conclusion: success
Runner: GitHub Actions 1868025585
Steps:
- Set up job: success
- Checkout repository: success
- Setup Java 21: success
- Build Project: success
- Run Unit Tests: success
- Medium severity vulnerability detected review required: success
- Package Application: success
- Post Setup Java 21: success
- Post Checkout repository: success
- Complete job: success

Warning: Medium severity vulnerability detected review required
Workflow result: completed successfully with non-critical warnings
Deployment recommendation: manual review required","MEDIUM"
"Workflow run ID: 80000000307
Workflow: Maven Build Pipeline
Event: workflow_dispatch
Status: completed
Conclusion: success
Branch: develop
Jobs created: 1
Duration seconds: 253

Job: build
Job status: completed
Job conclusion: success
Runner: GitHub Actions 1337734911
Steps:
- Set up job: success
- Checkout repository: success
- Setup Java 21: success
- Build Project: success
- Run Unit Tests: success
- Flaky tests detected retry passed manual review required: success
- Package Application: success
- Post Setup Java 21: success
- Post Checkout repository: success
- Complete job: success

Warning: Flaky tests detected retry passed manual review required
Workflow result: completed successfully with non-critical warnings
Deployment recommendation: manual review required","MEDIUM"
"Workflow run ID: 80000000071
Workflow: Spring Boot CI
Event: workflow_dispatch
Status: completed
Conclusion: success
Branch: feature/risk-analysis
Jobs created: 1
Duration seconds: 304

Job: build
Job status: completed
Job conclusion: success
Runner: GitHub Actions 1993585399
Steps:
- Set up job: success
- Checkout repository: success
- Setup Java 21: success
- Build Project: success
- Run Unit Tests: success
- Docker image size exceeded recommended limit: success
- Build Docker Image: success
- Post Setup Java 21: success
- Post Checkout repository: success
- Complete job: success

Warning: Docker image size exceeded recommended limit
Workflow result: completed successfully with non-critical warnings
Deployment recommendation: manual review required","MEDIUM"
"Workflow run ID: 70000000004
Workflow: Cloud Native CI/CD
Event: push
Status: completed
Conclusion: success
Branch: release
Jobs created: 1
Duration seconds: 437

Job: build
Job status: completed
Job conclusion: success
Runner: GitHub Actions 1556397282
Steps:
- Set up job: success
- Checkout repository: success
- Setup Java 21: success
- Compile application: success
- Run Unit Tests: success
- Run Integration Tests: success
- Build Docker Image: success
- Post Setup Java 21: success
- Post Checkout repository: success
- Complete job: success

Workflow result: all required stages completed successfully
Deployment recommendation: proceed","LOW"
"Workflow run ID: 80000000169
Workflow: Docker Build and Deploy
Event: push
Status: completed
Conclusion: success
Branch: develop
Jobs created: 1
Duration seconds: 105

Job: build
Job status: completed
Job conclusion: success
Runner: GitHub Actions 1664614229
Steps:
- Set up job: success
- Checkout repository: success
- Setup Java 21: success
- Build Project: success
- Run Unit Tests: success
- Docker image size exceeded recommended limit: success
- Build Docker Image: success
- Post Setup Java 21: success
- Post Checkout repository: success
- Complete job: success

Warning: Docker image size exceeded recommended limit
Workflow result: completed successfully with non-critical warnings
Deployment recommendation: manual review required","MEDIUM"
"Workflow run ID: 80000000036
Workflow: Maven Build Pipeline
Event: push
Status: completed
Conclusion: success
Branch: hotfix/build-fix
Jobs created: 1
Duration seconds: 461

Job: build
Job status: completed
Job conclusion: success
Runner: GitHub Actions 1487331559
Steps:
- Set up job: success
- Checkout repository: success
- Setup Java 21: success
- Build Project: success
- Run Unit Tests: success
- Build duration above expected threshold performance review required: success
- Package Application: success
- Post Setup Java 21: success
- Post Checkout repository: success
- Complete job: success

Warning: Build duration above expected threshold performance review required
Workflow result: completed successfully with non-critical warnings
Deployment recommendation: manual review required","MEDIUM"
"Workflow run ID: 70000000038
Workflow: Java CI Build
Event: pull_request
Status: completed
Conclusion: success
Branch: release
Jobs created: 1
Duration seconds: 482

Job: build
Job status: completed
Job conclusion: success
Runner: GitHub Actions 1542725166
Steps:
- Set up job: success
- Checkout repository: success
- Setup Java 21: success
- Compile application: success
- Run Unit Tests: success
- Run Integration Tests: success
- Build Docker Image: success
- Post Setup Java 21: success
- Post Checkout repository: success
- Complete job: success

Workflow result: all required stages completed successfully
Deployment recommendation: proceed","LOW"
"Workflow run ID: 80000000143
Workflow: Kubernetes Deployment Pipeline
Event: pull_request
Status: completed
Conclusion: success
Branch: main
Jobs created: 1
Duration seconds: 490

Job: build
Job status: completed
Job conclusion: success
Runner: GitHub Actions 1668137456
Steps:
- Set up job: success
- Checkout repository: success
- Setup Java 21: success
- Build Project: success
- Run Unit Tests: success
- Code coverage below threshold manual review required: success
- Deploy to Staging: success
- Post Setup Java 21: success
- Post Checkout repository: success
- Complete job: success

Warning: Code coverage below threshold manual review required
Workflow result: completed successfully with non-critical warnings
Deployment recommendation: manual review required","MEDIUM"
"Workflow run ID: 80000000153
Workflow: Spring Boot CI
Event: workflow_dispatch
Status: completed
Conclusion: success
Branch: develop
Jobs created: 1
Duration seconds: 436

Job: build
Job status: completed
Job conclusion: success
Runner: GitHub Actions 1398190484
Steps:
- Set up job: success
- Checkout repository: success
- Setup Java 21: success
- Build Project: success
- Run Unit Tests: success
- Manual deployment approval required: success
- Package Application: success
- Post Setup Java 21: success
- Post Checkout repository: success
- Complete job: success

Warning: Manual deployment approval required
Workflow result: completed successfully with non-critical warnings
Deployment recommendation: manual review required","MEDIUM"
"Workflow run ID: 80000000174
Workflow: Java CI Build
Event: workflow_dispatch
Status: completed
Conclusion: success
Branch: hotfix/build-fix
Jobs created: 1
Duration seconds: 229

Job: build
Job status: completed
Job conclusion: success
Runner: GitHub Actions 1395875268
Steps:
- Set up job: success
- Checkout repository: success
- Setup Java 21: success
- Build Project: success
- Run Unit Tests: success
- Docker image size exceeded recommended limit: success
- Deploy to Staging: success
- Post Setup Java 21: success
- Post Checkout repository: success
- Complete job: success

Warning: Docker image size exceeded recommended limit
Workflow result: completed successfully with non-critical warnings
Deployment recommendation: manual review required","MEDIUM"
"Workflow run ID: 70000000035
Workflow: Docker Build and Deploy
Event: push
Status: completed
Conclusion: success
Branch: release
Jobs created: 1
Duration seconds: 73

Job: build
Job status: completed
Job conclusion: success
Runner: GitHub Actions 1358371979
Steps:
- Set up job: success
- Checkout repository: success
- Setup Java 21: success
- Build Docker Image: success
- Push Docker Image: success
- Deploy to Staging: success
- Application Health Check: success
- Post Setup Java 21: success
- Post Checkout repository: success
- Complete job: success

Workflow result: all required stages completed successfully
Deployment recommendation: proceed","LOW"
"Workflow run ID: 70000000298
Workflow: Docker Build and Deploy
Event: pull_request
Status: completed
Conclusion: success
Branch: develop
Jobs created: 1
Duration seconds: 453

Job: build
Job status: completed
Job conclusion: success
Runner: GitHub Actions 1471822082
Steps:
- Set up job: success
- Checkout repository: success
- Setup Java 21: success
- Build Docker Image: success
- Push Docker Image: success
- Deploy to Staging: success
- Application Health Check: success
- Post Setup Java 21: success
- Post Checkout repository: success
- Complete job: success

Workflow result: all required stages completed successfully
Deployment recommendation: proceed","LOW"
"Workflow run ID: 70000000012
Workflow: Cloud Native CI/CD
Event: workflow_dispatch
Status: completed
Conclusion: success
Branch: release
Jobs created: 1
Duration seconds: 404

Job: build
Job status: completed
Job conclusion: success
Runner: GitHub Actions 1465270049
Steps:
- Set up job: success
- Checkout repository: success
- Setup Java 21: success
- Build Project: success
- Run Unit Tests: success
- Code Coverage Check: success
- Package Application: success
- Post Setup Java 21: success
- Post Checkout repository: success
- Complete job: success

Workflow result: all required stages completed successfully
Deployment recommendation: proceed","LOW"
"Workflow run ID: 90000000207
Workflow: Spring Boot CI
Event: pull_request
Status: completed
Conclusion: failure
Branch: main
Jobs created: 1
Duration seconds: 353

Job: build
Job status: completed
Job conclusion: failure
Runner: GitHub Actions 1241830900
Steps:
- Set up job: success
- Checkout repository: success
- Setup Java 21: success
- Resolve Maven dependencies: success
- Compile application: success
- Run Unit Tests: success
- Run Integration Tests: success
- Build Docker Image: failure
- Deploy to Staging: skipped
- Application Health Check: skipped
- Upload diagnostic reports: success
- Post Setup Java 21: success
- Post Checkout repository: success
- Complete job: success

Error: Docker build failed because base image was not found
Process completed with exit code 1
Workflow result: pipeline failed
Deployment recommendation: stop deployment","HIGH"
"Workflow run ID: 80000000316
Workflow: Kubernetes Deployment Pipeline
Event: push
Status: completed
Conclusion: success
Branch: feature/risk-analysis
Jobs created: 1
Duration seconds: 386

Job: build
Job status: completed
Job conclusion: success
Runner: GitHub Actions 1946944562
Steps:
- Set up job: success
- Checkout repository: success
- Setup Java 21: success
- Build Project: success
- Run Unit Tests: success
- Deprecated dependency detected upgrade recommended: success
- Deploy to Staging: success
- Post Setup Java 21: success
- Post Checkout repository: success
- Complete job: success

Warning: Deprecated dependency detected upgrade recommended
Workflow result: completed successfully with non-critical warnings
Deployment recommendation: manual review required","MEDIUM"
"Workflow run ID: 90000000219
Workflow: Docker Build and Deploy
Event: pull_request
Status: completed
Conclusion: failure
Branch: release
Jobs created: 1
Duration seconds: 211

Job: build
Job status: completed
Job conclusion: failure
Runner: GitHub Actions 1044786026
Steps:
- Set up job: success
- Checkout repository: success
- Setup Java 21: success
- Resolve Maven dependencies: success
- Compile application: success
- Run Unit Tests: success
- Run Integration Tests: failure
- Build Docker Image: skipped
- Deploy to Staging: skipped
- Application Health Check: skipped
- Upload diagnostic reports: success
- Post Setup Java 21: success
- Post Checkout repository: success
- Complete job: success

Error: Integration tests failed connection refused
Process completed with exit code 1
Workflow result: pipeline failed
Deployment recommendation: stop deployment","HIGH"
"Workflow run ID: 80000000312
Workflow: Maven Build Pipeline
Event: push
Status: completed
Conclusion: success
Branch: main
Jobs created: 1
Duration seconds: 101

Job: build
Job status: completed
Job conclusion: success
Runner: GitHub Actions 1745258857
Steps:
- Set up job: success
- Checkout repository: success
- Setup Java 21: success
- Build Project: success
- Run Unit Tests: success
- Manual deployment approval required: success
- Build Docker Image: success
- Post Setup Java 21: success
- Post Checkout repository: success
- Complete job: success

Warning: Manual deployment approval required
Workflow result: completed successfully with non-critical warnings
Deployment recommendation: manual review required","MEDIUM"
"Workflow run ID: 90000000177
Workflow: Kubernetes Deployment Pipeline
Event: push
Status: completed
Conclusion: failure
Branch: main
Jobs created: 1
Duration seconds: 361

Job: build
Job status: completed
Job conclusion: failure
Runner: GitHub Actions 1866865174
Steps:
- Set up job: success
- Checkout repository: success
- Setup Java 21: success
- Resolve Maven dependencies: success
- Compile application: success
- Run Unit Tests: failure
- Run Integration Tests: skipped
- Build Docker Image: skipped
- Deploy to Staging: skipped
- Application Health Check: skipped
- Upload diagnostic reports: success
- Post Setup Java 21: success
- Post Checkout repository: success
- Complete job: success

Error: Unit tests failed with assertion errors
Process completed with exit code 1
Workflow result: pipeline failed
Deployment recommendation: stop deployment","HIGH"
"Workflow run ID: 80000000148
Workflow: Java CI Build
Event: pull_request
Status: completed
Conclusion: success
Branch: develop
Jobs created: 1
Duration seconds: 476

Job: build
Job status: completed
Job conclusion: success
Runner: GitHub Actions 1353457777
Steps:
- Set up job: success
- Checkout repository: success
- Setup Java 21: success
- Build Project: success
- Run Unit Tests: success
- Code coverage below threshold manual review required: success
- Deploy to Staging: success
- Post Setup Java 21: success
- Post Checkout repository: success
- Complete job: success

Warning: Code coverage below threshold manual review required
Workflow result: completed successfully with non-critical warnings
Deployment recommendation: manual review required","MEDIUM"
"Workflow run ID: 80000000077
Workflow: Java CI Build
Event: push
Status: completed
Conclusion: success
Branch: develop
Jobs created: 1
Duration seconds: 447

Job: build
Job status: completed
Job conclusion: success
Runner: GitHub Actions 1376127006
Steps:
- Set up job: success
- Checkout repository: success
- Setup Java 21: success
- Build Project: success
- Run Unit Tests: success
- Manual deployment approval required: success
- Deploy to Staging: success
- Post Setup Java 21: success
- Post Checkout repository: success
- Complete job: success

Warning: Manual deployment approval required
Workflow result: completed successfully with non-critical warnings
Deployment recommendation: manual review required","MEDIUM"
"Workflow run ID: 90000000180
Workflow: Cloud Native CI/CD
Event: push
Status: completed
Conclusion: failure
Branch: develop
Jobs created: 1
Duration seconds: 295

Job: build
Job status: completed
Job conclusion: failure
Runner: GitHub Actions 1657248920
Steps:
- Set up job: success
- Checkout repository: success
- Setup Java 21: success
- Resolve Maven dependencies: success
- Compile application: success
- Run Unit Tests: failure
- Run Integration Tests: skipped
- Build Docker Image: skipped
- Deploy to Staging: skipped
- Application Health Check: skipped
- Upload diagnostic reports: success
- Post Setup Java 21: success
- Post Checkout repository: success
- Complete job: success

Error: Unit tests failed with assertion errors
Process completed with exit code 1
Workflow result: pipeline failed
Deployment recommendation: stop deployment","HIGH"
"Workflow run ID: 70000000328
Workflow: Java CI Build
Event: push
Status: completed
Conclusion: success
Branch: release
Jobs created: 1
Duration seconds: 115

Job: build
Job status: completed
Job conclusion: success
Runner: GitHub Actions 1522375840
Steps:
- Set up job: success
- Checkout repository: success
- Setup Java 21: success
- Compile application: success
- Run Unit Tests: success
- Run Integration Tests: success
- Build Docker Image: success
- Post Setup Java 21: success
- Post Checkout repository: success
- Complete job: success

Workflow result: all required stages completed successfully
Deployment recommendation: proceed","LOW"
"Workflow run ID: 70000000022
Workflow: Maven Build Pipeline
Event: workflow_dispatch
Status: completed
Conclusion: success
Branch: feature/risk-analysis
Jobs created: 1
Duration seconds: 185

Job: build
Job status: completed
Job conclusion: success
Runner: GitHub Actions 1704135600
Steps:
- Set up job: success
- Checkout repository: success
- Setup Java 21: success
- Build Project: success
- Run Unit Tests: success
- Code Coverage Check: success
- Package Application: success
- Post Setup Java 21: success
- Post Checkout repository: success
- Complete job: success

Workflow result: all required stages completed successfully
Deployment recommendation: proceed","LOW"
"Workflow run ID: 90000000116
Workflow: Spring Boot CI
Event: workflow_dispatch
Status: completed
Conclusion: failure
Branch: main
Jobs created: 1
Duration seconds: 397

Job: build
Job status: completed
Job conclusion: failure
Runner: GitHub Actions 1580926132
Steps:
- Set up job: success
- Checkout repository: success
- Setup Java 21: success
- Resolve Maven dependencies: success
- Compile application: success
- Run Unit Tests: success
- Run Integration Tests: success
- Build Docker Image: success
- Deploy to Staging: success
- Application Health Check: success
- Kubernetes Deployment: failure
- Upload diagnostic reports: success
- Post Setup Java 21: success
- Post Checkout repository: success
- Complete job: success

Error: Kubernetes deployment failed with ImagePullBackOff
Process completed with exit code 1
Workflow result: pipeline failed
Deployment recommendation: stop deployment","HIGH"
"Workflow run ID: 70000000095
Workflow: Docker Build and Deploy
Event: pull_request
Status: completed
Conclusion: success
Branch: develop
Jobs created: 1
Duration seconds: 502

Job: build
Job status: completed
Job conclusion: success
Runner: GitHub Actions 1381960887
Steps:
- Set up job: success
- Checkout repository: success
- Setup Java 21: success
- Compile application: success
- Run Unit Tests: success
- Run Integration Tests: success
- Build Docker Image: success
- Post Setup Java 21: success
- Post Checkout repository: success
- Complete job: success

Workflow result: all required stages completed successfully
Deployment recommendation: proceed","LOW"
"Workflow run ID: 90000000137
Workflow: Java CI Build
Event: workflow_dispatch
Status: completed
Conclusion: failure
Branch: release
Jobs created: 1
Duration seconds: 88

Job: build
Job status: completed
Job conclusion: failure
Runner: GitHub Actions 1367324803
Steps:
- Set up job: success
- Checkout repository: success
- Setup Java 21: success
- Resolve Maven dependencies: success
- Compile application: success
- Run Unit Tests: success
- Run Integration Tests: success
- Build Docker Image: success
- Deploy to Staging: failure
- Application Health Check: skipped
- Upload diagnostic reports: success
- Post Setup Java 21: success
- Post Checkout repository: success
- Complete job: success

Error: Deployment failed because service was unavailable
Process completed with exit code 1
Workflow result: pipeline failed
Deployment recommendation: stop deployment","HIGH"
"Workflow run ID: 90000000110
Workflow: Kubernetes Deployment Pipeline
Event: push
Status: completed
Conclusion: failure
Branch: release
Jobs created: 1
Duration seconds: 86

Job: build
Job status: completed
Job conclusion: failure
Runner: GitHub Actions 1428324042
Steps:
- Set up job: success
- Checkout repository: success
- Setup Java 21: success
- Resolve Maven dependencies: success
- Compile application: success
- Run Unit Tests: success
- Run Integration Tests: success
- Build Docker Image: success
- Deploy to Staging: success
- Application Health Check: success
- Database Migration: failure
- Upload diagnostic reports: success
- Post Setup Java 21: success
- Post Checkout repository: success
- Complete job: success

Error: Database migration failed and deployment was stopped
Process completed with exit code 1
Workflow result: pipeline failed
Deployment recommendation: stop deployment","HIGH"
"Workflow run ID: 80000000149
Workflow: Cloud Native CI/CD
Event: workflow_dispatch
Status: completed
Conclusion: success
Branch: release
Jobs created: 1
Duration seconds: 394

Job: build
Job status: completed
Job conclusion: success
Runner: GitHub Actions 1347405264
Steps:
- Set up job: success
- Checkout repository: success
- Setup Java 21: success
- Build Project: success
- Run Unit Tests: success
- Flaky tests detected retry passed manual review required: success
- Package Application: success
- Post Setup Java 21: success
- Post Checkout repository: success
- Complete job: success

Warning: Flaky tests detected retry passed manual review required
Workflow result: completed successfully with non-critical warnings
Deployment recommendation: manual review required","MEDIUM"
"Workflow run ID: 70000000037
Workflow: Java CI Build
Event: pull_request
Status: completed
Conclusion: success
Branch: feature/risk-analysis
Jobs created: 1
Duration seconds: 143

Job: build
Job status: completed
Job conclusion: success
Runner: GitHub Actions 1436508141
Steps:
- Set up job: success
- Checkout repository: success
- Setup Java 21: success
- Maven Build: success
- Run Unit Tests: success
- SonarQube Analysis: success
- Complete Build: success
- Post Setup Java 21: success
- Post Checkout repository: success
- Complete job: success

Workflow result: all required stages completed successfully
Deployment recommendation: proceed","LOW"
"Workflow run ID: 70000000014
Workflow: Spring Boot CI
Event: workflow_dispatch
Status: completed
Conclusion: success
Branch: hotfix/build-fix
Jobs created: 1
Duration seconds: 315

Job: build
Job status: completed
Job conclusion: success
Runner: GitHub Actions 1979082890
Steps:
- Set up job: success
- Checkout repository: success
- Setup Java 21: success
- Build Docker Image: success
- Push Docker Image: success
- Deploy to Staging: success
- Application Health Check: success
- Post Setup Java 21: success
- Post Checkout repository: success
- Complete job: success

Workflow result: all required stages completed successfully
Deployment recommendation: proceed","LOW"
"Workflow run ID: 90000000281
Workflow: Cloud Native CI/CD
Event: workflow_dispatch
Status: completed
Conclusion: failure
Branch: main
Jobs created: 1
Duration seconds: 199

Job: build
Job status: completed
Job conclusion: failure
Runner: GitHub Actions 1682708838
Steps:
- Set up job: success
- Checkout repository: success
- Setup Java 21: success
- Resolve Maven dependencies: failure
- Compile application: skipped
- Run Unit Tests: skipped
- Run Integration Tests: skipped
- Build Docker Image: skipped
- Deploy to Staging: skipped
- Application Health Check: skipped
- Upload diagnostic reports: success
- Post Setup Java 21: success
- Post Checkout repository: success
- Complete job: success

Error: Maven build failed due to unresolved dependency
Process completed with exit code 1
Workflow result: pipeline failed
Deployment recommendation: stop deployment","HIGH"
"Workflow run ID: 90000000163
Workflow: Docker Build and Deploy
Event: pull_request
Status: completed
Conclusion: failure
Branch: main
Jobs created: 1
Duration seconds: 159

Job: build
Job status: completed
Job conclusion: failure
Runner: GitHub Actions 1697032478
Steps:
- Set up job: success
- Checkout repository: success
- Setup Java 21: success
- Resolve Maven dependencies: failure
- Compile application: skipped
- Run Unit Tests: skipped
- Run Integration Tests: skipped
- Build Docker Image: skipped
- Deploy to Staging: skipped
- Application Health Check: skipped
- Upload diagnostic reports: success
- Post Setup Java 21: success
- Post Checkout repository: success
- Complete job: success

Error: Maven build failed due to unresolved dependency
Process completed with exit code 1
Workflow result: pipeline failed
Deployment recommendation: stop deployment","HIGH"
"Workflow run ID: 80000000131
Workflow: Kubernetes Deployment Pipeline
Event: push
Status: completed
Conclusion: success
Branch: release
Jobs created: 1
Duration seconds: 267

Job: build
Job status: completed
Job conclusion: success
Runner: GitHub Actions 1492122802
Steps:
- Set up job: success
- Checkout repository: success
- Setup Java 21: success
- Build Project: success
- Run Unit Tests: success
- Staging health check intermittent response detected: success
- Deploy to Staging: success
- Post Setup Java 21: success
- Post Checkout repository: success
- Complete job: success

Warning: Staging health check intermittent response detected
Workflow result: completed successfully with non-critical warnings
Deployment recommendation: manual review required","MEDIUM"
"Workflow run ID: 80000000217
Workflow: Java CI Build
Event: workflow_dispatch
Status: completed
Conclusion: success
Branch: feature/risk-analysis
Jobs created: 1
Duration seconds: 319

Job: build
Job status: completed
Job conclusion: success
Runner: GitHub Actions 1983740344
Steps:
- Set up job: success
- Checkout repository: success
- Setup Java 21: success
- Build Project: success
- Run Unit Tests: success
- Build duration above expected threshold performance review required: success
- Deploy to Staging: success
- Post Setup Java 21: success
- Post Checkout repository: success
- Complete job: success

Warning: Build duration above expected threshold performance review required
Workflow result: completed successfully with non-critical warnings
Deployment recommendation: manual review required","MEDIUM"
"Workflow run ID: 90000000142
Workflow: Spring Boot CI
Event: pull_request
Status: completed
Conclusion: failure
Branch: main
Jobs created: 1
Duration seconds: 137

Job: build
Job status: completed
Job conclusion: failure
Runner: GitHub Actions 1530527789
Steps:
- Set up job: success
- Checkout repository: success
- Setup Java 21: success
- Resolve Maven dependencies: success
- Compile application: success
- Run Unit Tests: success
- Run Integration Tests: success
- Build Docker Image: success
- Deploy to Staging: success
- Application Health Check: failure
- Upload diagnostic reports: success
- Post Setup Java 21: success
- Post Checkout repository: success
- Complete job: success

Error: Health check failed after deployment
Process completed with exit code 1
Workflow result: pipeline failed
Deployment recommendation: stop deployment","HIGH"
"Workflow run ID: 90000000158
Workflow: Spring Boot CI
Event: workflow_dispatch
Status: completed
Conclusion: failure
Branch: develop
Jobs created: 1
Duration seconds: 187

Job: build
Job status: completed
Job conclusion: failure
Runner: GitHub Actions 1318556784
Steps:
- Set up job: success
- Checkout repository: success
- Setup Java 21: success
- Resolve Maven dependencies: success
- Compile application: failure
- Run Unit Tests: skipped
- Run Integration Tests: skipped
- Build Docker Image: skipped
- Deploy to Staging: skipped
- Application Health Check: skipped
- Upload diagnostic reports: success
- Post Setup Java 21: success
- Post Checkout repository: success
- Complete job: success

Error: Compilation failed because symbol could not be resolved
Process completed with exit code 1
Workflow result: pipeline failed
Deployment recommendation: stop deployment","HIGH"
"Workflow run ID: 80000000167
Workflow: Java CI Build
Event: push
Status: completed
Conclusion: success
Branch: feature/risk-analysis
Jobs created: 1
Duration seconds: 185

Job: build
Job status: completed
Job conclusion: success
Runner: GitHub Actions 1799229855
Steps:
- Set up job: success
- Checkout repository: success
- Setup Java 21: success
- Build Project: success
- Run Unit Tests: success
- Memory usage warning detected during compilation: success
- Package Application: success
- Post Setup Java 21: success
- Post Checkout repository: success
- Complete job: success

Warning: Memory usage warning detected during compilation
Workflow result: completed successfully with non-critical warnings
Deployment recommendation: manual review required","MEDIUM"
"Workflow run ID: 70000000175
Workflow: Spring Boot CI
Event: workflow_dispatch
Status: completed
Conclusion: success
Branch: hotfix/build-fix
Jobs created: 1
Duration seconds: 81

Job: build
Job status: completed
Job conclusion: success
Runner: GitHub Actions 1065569991
Steps:
- Set up job: success
- Checkout repository: success
- Setup Java 21: success
- Build Project: success
- Dependency Scan: success
- Security Scan: success
- Publish Artifact: success
- Post Setup Java 21: success
- Post Checkout repository: success
- Complete job: success

Workflow result: all required stages completed successfully
Deployment recommendation: proceed","LOW"
"Workflow run ID: 70000000176
Workflow: Kubernetes Deployment Pipeline
Event: workflow_dispatch
Status: completed
Conclusion: success
Branch: feature/risk-analysis
Jobs created: 1
Duration seconds: 511

Job: build
Job status: completed
Job conclusion: success
Runner: GitHub Actions 1167743191
Steps:
- Set up job: success
- Checkout repository: success
- Setup Java 21: success
- Compile application: success
- Run Unit Tests: success
- Run Integration Tests: success
- Build Docker Image: success
- Post Setup Java 21: success
- Post Checkout repository: success
- Complete job: success

Workflow result: all required stages completed successfully
Deployment recommendation: proceed","LOW"
"Workflow run ID: 80000000030
Workflow: Cloud Native CI/CD
Event: workflow_dispatch
Status: completed
Conclusion: success
Branch: develop
Jobs created: 1
Duration seconds: 616

Job: build
Job status: completed
Job conclusion: success
Runner: GitHub Actions 1578547101
Steps:
- Set up job: success
- Checkout repository: success
- Setup Java 21: success
- Build Project: success
- Run Unit Tests: success
- Memory usage warning detected during compilation: success
- Package Application: success
- Post Setup Java 21: success
- Post Checkout repository: success
- Complete job: success

Warning: Memory usage warning detected during compilation
Workflow result: completed successfully with non-critical warnings
Deployment recommendation: manual review required","MEDIUM"
"Workflow run ID: 70000000207
Workflow: Kubernetes Deployment Pipeline
Event: pull_request
Status: completed
Conclusion: success
Branch: main
Jobs created: 1
Duration seconds: 506

Job: build
Job status: completed
Job conclusion: success
Runner: GitHub Actions 1990352162
Steps:
- Set up job: success
- Checkout repository: success
- Setup Java 21: success
- Build Project: success
- Dependency Scan: success
- Security Scan: success
- Publish Artifact: success
- Post Setup Java 21: success
- Post Checkout repository: success
- Complete job: success

Workflow result: all required stages completed successfully
Deployment recommendation: proceed","LOW"
"Workflow run ID: 70000000143
Workflow: Spring Boot CI
Event: workflow_dispatch
Status: completed
Conclusion: success
Branch: release
Jobs created: 1
Duration seconds: 493

Job: build
Job status: completed
Job conclusion: success
Runner: GitHub Actions 1821234016
Steps:
- Set up job: success
- Checkout repository: success
- Setup Java 21: success
- Build Project: success
- Dependency Scan: success
- Security Scan: success
- Publish Artifact: success
- Post Setup Java 21: success
- Post Checkout repository: success
- Complete job: success

Workflow result: all required stages completed successfully
Deployment recommendation: proceed","LOW"
"Workflow run ID: 80000000116
Workflow: Maven Build Pipeline
Event: push
Status: completed
Conclusion: success
Branch: main
Jobs created: 1
Duration seconds: 496

Job: build
Job status: completed
Job conclusion: success
Runner: GitHub Actions 1997587417
Steps:
- Set up job: success
- Checkout repository: success
- Setup Java 21: success
- Build Project: success
- Run Unit Tests: success
- Manual deployment approval required: success
- Build Docker Image: success
- Post Setup Java 21: success
- Post Checkout repository: success
- Complete job: success

Warning: Manual deployment approval required
Workflow result: completed successfully with non-critical warnings
Deployment recommendation: manual review required","MEDIUM"
"Workflow run ID: 80000000214
Workflow: Docker Build and Deploy
Event: workflow_dispatch
Status: completed
Conclusion: success
Branch: feature/risk-analysis
Jobs created: 1
Duration seconds: 561

Job: build
Job status: completed
Job conclusion: success
Runner: GitHub Actions 1750675953
Steps:
- Set up job: success
- Checkout repository: success
- Setup Java 21: success
- Build Project: success
- Run Unit Tests: success
- Staging health check intermittent response detected: success
- Deploy to Staging: success
- Post Setup Java 21: success
- Post Checkout repository: success
- Complete job: success

Warning: Staging health check intermittent response detected
Workflow result: completed successfully with non-critical warnings
Deployment recommendation: manual review required","MEDIUM"
"Workflow run ID: 70000000166
Workflow: Java CI Build
Event: push
Status: completed
Conclusion: success
Branch: develop
Jobs created: 1
Duration seconds: 512

Job: build
Job status: completed
Job conclusion: success
Runner: GitHub Actions 1574690226
Steps:
- Set up job: success
- Checkout repository: success
- Setup Java 21: success
- Build Project: success
- Run Unit Tests: success
- Code Coverage Check: success
- Package Application: success
- Post Setup Java 21: success
- Post Checkout repository: success
- Complete job: success

Workflow result: all required stages completed successfully
Deployment recommendation: proceed","LOW"
"Workflow run ID: 90000000037
Workflow: Docker Build and Deploy
Event: pull_request
Status: completed
Conclusion: failure
Branch: release
Jobs created: 1
Duration seconds: 356

Job: build
Job status: completed
Job conclusion: failure
Runner: GitHub Actions 1782297580
Steps:
- Set up job: success
- Checkout repository: success
- Setup Java 21: success
- Resolve Maven dependencies: failure
- Compile application: skipped
- Run Unit Tests: skipped
- Run Integration Tests: skipped
- Build Docker Image: skipped
- Deploy to Staging: skipped
- Application Health Check: skipped
- Upload diagnostic reports: success
- Post Setup Java 21: success
- Post Checkout repository: success
- Complete job: success

Error: Maven build failed due to unresolved dependency
Process completed with exit code 1
Workflow result: pipeline failed
Deployment recommendation: stop deployment","HIGH"
"Workflow run ID: 70000000209
Workflow: Cloud Native CI/CD
Event: workflow_dispatch
Status: completed
Conclusion: success
Branch: hotfix/build-fix
Jobs created: 1
Duration seconds: 371

Job: build
Job status: completed
Job conclusion: success
Runner: GitHub Actions 1727494179
Steps:
- Set up job: success
- Checkout repository: success
- Setup Java 21: success
- Build Project: success
- Run Unit Tests: success
- Code Coverage Check: success
- Package Application: success
- Post Setup Java 21: success
- Post Checkout repository: success
- Complete job: success

Workflow result: all required stages completed successfully
Deployment recommendation: proceed","LOW"
"Workflow run ID: 80000000222
Workflow: Spring Boot CI
Event: workflow_dispatch
Status: completed
Conclusion: success
Branch: hotfix/build-fix
Jobs created: 1
Duration seconds: 567

Job: build
Job status: completed
Job conclusion: success
Runner: GitHub Actions 1844256015
Steps:
- Set up job: success
- Checkout repository: success
- Setup Java 21: success
- Build Project: success
- Run Unit Tests: success
- Medium severity vulnerability detected review required: success
- Package Application: success
- Post Setup Java 21: success
- Post Checkout repository: success
- Complete job: success

Warning: Medium severity vulnerability detected review required
Workflow result: completed successfully with non-critical warnings
Deployment recommendation: manual review required","MEDIUM"
"Workflow run ID: 90000000200
Workflow: Maven Build Pipeline
Event: workflow_dispatch
Status: completed
Conclusion: failure
Branch: feature/risk-analysis
Jobs created: 1
Duration seconds: 284

Job: build
Job status: completed
Job conclusion: failure
Runner: GitHub Actions 1107102246
Steps:
- Set up job: success
- Checkout repository: success
- Setup Java 21: success
- Resolve Maven dependencies: success
- Compile application: success
- Run Unit Tests: success
- Run Integration Tests: success
- Build Docker Image: failure
- Deploy to Staging: skipped
- Application Health Check: skipped
- Upload diagnostic reports: success
- Post Setup Java 21: success
- Post Checkout repository: success
- Complete job: success

Error: Docker build failed because base image was not found
Process completed with exit code 1
Workflow result: pipeline failed
Deployment recommendation: stop deployment","HIGH"
"Workflow run ID: 70000000267
Workflow: Spring Boot CI
Event: pull_request
Status: completed
Conclusion: success
Branch: main
Jobs created: 1
Duration seconds: 133

Job: build
Job status: completed
Job conclusion: success
Runner: GitHub Actions 1817966008
Steps:
- Set up job: success
- Checkout repository: success
- Setup Java 21: success
- Maven Build: success
- Run Unit Tests: success
- SonarQube Analysis: success
- Complete Build: success
- Post Setup Java 21: success
- Post Checkout repository: success
- Complete job: success

Workflow result: all required stages completed successfully
Deployment recommendation: proceed","LOW"
"Workflow run ID: 90000000294
Workflow: Maven Build Pipeline
Event: workflow_dispatch
Status: completed
Conclusion: failure
Branch: release
Jobs created: 1
Duration seconds: 381

Job: build
Job status: completed
Job conclusion: failure
Runner: GitHub Actions 1019850224
Steps:
- Set up job: success
- Checkout repository: success
- Setup Java 21: success
- Resolve Maven dependencies: success
- Compile application: success
- Run Unit Tests: success
- Run Integration Tests: success
- Build Docker Image: success
- Deploy to Staging: failure
- Application Health Check: skipped
- Upload diagnostic reports: success
- Post Setup Java 21: success
- Post Checkout repository: success
- Complete job: success

Error: Deployment failed because service was unavailable
Process completed with exit code 1
Workflow result: pipeline failed
Deployment recommendation: stop deployment","HIGH"
"Workflow run ID: 70000000251
Workflow: Cloud Native CI/CD
Event: push
Status: completed
Conclusion: success
Branch: hotfix/build-fix
Jobs created: 1
Duration seconds: 530

Job: build
Job status: completed
Job conclusion: success
Runner: GitHub Actions 1338918665
Steps:
- Set up job: success
- Checkout repository: success
- Setup Java 21: success
- Build Project: success
- Run Unit Tests: success
- Code Coverage Check: success
- Package Application: success
- Post Setup Java 21: success
- Post Checkout repository: success
- Complete job: success

Workflow result: all required stages completed successfully
Deployment recommendation: proceed","LOW"
"Workflow run ID: 70000000070
Workflow: Maven Build Pipeline
Event: push
Status: completed
Conclusion: success
Branch: feature/risk-analysis
Jobs created: 1
Duration seconds: 245

Job: build
Job status: completed
Job conclusion: success
Runner: GitHub Actions 1496658163
Steps:
- Set up job: success
- Checkout repository: success
- Setup Java 21: success
- Build Project: success
- Run Unit Tests: success
- Code Coverage Check: success
- Package Application: success
- Post Setup Java 21: success
- Post Checkout repository: success
- Complete job: success

Workflow result: all required stages completed successfully
Deployment recommendation: proceed","LOW"
"Workflow run ID: 80000000319
Workflow: Java CI Build
Event: pull_request
Status: completed
Conclusion: success
Branch: release
Jobs created: 1
Duration seconds: 157

Job: build
Job status: completed
Job conclusion: success
Runner: GitHub Actions 1812609231
Steps:
- Set up job: success
- Checkout repository: success
- Setup Java 21: success
- Build Project: success
- Run Unit Tests: success
- Docker image size exceeded recommended limit: success
- Package Application: success
- Post Setup Java 21: success
- Post Checkout repository: success
- Complete job: success

Warning: Docker image size exceeded recommended limit
Workflow result: completed successfully with non-critical warnings
Deployment recommendation: manual review required","MEDIUM"
"Workflow run ID: 90000000118
Workflow: Spring Boot CI
Event: workflow_dispatch
Status: completed
Conclusion: failure
Branch: main
Jobs created: 1
Duration seconds: 72

Job: build
Job status: completed
Job conclusion: failure
Runner: GitHub Actions 1854359708
Steps:
- Set up job: success
- Checkout repository: success
- Setup Java 21: success
- Resolve Maven dependencies: success
- Compile application: success
- Run Unit Tests: success
- Run Integration Tests: success
- Build Docker Image: success
- Deploy to Staging: failure
- Application Health Check: skipped
- Upload diagnostic reports: success
- Post Setup Java 21: success
- Post Checkout repository: success
- Complete job: success

Error: Deployment failed because service was unavailable
Process completed with exit code 1
Workflow result: pipeline failed
Deployment recommendation: stop deployment","HIGH"
"Workflow run ID: 70000000145
Workflow: Docker Build and Deploy
Event: pull_request
Status: completed
Conclusion: success
Branch: main
Jobs created: 1
Duration seconds: 521

Job: build
Job status: completed
Job conclusion: success
Runner: GitHub Actions 1843571355
Steps:
- Set up job: success
- Checkout repository: success
- Setup Java 21: success
- Build Docker Image: success
- Push Docker Image: success
- Deploy to Staging: success
- Application Health Check: success
- Post Setup Java 21: success
- Post Checkout repository: success
- Complete job: success

Workflow result: all required stages completed successfully
Deployment recommendation: proceed","LOW"
"Workflow run ID: 90000000003
Workflow: Maven Build Pipeline
Event: workflow_dispatch
Status: completed
Conclusion: failure
Branch: develop
Jobs created: 1
Duration seconds: 229

Job: build
Job status: completed
Job conclusion: failure
Runner: GitHub Actions 1522285070
Steps:
- Set up job: success
- Checkout repository: success
- Setup Java 21: success
- Resolve Maven dependencies: success
- Compile application: success
- Run Unit Tests: success
- Run Integration Tests: success
- Build Docker Image: success
- Deploy to Staging: success
- Application Health Check: success
- Database Migration: failure
- Upload diagnostic reports: success
- Post Setup Java 21: success
- Post Checkout repository: success
- Complete job: success

Error: Database migration failed and deployment was stopped
Process completed with exit code 1
Workflow result: pipeline failed
Deployment recommendation: stop deployment","HIGH"
"Workflow run ID: 90000000132
Workflow: Cloud Native CI/CD
Event: pull_request
Status: completed
Conclusion: failure
Branch: feature/risk-analysis
Jobs created: 1
Duration seconds: 50

Job: build
Job status: completed
Job conclusion: failure
Runner: GitHub Actions 1355144413
Steps:
- Set up job: success
- Checkout repository: success
- Setup Java 21: success
- Resolve Maven dependencies: success
- Compile application: success
- Run Unit Tests: success
- Run Integration Tests: success
- Build Docker Image: success
- Deploy to Staging: success
- Application Health Check: success
- Kubernetes Deployment: failure
- Upload diagnostic reports: success
- Post Setup Java 21: success
- Post Checkout repository: success
- Complete job: success

Error: Kubernetes deployment failed with ImagePullBackOff
Process completed with exit code 1
Workflow result: pipeline failed
Deployment recommendation: stop deployment","HIGH"
"Workflow run ID: 90000000298
Workflow: Spring Boot CI
Event: pull_request
Status: completed
Conclusion: failure
Branch: main
Jobs created: 1
Duration seconds: 292

Job: build
Job status: completed
Job conclusion: failure
Runner: GitHub Actions 1196588437
Steps:
- Set up job: success
- Checkout repository: success
- Setup Java 21: success
- Resolve Maven dependencies: success
- Compile application: success
- Run Unit Tests: success
- Run Integration Tests: success
- Build Docker Image: success
- Deploy to Staging: success
- Application Health Check: failure
- Upload diagnostic reports: success
- Post Setup Java 21: success
- Post Checkout repository: success
- Complete job: success

Error: Health check failed after deployment
Process completed with exit code 1
Workflow result: pipeline failed
Deployment recommendation: stop deployment","HIGH"
"Workflow run ID: 70000000040
Workflow: Docker Build and Deploy
Event: workflow_dispatch
Status: completed
Conclusion: success
Branch: feature/risk-analysis
Jobs created: 1
Duration seconds: 160

Job: build
Job status: completed
Job conclusion: success
Runner: GitHub Actions 1437779006
Steps:
- Set up job: success
- Checkout repository: success
- Setup Java 21: success
- Build Project: success
- Dependency Scan: success
- Security Scan: success
- Publish Artifact: success
- Post Setup Java 21: success
- Post Checkout repository: success
- Complete job: success

Workflow result: all required stages completed successfully
Deployment recommendation: proceed","LOW"
"Workflow run ID: 90000000155
Workflow: Spring Boot CI
Event: push
Status: completed
Conclusion: failure
Branch: feature/risk-analysis
Jobs created: 1
Duration seconds: 261

Job: build
Job status: completed
Job conclusion: failure
Runner: GitHub Actions 1642147213
Steps:
- Set up job: success
- Checkout repository: success
- Setup Java 21: success
- Resolve Maven dependencies: success
- Compile application: success
- Run Unit Tests: success
- Run Integration Tests: success
- Build Docker Image: success
- Deploy to Staging: success
- Application Health Check: success
- Kubernetes Deployment: failure
- Upload diagnostic reports: success
- Post Setup Java 21: success
- Post Checkout repository: success
- Complete job: success

Error: Kubernetes deployment failed with ImagePullBackOff
Process completed with exit code 1
Workflow result: pipeline failed
Deployment recommendation: stop deployment","HIGH"
"Workflow run ID: 70000000226
Workflow: Cloud Native CI/CD
Event: workflow_dispatch
Status: completed
Conclusion: success
Branch: hotfix/build-fix
Jobs created: 1
Duration seconds: 373

Job: build
Job status: completed
Job conclusion: success
Runner: GitHub Actions 1961632902
Steps:
- Set up job: success
- Checkout repository: success
- Setup Java 21: success
- Build Project: success
- Dependency Scan: success
- Security Scan: success
- Publish Artifact: success
- Post Setup Java 21: success
- Post Checkout repository: success
- Complete job: success

Workflow result: all required stages completed successfully
Deployment recommendation: proceed","LOW"
"Workflow run ID: 70000000086
Workflow: Java CI Build
Event: workflow_dispatch
Status: completed
Conclusion: success
Branch: develop
Jobs created: 1
Duration seconds: 68

Job: build
Job status: completed
Job conclusion: success
Runner: GitHub Actions 1134871752
Steps:
- Set up job: success
- Checkout repository: success
- Setup Java 21: success
- Maven Build: success
- Run Unit Tests: success
- SonarQube Analysis: success
- Complete Build: success
- Post Setup Java 21: success
- Post Checkout repository: success
- Complete job: success

Workflow result: all required stages completed successfully
Deployment recommendation: proceed","LOW"
"Workflow run ID: 80000000078
Workflow: Maven Build Pipeline
Event: push
Status: completed
Conclusion: success
Branch: main
Jobs created: 1
Duration seconds: 313

Job: build
Job status: completed
Job conclusion: success
Runner: GitHub Actions 1185821281
Steps:
- Set up job: success
- Checkout repository: success
- Setup Java 21: success
- Build Project: success
- Run Unit Tests: success
- Minor configuration warning detected during deployment: success
- Package Application: success
- Post Setup Java 21: success
- Post Checkout repository: success
- Complete job: success

Warning: Minor configuration warning detected during deployment
Workflow result: completed successfully with non-critical warnings
Deployment recommendation: manual review required","MEDIUM"
"Workflow run ID: 80000000177
Workflow: Docker Build and Deploy
Event: pull_request
Status: completed
Conclusion: success
Branch: develop
Jobs created: 1
Duration seconds: 457

Job: build
Job status: completed
Job conclusion: success
Runner: GitHub Actions 1108955878
Steps:
- Set up job: success
- Checkout repository: success
- Setup Java 21: success
- Build Project: success
- Run Unit Tests: success
- Docker image size exceeded recommended limit: success
- Package Application: success
- Post Setup Java 21: success
- Post Checkout repository: success
- Complete job: success

Warning: Docker image size exceeded recommended limit
Workflow result: completed successfully with non-critical warnings
Deployment recommendation: manual review required","MEDIUM"
"Workflow run ID: 70000000001
Workflow: Kubernetes Deployment Pipeline
Event: push
Status: completed
Conclusion: success
Branch: hotfix/build-fix
Jobs created: 1
Duration seconds: 175

Job: build
Job status: completed
Job conclusion: success
Runner: GitHub Actions 1573160113
Steps:
- Set up job: success
- Checkout repository: success
- Setup Java 21: success
- Compile application: success
- Run Unit Tests: success
- Run Integration Tests: success
- Build Docker Image: success
- Post Setup Java 21: success
- Post Checkout repository: success
- Complete job: success

Workflow result: all required stages completed successfully
Deployment recommendation: proceed","LOW"
"Workflow run ID: 80000000313
Workflow: Docker Build and Deploy
Event: pull_request
Status: completed
Conclusion: success
Branch: main
Jobs created: 1
Duration seconds: 199

Job: build
Job status: completed
Job conclusion: success
Runner: GitHub Actions 1271249524
Steps:
- Set up job: success
- Checkout repository: success
- Setup Java 21: success
- Build Project: success
- Run Unit Tests: success
- Docker image size exceeded recommended limit: success
- Package Application: success
- Post Setup Java 21: success
- Post Checkout repository: success
- Complete job: success

Warning: Docker image size exceeded recommended limit
Workflow result: completed successfully with non-critical warnings
Deployment recommendation: manual review required","MEDIUM"
"Workflow run ID: 90000000291
Workflow: Cloud Native CI/CD
Event: pull_request
Status: completed
Conclusion: failure
Branch: main
Jobs created: 1
Duration seconds: 81

Job: build
Job status: completed
Job conclusion: failure
Runner: GitHub Actions 1287526992
Steps:
- Set up job: success
- Checkout repository: success
- Setup Java 21: success
- Resolve Maven dependencies: success
- Compile application: success
- Run Unit Tests: failure
- Run Integration Tests: skipped
- Build Docker Image: skipped
- Deploy to Staging: skipped
- Application Health Check: skipped
- Upload diagnostic reports: success
- Post Setup Java 21: success
- Post Checkout repository: success
- Complete job: success

Error: Unit tests failed with assertion errors
Process completed with exit code 1
Workflow result: pipeline failed
Deployment recommendation: stop deployment","HIGH"
"Workflow run ID: 70000000194
Workflow: Maven Build Pipeline
Event: pull_request
Status: completed
Conclusion: success
Branch: release
Jobs created: 1
Duration seconds: 438

Job: build
Job status: completed
Job conclusion: success
Runner: GitHub Actions 1513104081
Steps:
- Set up job: success
- Checkout repository: success
- Setup Java 21: success
- Maven Build: success
- Run Unit Tests: success
- SonarQube Analysis: success
- Complete Build: success
- Post Setup Java 21: success
- Post Checkout repository: success
- Complete job: success

Workflow result: all required stages completed successfully
Deployment recommendation: proceed","LOW"
"Workflow run ID: 90000000063
Workflow: Java CI Build
Event: push
Status: completed
Conclusion: failure
Branch: develop
Jobs created: 1
Duration seconds: 333

Job: build
Job status: completed
Job conclusion: failure
Runner: GitHub Actions 1709852373
Steps:
- Set up job: success
- Checkout repository: success
- Setup Java 21: success
- Resolve Maven dependencies: success
- Compile application: failure
- Run Unit Tests: skipped
- Run Integration Tests: skipped
- Build Docker Image: skipped
- Deploy to Staging: skipped
- Application Health Check: skipped
- Upload diagnostic reports: success
- Post Setup Java 21: success
- Post Checkout repository: success
- Complete job: success

Error: Compilation failed because symbol could not be resolved
Process completed with exit code 1
Workflow result: pipeline failed
Deployment recommendation: stop deployment","HIGH"
"Workflow run ID: 90000000090
Workflow: Docker Build and Deploy
Event: workflow_dispatch
Status: completed
Conclusion: failure
Branch: develop
Jobs created: 1
Duration seconds: 132

Job: build
Job status: completed
Job conclusion: failure
Runner: GitHub Actions 1066644961
Steps:
- Set up job: success
- Checkout repository: success
- Setup Java 21: success
- Resolve Maven dependencies: failure
- Compile application: skipped
- Run Unit Tests: skipped
- Run Integration Tests: skipped
- Build Docker Image: skipped
- Deploy to Staging: skipped
- Application Health Check: skipped
- Upload diagnostic reports: success
- Post Setup Java 21: success
- Post Checkout repository: success
- Complete job: success

Error: Maven build failed due to unresolved dependency
Process completed with exit code 1
Workflow result: pipeline failed
Deployment recommendation: stop deployment","HIGH"
"Workflow run ID: 80000000134
Workflow: Maven Build Pipeline
Event: pull_request
Status: completed
Conclusion: success
Branch: hotfix/build-fix
Jobs created: 1
Duration seconds: 202

Job: build
Job status: completed
Job conclusion: success
Runner: GitHub Actions 1475584286
Steps:
- Set up job: success
- Checkout repository: success
- Setup Java 21: success
- Build Project: success
- Run Unit Tests: success
- Medium severity vulnerability detected review required: success
- Deploy to Staging: success
- Post Setup Java 21: success
- Post Checkout repository: success
- Complete job: success

Warning: Medium severity vulnerability detected review required
Workflow result: completed successfully with non-critical warnings
Deployment recommendation: manual review required","MEDIUM"
"Workflow run ID: 90000000252
Workflow: Kubernetes Deployment Pipeline
Event: push
Status: completed
Conclusion: failure
Branch: feature/risk-analysis
Jobs created: 1
Duration seconds: 391

Job: build
Job status: completed
Job conclusion: failure
Runner: GitHub Actions 1327293989
Steps:
- Set up job: success
- Checkout repository: success
- Setup Java 21: success
- Resolve Maven dependencies: failure
- Compile application: skipped
- Run Unit Tests: skipped
- Run Integration Tests: skipped
- Build Docker Image: skipped
- Deploy to Staging: skipped
- Application Health Check: skipped
- Upload diagnostic reports: success
- Post Setup Java 21: success
- Post Checkout repository: success
- Complete job: success

Error: Maven build failed due to unresolved dependency
Process completed with exit code 1
Workflow result: pipeline failed
Deployment recommendation: stop deployment","HIGH"
"Workflow run ID: 90000000122
Workflow: Spring Boot CI
Event: pull_request
Status: completed
Conclusion: failure
Branch: release
Jobs created: 1
Duration seconds: 400

Job: build
Job status: completed
Job conclusion: failure
Runner: GitHub Actions 1387483440
Steps:
- Set up job: success
- Checkout repository: success
- Setup Java 21: success
- Resolve Maven dependencies: failure
- Compile application: skipped
- Run Unit Tests: skipped
- Run Integration Tests: skipped
- Build Docker Image: skipped
- Deploy to Staging: skipped
- Application Health Check: skipped
- Upload diagnostic reports: success
- Post Setup Java 21: success
- Post Checkout repository: success
- Complete job: success

Error: Maven build failed due to unresolved dependency
Process completed with exit code 1
Workflow result: pipeline failed
Deployment recommendation: stop deployment","HIGH"
"Workflow run ID: 80000000275
Workflow: Cloud Native CI/CD
Event: pull_request
Status: completed
Conclusion: success
Branch: main
Jobs created: 1
Duration seconds: 447

Job: build
Job status: completed
Job conclusion: success
Runner: GitHub Actions 1793801120
Steps:
- Set up job: success
- Checkout repository: success
- Setup Java 21: success
- Build Project: success
- Run Unit Tests: success
- Build duration above expected threshold performance review required: success
- Build Docker Image: success
- Post Setup Java 21: success
- Post Checkout repository: success
- Complete job: success

Warning: Build duration above expected threshold performance review required
Workflow result: completed successfully with non-critical warnings
Deployment recommendation: manual review required","MEDIUM"
"Workflow run ID: 80000000290
Workflow: Maven Build Pipeline
Event: pull_request
Status: completed
Conclusion: success
Branch: release
Jobs created: 1
Duration seconds: 389

Job: build
Job status: completed
Job conclusion: success
Runner: GitHub Actions 1363870879
Steps:
- Set up job: success
- Checkout repository: success
- Setup Java 21: success
- Build Project: success
- Run Unit Tests: success
- Flaky tests detected retry passed manual review required: success
- Build Docker Image: success
- Post Setup Java 21: success
- Post Checkout repository: success
- Complete job: success

Warning: Flaky tests detected retry passed manual review required
Workflow result: completed successfully with non-critical warnings
Deployment recommendation: manual review required","MEDIUM"
"Workflow run ID: 80000000069
Workflow: Java CI Build
Event: workflow_dispatch
Status: completed
Conclusion: success
Branch: develop
Jobs created: 1
Duration seconds: 475

Job: build
Job status: completed
Job conclusion: success
Runner: GitHub Actions 1527289506
Steps:
- Set up job: success
- Checkout repository: success
- Setup Java 21: success
- Build Project: success
- Run Unit Tests: success
- Code coverage below threshold manual review required: success
- Build Docker Image: success
- Post Setup Java 21: success
- Post Checkout repository: success
- Complete job: success

Warning: Code coverage below threshold manual review required
Workflow result: completed successfully with non-critical warnings
Deployment recommendation: manual review required","MEDIUM"
"Workflow run ID: 80000000013
Workflow: Docker Build and Deploy
Event: pull_request
Status: completed
Conclusion: success
Branch: hotfix/build-fix
Jobs created: 1
Duration seconds: 126

Job: build
Job status: completed
Job conclusion: success
Runner: GitHub Actions 1095158369
Steps:
- Set up job: success
- Checkout repository: success
- Setup Java 21: success
- Build Project: success
- Run Unit Tests: success
- Docker image size exceeded recommended limit: success
- Deploy to Staging: success
- Post Setup Java 21: success
- Post Checkout repository: success
- Complete job: success

Warning: Docker image size exceeded recommended limit
Workflow result: completed successfully with non-critical warnings
Deployment recommendation: manual review required","MEDIUM"
"Workflow run ID: 80000000318
Workflow: Kubernetes Deployment Pipeline
Event: workflow_dispatch
Status: completed
Conclusion: success
Branch: hotfix/build-fix
Jobs created: 1
Duration seconds: 581

Job: build
Job status: completed
Job conclusion: success
Runner: GitHub Actions 1612685443
Steps:
- Set up job: success
- Checkout repository: success
- Setup Java 21: success
- Build Project: success
- Run Unit Tests: success
- Build duration above expected threshold performance review required: success
- Deploy to Staging: success
- Post Setup Java 21: success
- Post Checkout repository: success
- Complete job: success

Warning: Build duration above expected threshold performance review required
Workflow result: completed successfully with non-critical warnings
Deployment recommendation: manual review required","MEDIUM"
"Workflow run ID: 80000000173
Workflow: Docker Build and Deploy
Event: workflow_dispatch
Status: completed
Conclusion: success
Branch: main
Jobs created: 1
Duration seconds: 392

Job: build
Job status: completed
Job conclusion: success
Runner: GitHub Actions 1088392496
Steps:
- Set up job: success
- Checkout repository: success
- Setup Java 21: success
- Build Project: success
- Run Unit Tests: success
- Flaky tests detected retry passed manual review required: success
- Deploy to Staging: success
- Post Setup Java 21: success
- Post Checkout repository: success
- Complete job: success

Warning: Flaky tests detected retry passed manual review required
Workflow result: completed successfully with non-critical warnings
Deployment recommendation: manual review required","MEDIUM"
"Workflow run ID: 80000000133
Workflow: Docker Build and Deploy
Event: push
Status: completed
Conclusion: success
Branch: develop
Jobs created: 1
Duration seconds: 158

Job: build
Job status: completed
Job conclusion: success
Runner: GitHub Actions 1247069726
Steps:
- Set up job: success
- Checkout repository: success
- Setup Java 21: success
- Build Project: success
- Run Unit Tests: success
- Minor configuration warning detected during deployment: success
- Deploy to Staging: success
- Post Setup Java 21: success
- Post Checkout repository: success
- Complete job: success

Warning: Minor configuration warning detected during deployment
Workflow result: completed successfully with non-critical warnings
Deployment recommendation: manual review required","MEDIUM"
"Workflow run ID: 90000000152
Workflow: Java CI Build
Event: workflow_dispatch
Status: completed
Conclusion: failure
Branch: feature/risk-analysis
Jobs created: 1
Duration seconds: 80

Job: build
Job status: completed
Job conclusion: failure
Runner: GitHub Actions 1774310033
Steps:
- Set up job: success
- Checkout repository: success
- Setup Java 21: success
- Resolve Maven dependencies: failure
- Compile application: skipped
- Run Unit Tests: skipped
- Run Integration Tests: skipped
- Build Docker Image: skipped
- Deploy to Staging: skipped
- Application Health Check: skipped
- Upload diagnostic reports: success
- Post Setup Java 21: success
- Post Checkout repository: success
- Complete job: success

Error: Maven build failed due to unresolved dependency
Process completed with exit code 1
Workflow result: pipeline failed
Deployment recommendation: stop deployment","HIGH"
"Workflow run ID: 90000000074
Workflow: Spring Boot CI
Event: push
Status: completed
Conclusion: failure
Branch: feature/risk-analysis
Jobs created: 1
Duration seconds: 337

Job: build
Job status: completed
Job conclusion: failure
Runner: GitHub Actions 1030223182
Steps:
- Set up job: success
- Checkout repository: success
- Setup Java 21: success
- Resolve Maven dependencies: success
- Compile application: success
- Run Unit Tests: success
- Run Integration Tests: success
- Build Docker Image: success
- Deploy to Staging: success
- Application Health Check: success
- Kubernetes Deployment: failure
- Upload diagnostic reports: success
- Post Setup Java 21: success
- Post Checkout repository: success
- Complete job: success

Error: Kubernetes deployment failed with ImagePullBackOff
Process completed with exit code 1
Workflow result: pipeline failed
Deployment recommendation: stop deployment","HIGH"
"Workflow run ID: 90000000184
Workflow: Cloud Native CI/CD
Event: push
Status: completed
Conclusion: failure
Branch: develop
Jobs created: 1
Duration seconds: 148

Job: build
Job status: completed
Job conclusion: failure
Runner: GitHub Actions 1308839186
Steps:
- Set up job: success
- Checkout repository: success
- Setup Java 21: success
- Resolve Maven dependencies: success
- Compile application: success
- Run Unit Tests: success
- Run Integration Tests: success
- Build Docker Image: failure
- Deploy to Staging: skipped
- Application Health Check: skipped
- Upload diagnostic reports: success
- Post Setup Java 21: success
- Post Checkout repository: success
- Complete job: success

Error: Docker build failed because base image was not found
Process completed with exit code 1
Workflow result: pipeline failed
Deployment recommendation: stop deployment","HIGH"
"Workflow run ID: 90000000058
Workflow: Kubernetes Deployment Pipeline
Event: push
Status: completed
Conclusion: failure
Branch: develop
Jobs created: 1
Duration seconds: 153

Job: build
Job status: completed
Job conclusion: failure
Runner: GitHub Actions 1525141721
Steps:
- Set up job: success
- Checkout repository: success
- Setup Java 21: success
- Resolve Maven dependencies: success
- Compile application: success
- Run Unit Tests: success
- Run Integration Tests: success
- Build Docker Image: success
- Deploy to Staging: success
- Application Health Check: success
- Kubernetes Deployment: failure
- Upload diagnostic reports: success
- Post Setup Java 21: success
- Post Checkout repository: success
- Complete job: success

Error: Kubernetes deployment failed with ImagePullBackOff
Process completed with exit code 1
Workflow result: pipeline failed
Deployment recommendation: stop deployment","HIGH"
"Workflow run ID: 90000000100
Workflow: Maven Build Pipeline
Event: workflow_dispatch
Status: completed
Conclusion: failure
Branch: release
Jobs created: 1
Duration seconds: 198

Job: build
Job status: completed
Job conclusion: failure
Runner: GitHub Actions 1177657757
Steps:
- Set up job: success
- Checkout repository: success
- Setup Java 21: success
- Resolve Maven dependencies: success
- Compile application: success
- Run Unit Tests: success
- Run Integration Tests: success
- Build Docker Image: failure
- Deploy to Staging: skipped
- Application Health Check: skipped
- Upload diagnostic reports: success
- Post Setup Java 21: success
- Post Checkout repository: success
- Complete job: success

Error: Docker build failed because base image was not found
Process completed with exit code 1
Workflow result: pipeline failed
Deployment recommendation: stop deployment","HIGH"
"Workflow run ID: 90000000076
Workflow: Java CI Build
Event: push
Status: completed
Conclusion: failure
Branch: release
Jobs created: 1
Duration seconds: 60

Job: build
Job status: completed
Job conclusion: failure
Runner: GitHub Actions 1102111242
Steps:
- Set up job: success
- Checkout repository: success
- Setup Java 21: success
- Resolve Maven dependencies: success
- Compile application: success
- Run Unit Tests: success
- Run Integration Tests: success
- Build Docker Image: success
- Deploy to Staging: failure
- Application Health Check: skipped
- Upload diagnostic reports: success
- Post Setup Java 21: success
- Post Checkout repository: success
- Complete job: success

Error: Deployment failed because service was unavailable
Process completed with exit code 1
Workflow result: pipeline failed
Deployment recommendation: stop deployment","HIGH"
"Workflow run ID: 80000000193
Workflow: Kubernetes Deployment Pipeline
Event: push
Status: completed
Conclusion: success
Branch: release
Jobs created: 1
Duration seconds: 592

Job: build
Job status: completed
Job conclusion: success
Runner: GitHub Actions 1475003757
Steps:
- Set up job: success
- Checkout repository: success
- Setup Java 21: success
- Build Project: success
- Run Unit Tests: success
- Medium severity vulnerability detected review required: success
- Deploy to Staging: success
- Post Setup Java 21: success
- Post Checkout repository: success
- Complete job: success

Warning: Medium severity vulnerability detected review required
Workflow result: completed successfully with non-critical warnings
Deployment recommendation: manual review required","MEDIUM"
"Workflow run ID: 70000000085
Workflow: Kubernetes Deployment Pipeline
Event: workflow_dispatch
Status: completed
Conclusion: success
Branch: develop
Jobs created: 1
Duration seconds: 207

Job: build
Job status: completed
Job conclusion: success
Runner: GitHub Actions 1199163177
Steps:
- Set up job: success
- Checkout repository: success
- Setup Java 21: success
- Build Docker Image: success
- Push Docker Image: success
- Deploy to Staging: success
- Application Health Check: success
- Post Setup Java 21: success
- Post Checkout repository: success
- Complete job: success

Workflow result: all required stages completed successfully
Deployment recommendation: proceed","LOW"
"Workflow run ID: 90000000173
Workflow: Kubernetes Deployment Pipeline
Event: push
Status: completed
Conclusion: failure
Branch: hotfix/build-fix
Jobs created: 1
Duration seconds: 308

Job: build
Job status: completed
Job conclusion: failure
Runner: GitHub Actions 1403947562
Steps:
- Set up job: success
- Checkout repository: success
- Setup Java 21: success
- Resolve Maven dependencies: success
- Compile application: success
- Run Unit Tests: success
- Run Integration Tests: failure
- Build Docker Image: skipped
- Deploy to Staging: skipped
- Application Health Check: skipped
- Upload diagnostic reports: success
- Post Setup Java 21: success
- Post Checkout repository: success
- Complete job: success

Error: Integration tests failed connection refused
Process completed with exit code 1
Workflow result: pipeline failed
Deployment recommendation: stop deployment","HIGH"
"Workflow run ID: 80000000114
Workflow: Cloud Native CI/CD
Event: workflow_dispatch
Status: completed
Conclusion: success
Branch: feature/risk-analysis
Jobs created: 1
Duration seconds: 354

Job: build
Job status: completed
Job conclusion: success
Runner: GitHub Actions 1836489848
Steps:
- Set up job: success
- Checkout repository: success
- Setup Java 21: success
- Build Project: success
- Run Unit Tests: success
- Code coverage below threshold manual review required: success
- Package Application: success
- Post Setup Java 21: success
- Post Checkout repository: success
- Complete job: success

Warning: Code coverage below threshold manual review required
Workflow result: completed successfully with non-critical warnings
Deployment recommendation: manual review required","MEDIUM"
"Workflow run ID: 70000000129
Workflow: Kubernetes Deployment Pipeline
Event: pull_request
Status: completed
Conclusion: success
Branch: hotfix/build-fix
Jobs created: 1
Duration seconds: 467

Job: build
Job status: completed
Job conclusion: success
Runner: GitHub Actions 1733362140
Steps:
- Set up job: success
- Checkout repository: success
- Setup Java 21: success
- Compile application: success
- Run Unit Tests: success
- Run Integration Tests: success
- Build Docker Image: success
- Post Setup Java 21: success
- Post Checkout repository: success
- Complete job: success

Workflow result: all required stages completed successfully
Deployment recommendation: proceed","LOW"
"Workflow run ID: 80000000046
Workflow: Kubernetes Deployment Pipeline
Event: workflow_dispatch
Status: completed
Conclusion: success
Branch: feature/risk-analysis
Jobs created: 1
Duration seconds: 198

Job: build
Job status: completed
Job conclusion: success
Runner: GitHub Actions 1818175959
Steps:
- Set up job: success
- Checkout repository: success
- Setup Java 21: success
- Build Project: success
- Run Unit Tests: success
- Staging health check intermittent response detected: success
- Build Docker Image: success
- Post Setup Java 21: success
- Post Checkout repository: success
- Complete job: success

Warning: Staging health check intermittent response detected
Workflow result: completed successfully with non-critical warnings
Deployment recommendation: manual review required","MEDIUM"
"Workflow run ID: 90000000318
Workflow: Java CI Build
Event: pull_request
Status: completed
Conclusion: failure
Branch: develop
Jobs created: 1
Duration seconds: 258

Job: build
Job status: completed
Job conclusion: failure
Runner: GitHub Actions 1921539473
Steps:
- Set up job: success
- Checkout repository: success
- Setup Java 21: success
- Resolve Maven dependencies: success
- Compile application: success
- Run Unit Tests: success
- Run Integration Tests: success
- Build Docker Image: success
- Deploy to Staging: failure
- Application Health Check: skipped
- Upload diagnostic reports: success
- Post Setup Java 21: success
- Post Checkout repository: success
- Complete job: success

Error: Deployment failed because service was unavailable
Process completed with exit code 1
Workflow result: pipeline failed
Deployment recommendation: stop deployment","HIGH"
"Workflow run ID: 70000000087
Workflow: Docker Build and Deploy
Event: workflow_dispatch
Status: completed
Conclusion: success
Branch: release
Jobs created: 1
Duration seconds: 452

Job: build
Job status: completed
Job conclusion: success
Runner: GitHub Actions 1667487604
Steps:
- Set up job: success
- Checkout repository: success
- Setup Java 21: success
- Compile application: success
- Run Unit Tests: success
- Run Integration Tests: success
- Build Docker Image: success
- Post Setup Java 21: success
- Post Checkout repository: success
- Complete job: success

Workflow result: all required stages completed successfully
Deployment recommendation: proceed","LOW"
"Workflow run ID: 90000000119
Workflow: Spring Boot CI
Event: push
Status: completed
Conclusion: failure
Branch: release
Jobs created: 1
Duration seconds: 344

Job: build
Job status: completed
Job conclusion: failure
Runner: GitHub Actions 1995207262
Steps:
- Set up job: success
- Checkout repository: success
- Setup Java 21: success
- Resolve Maven dependencies: success
- Compile application: success
- Run Unit Tests: success
- Run Integration Tests: success
- Build Docker Image: failure
- Deploy to Staging: skipped
- Application Health Check: skipped
- Upload diagnostic reports: success
- Post Setup Java 21: success
- Post Checkout repository: success
- Complete job: success

Error: Docker build failed because base image was not found
Process completed with exit code 1
Workflow result: pipeline failed
Deployment recommendation: stop deployment","HIGH"
"Workflow run ID: 90000000066
Workflow: Docker Build and Deploy
Event: workflow_dispatch
Status: completed
Conclusion: failure
Branch: release
Jobs created: 1
Duration seconds: 174

Job: build
Job status: completed
Job conclusion: failure
Runner: GitHub Actions 1475440183
Steps:
- Set up job: success
- Checkout repository: success
- Setup Java 21: success
- Resolve Maven dependencies: success
- Compile application: success
- Run Unit Tests: failure
- Run Integration Tests: skipped
- Build Docker Image: skipped
- Deploy to Staging: skipped
- Application Health Check: skipped
- Upload diagnostic reports: success
- Post Setup Java 21: success
- Post Checkout repository: success
- Complete job: success

Error: Unit tests failed with assertion errors
Process completed with exit code 1
Workflow result: pipeline failed
Deployment recommendation: stop deployment","HIGH"
"Workflow run ID: 90000000002
Workflow: Kubernetes Deployment Pipeline
Event: push
Status: completed
Conclusion: failure
Branch: main
Jobs created: 1
Duration seconds: 167

Job: build
Job status: completed
Job conclusion: failure
Runner: GitHub Actions 1961904916
Steps:
- Set up job: success
- Checkout repository: success
- Setup Java 21: success
- Resolve Maven dependencies: success
- Compile application: success
- Run Unit Tests: success
- Run Integration Tests: failure
- Build Docker Image: skipped
- Deploy to Staging: skipped
- Application Health Check: skipped
- Upload diagnostic reports: success
- Post Setup Java 21: success
- Post Checkout repository: success
- Complete job: success

Error: Integration tests failed connection refused
Process completed with exit code 1
Workflow result: pipeline failed
Deployment recommendation: stop deployment","HIGH"
"Workflow run ID: 80000000228
Workflow: Maven Build Pipeline
Event: pull_request
Status: completed
Conclusion: success
Branch: feature/risk-analysis
Jobs created: 1
Duration seconds: 427

Job: build
Job status: completed
Job conclusion: success
Runner: GitHub Actions 1069966313
Steps:
- Set up job: success
- Checkout repository: success
- Setup Java 21: success
- Build Project: success
- Run Unit Tests: success
- Deprecated dependency detected upgrade recommended: success
- Build Docker Image: success
- Post Setup Java 21: success
- Post Checkout repository: success
- Complete job: success

Warning: Deprecated dependency detected upgrade recommended
Workflow result: completed successfully with non-critical warnings
Deployment recommendation: manual review required","MEDIUM"
"Workflow run ID: 70000000272
Workflow: Maven Build Pipeline
Event: push
Status: completed
Conclusion: success
Branch: develop
Jobs created: 1
Duration seconds: 199

Job: build
Job status: completed
Job conclusion: success
Runner: GitHub Actions 1621206539
Steps:
- Set up job: success
- Checkout repository: success
- Setup Java 21: success
- Maven Build: success
- Run Unit Tests: success
- SonarQube Analysis: success
- Complete Build: success
- Post Setup Java 21: success
- Post Checkout repository: success
- Complete job: success

Workflow result: all required stages completed successfully
Deployment recommendation: proceed","LOW"
"Workflow run ID: 80000000233
Workflow: Java CI Build
Event: pull_request
Status: completed
Conclusion: success
Branch: feature/risk-analysis
Jobs created: 1
Duration seconds: 222

Job: build
Job status: completed
Job conclusion: success
Runner: GitHub Actions 1775517299
Steps:
- Set up job: success
- Checkout repository: success
- Setup Java 21: success
- Build Project: success
- Run Unit Tests: success
- Manual deployment approval required: success
- Build Docker Image: success
- Post Setup Java 21: success
- Post Checkout repository: success
- Complete job: success

Warning: Manual deployment approval required
Workflow result: completed successfully with non-critical warnings
Deployment recommendation: manual review required","MEDIUM"
"Workflow run ID: 70000000198
Workflow: Cloud Native CI/CD
Event: push
Status: completed
Conclusion: success
Branch: develop
Jobs created: 1
Duration seconds: 381

Job: build
Job status: completed
Job conclusion: success
Runner: GitHub Actions 1817497538
Steps:
- Set up job: success
- Checkout repository: success
- Setup Java 21: success
- Maven Build: success
- Run Unit Tests: success
- SonarQube Analysis: success
- Complete Build: success
- Post Setup Java 21: success
- Post Checkout repository: success
- Complete job: success

Workflow result: all required stages completed successfully
Deployment recommendation: proceed","LOW"
"Workflow run ID: 80000000034
Workflow: Kubernetes Deployment Pipeline
Event: push
Status: completed
Conclusion: success
Branch: release
Jobs created: 1
Duration seconds: 170

Job: build
Job status: completed
Job conclusion: success
Runner: GitHub Actions 1335451217
Steps:
- Set up job: success
- Checkout repository: success
- Setup Java 21: success
- Build Project: success
- Run Unit Tests: success
- Build duration above expected threshold performance review required: success
- Package Application: success
- Post Setup Java 21: success
- Post Checkout repository: success
- Complete job: success

Warning: Build duration above expected threshold performance review required
Workflow result: completed successfully with non-critical warnings
Deployment recommendation: manual review required","MEDIUM"
"Workflow run ID: 80000000037
Workflow: Cloud Native CI/CD
Event: push
Status: completed
Conclusion: success
Branch: main
Jobs created: 1
Duration seconds: 499

Job: build
Job status: completed
Job conclusion: success
Runner: GitHub Actions 1072610290
Steps:
- Set up job: success
- Checkout repository: success
- Setup Java 21: success
- Build Project: success
- Run Unit Tests: success
- Flaky tests detected retry passed manual review required: success
- Build Docker Image: success
- Post Setup Java 21: success
- Post Checkout repository: success
- Complete job: success

Warning: Flaky tests detected retry passed manual review required
Workflow result: completed successfully with non-critical warnings
Deployment recommendation: manual review required","MEDIUM"
"Workflow run ID: 70000000182
Workflow: Docker Build and Deploy
Event: push
Status: completed
Conclusion: success
Branch: feature/risk-analysis
Jobs created: 1
Duration seconds: 259

Job: build
Job status: completed
Job conclusion: success
Runner: GitHub Actions 1110119803
Steps:
- Set up job: success
- Checkout repository: success
- Setup Java 21: success
- Build Project: success
- Run Unit Tests: success
- Code Coverage Check: success
- Package Application: success
- Post Setup Java 21: success
- Post Checkout repository: success
- Complete job: success

Workflow result: all required stages completed successfully
Deployment recommendation: proceed","LOW"
"Workflow run ID: 80000000118
Workflow: Spring Boot CI
Event: pull_request
Status: completed
Conclusion: success
Branch: main
Jobs created: 1
Duration seconds: 111

Job: build
Job status: completed
Job conclusion: success
Runner: GitHub Actions 1592759117
Steps:
- Set up job: success
- Checkout repository: success
- Setup Java 21: success
- Build Project: success
- Run Unit Tests: success
- Build duration above expected threshold performance review required: success
- Deploy to Staging: success
- Post Setup Java 21: success
- Post Checkout repository: success
- Complete job: success

Warning: Build duration above expected threshold performance review required
Workflow result: completed successfully with non-critical warnings
Deployment recommendation: manual review required","MEDIUM"
"Workflow run ID: 70000000112
Workflow: Java CI Build
Event: pull_request
Status: completed
Conclusion: success
Branch: main
Jobs created: 1
Duration seconds: 195

Job: build
Job status: completed
Job conclusion: success
Runner: GitHub Actions 1331624950
Steps:
- Set up job: success
- Checkout repository: success
- Setup Java 21: success
- Maven Build: success
- Run Unit Tests: success
- SonarQube Analysis: success
- Complete Build: success
- Post Setup Java 21: success
- Post Checkout repository: success
- Complete job: success

Workflow result: all required stages completed successfully
Deployment recommendation: proceed","LOW"
"Workflow run ID: 70000000116
Workflow: Cloud Native CI/CD
Event: workflow_dispatch
Status: completed
Conclusion: success
Branch: hotfix/build-fix
Jobs created: 1
Duration seconds: 91

Job: build
Job status: completed
Job conclusion: success
Runner: GitHub Actions 1860403276
Steps:
- Set up job: success
- Checkout repository: success
- Setup Java 21: success
- Compile application: success
- Run Unit Tests: success
- Run Integration Tests: success
- Build Docker Image: success
- Post Setup Java 21: success
- Post Checkout repository: success
- Complete job: success

Workflow result: all required stages completed successfully
Deployment recommendation: proceed","LOW"
"Workflow run ID: 90000000218
Workflow: Java CI Build
Event: pull_request
Status: completed
Conclusion: failure
Branch: feature/risk-analysis
Jobs created: 1
Duration seconds: 414

Job: build
Job status: completed
Job conclusion: failure
Runner: GitHub Actions 1741699235
Steps:
- Set up job: success
- Checkout repository: success
- Setup Java 21: success
- Resolve Maven dependencies: success
- Compile application: success
- Run Unit Tests: success
- Run Integration Tests: failure
- Build Docker Image: skipped
- Deploy to Staging: skipped
- Application Health Check: skipped
- Upload diagnostic reports: success
- Post Setup Java 21: success
- Post Checkout repository: success
- Complete job: success

Error: Integration tests failed connection refused
Process completed with exit code 1
Workflow result: pipeline failed
Deployment recommendation: stop deployment","HIGH"
"Workflow run ID: 90000000015
Workflow: Java CI Build
Event: push
Status: completed
Conclusion: failure
Branch: develop
Jobs created: 1
Duration seconds: 126

Job: build
Job status: completed
Job conclusion: failure
Runner: GitHub Actions 1769810689
Steps:
- Set up job: success
- Checkout repository: success
- Setup Java 21: success
- Resolve Maven dependencies: success
- Compile application: success
- Run Unit Tests: success
- Run Integration Tests: success
- Build Docker Image: success
- Deploy to Staging: failure
- Application Health Check: skipped
- Upload diagnostic reports: success
- Post Setup Java 21: success
- Post Checkout repository: success
- Complete job: success

Error: Deployment failed because service was unavailable
Process completed with exit code 1
Workflow result: pipeline failed
Deployment recommendation: stop deployment","HIGH"
"Workflow run ID: 90000000148
Workflow: Java CI Build
Event: pull_request
Status: completed
Conclusion: failure
Branch: release
Jobs created: 1
Duration seconds: 44

Job: build
Job status: completed
Job conclusion: failure
Runner: GitHub Actions 1048769821
Steps:
- Set up job: success
- Checkout repository: success
- Setup Java 21: success
- Resolve Maven dependencies: success
- Compile application: success
- Run Unit Tests: success
- Run Integration Tests: failure
- Build Docker Image: skipped
- Deploy to Staging: skipped
- Application Health Check: skipped
- Upload diagnostic reports: success
- Post Setup Java 21: success
- Post Checkout repository: success
- Complete job: success

Error: Integration tests failed connection refused
Process completed with exit code 1
Workflow result: pipeline failed
Deployment recommendation: stop deployment","HIGH"
"Workflow run ID: 90000000246
Workflow: Java CI Build
Event: push
Status: completed
Conclusion: failure
Branch: hotfix/build-fix
Jobs created: 1
Duration seconds: 90

Job: build
Job status: completed
Job conclusion: failure
Runner: GitHub Actions 1626965318
Steps:
- Set up job: success
- Checkout repository: success
- Setup Java 21: success
- Resolve Maven dependencies: success
- Compile application: failure
- Run Unit Tests: skipped
- Run Integration Tests: skipped
- Build Docker Image: skipped
- Deploy to Staging: skipped
- Application Health Check: skipped
- Upload diagnostic reports: success
- Post Setup Java 21: success
- Post Checkout repository: success
- Complete job: success

Error: Compilation failed because symbol could not be resolved
Process completed with exit code 1
Workflow result: pipeline failed
Deployment recommendation: stop deployment","HIGH"
"Workflow run ID: 90000000151
Workflow: Spring Boot CI
Event: pull_request
Status: completed
Conclusion: failure
Branch: hotfix/build-fix
Jobs created: 1
Duration seconds: 37

Job: build
Job status: completed
Job conclusion: failure
Runner: GitHub Actions 1338900557
Steps:
- Set up job: success
- Checkout repository: success
- Setup Java 21: success
- Resolve Maven dependencies: success
- Compile application: success
- Run Unit Tests: success
- Run Integration Tests: success
- Build Docker Image: success
- Deploy to Staging: failure
- Application Health Check: skipped
- Upload diagnostic reports: success
- Post Setup Java 21: success
- Post Checkout repository: success
- Complete job: success

Error: Deployment failed because service was unavailable
Process completed with exit code 1
Workflow result: pipeline failed
Deployment recommendation: stop deployment","HIGH"
"Workflow run ID: 80000000209
Workflow: Maven Build Pipeline
Event: pull_request
Status: completed
Conclusion: success
Branch: release
Jobs created: 1
Duration seconds: 466

Job: build
Job status: completed
Job conclusion: success
Runner: GitHub Actions 1055570614
Steps:
- Set up job: success
- Checkout repository: success
- Setup Java 21: success
- Build Project: success
- Run Unit Tests: success
- Build duration above expected threshold performance review required: success
- Package Application: success
- Post Setup Java 21: success
- Post Checkout repository: success
- Complete job: success

Warning: Build duration above expected threshold performance review required
Workflow result: completed successfully with non-critical warnings
Deployment recommendation: manual review required","MEDIUM"
"Workflow run ID: 80000000014
Workflow: Spring Boot CI
Event: push
Status: completed
Conclusion: success
Branch: feature/risk-analysis
Jobs created: 1
Duration seconds: 563

Job: build
Job status: completed
Job conclusion: success
Runner: GitHub Actions 1466891666
Steps:
- Set up job: success
- Checkout repository: success
- Setup Java 21: success
- Build Project: success
- Run Unit Tests: success
- Minor configuration warning detected during deployment: success
- Build Docker Image: success
- Post Setup Java 21: success
- Post Checkout repository: success
- Complete job: success

Warning: Minor configuration warning detected during deployment
Workflow result: completed successfully with non-critical warnings
Deployment recommendation: manual review required","MEDIUM"
"Workflow run ID: 80000000213
Workflow: Docker Build and Deploy
Event: workflow_dispatch
Status: completed
Conclusion: success
Branch: feature/risk-analysis
Jobs created: 1
Duration seconds: 527

Job: build
Job status: completed
Job conclusion: success
Runner: GitHub Actions 1692038591
Steps:
- Set up job: success
- Checkout repository: success
- Setup Java 21: success
- Build Project: success
- Run Unit Tests: success
- Staging health check intermittent response detected: success
- Build Docker Image: success
- Post Setup Java 21: success
- Post Checkout repository: success
- Complete job: success

Warning: Staging health check intermittent response detected
Workflow result: completed successfully with non-critical warnings
Deployment recommendation: manual review required","MEDIUM"
"Workflow run ID: 90000000057
Workflow: Maven Build Pipeline
Event: workflow_dispatch
Status: completed
Conclusion: failure
Branch: develop
Jobs created: 1
Duration seconds: 24

Job: build
Job status: completed
Job conclusion: failure
Runner: GitHub Actions 1083016169
Steps:
- Set up job: success
- Checkout repository: success
- Setup Java 21: success
- Resolve Maven dependencies: success
- Compile application: success
- Run Unit Tests: success
- Run Integration Tests: success
- Build Docker Image: failure
- Deploy to Staging: skipped
- Application Health Check: skipped
- Upload diagnostic reports: success
- Post Setup Java 21: success
- Post Checkout repository: success
- Complete job: success

Error: Docker build failed because base image was not found
Process completed with exit code 1
Workflow result: pipeline failed
Deployment recommendation: stop deployment","HIGH"
"Workflow run ID: 80000000039
Workflow: Spring Boot CI
Event: push
Status: completed
Conclusion: success
Branch: release
Jobs created: 1
Duration seconds: 92

Job: build
Job status: completed
Job conclusion: success
Runner: GitHub Actions 1600933631
Steps:
- Set up job: success
- Checkout repository: success
- Setup Java 21: success
- Build Project: success
- Run Unit Tests: success
- Code coverage below threshold manual review required: success
- Deploy to Staging: success
- Post Setup Java 21: success
- Post Checkout repository: success
- Complete job: success

Warning: Code coverage below threshold manual review required
Workflow result: completed successfully with non-critical warnings
Deployment recommendation: manual review required","MEDIUM"
"Workflow run ID: 70000000099
Workflow: Java CI Build
Event: pull_request
Status: completed
Conclusion: success
Branch: main
Jobs created: 1
Duration seconds: 72

Job: build
Job status: completed
Job conclusion: success
Runner: GitHub Actions 1933053704
Steps:
- Set up job: success
- Checkout repository: success
- Setup Java 21: success
- Maven Build: success
- Run Unit Tests: success
- SonarQube Analysis: success
- Complete Build: success
- Post Setup Java 21: success
- Post Checkout repository: success
- Complete job: success

Workflow result: all required stages completed successfully
Deployment recommendation: proceed","LOW"
"Workflow run ID: 70000000187
Workflow: Cloud Native CI/CD
Event: workflow_dispatch
Status: completed
Conclusion: success
Branch: main
Jobs created: 1
Duration seconds: 227

Job: build
Job status: completed
Job conclusion: success
Runner: GitHub Actions 1120279256
Steps:
- Set up job: success
- Checkout repository: success
- Setup Java 21: success
- Compile application: success
- Run Unit Tests: success
- Run Integration Tests: success
- Build Docker Image: success
- Post Setup Java 21: success
- Post Checkout repository: success
- Complete job: success

Workflow result: all required stages completed successfully
Deployment recommendation: proceed","LOW"
"Workflow run ID: 70000000039
Workflow: Docker Build and Deploy
Event: pull_request
Status: completed
Conclusion: success
Branch: develop
Jobs created: 1
Duration seconds: 135

Job: build
Job status: completed
Job conclusion: success
Runner: GitHub Actions 1528591647
Steps:
- Set up job: success
- Checkout repository: success
- Setup Java 21: success
- Build Project: success
- Dependency Scan: success
- Security Scan: success
- Publish Artifact: success
- Post Setup Java 21: success
- Post Checkout repository: success
- Complete job: success

Workflow result: all required stages completed successfully
Deployment recommendation: proceed","LOW"
"Workflow run ID: 70000000144
Workflow: Maven Build Pipeline
Event: push
Status: completed
Conclusion: success
Branch: release
Jobs created: 1
Duration seconds: 85

Job: build
Job status: completed
Job conclusion: success
Runner: GitHub Actions 1539932049
Steps:
- Set up job: success
- Checkout repository: success
- Setup Java 21: success
- Maven Build: success
- Run Unit Tests: success
- SonarQube Analysis: success
- Complete Build: success
- Post Setup Java 21: success
- Post Checkout repository: success
- Complete job: success

Workflow result: all required stages completed successfully
Deployment recommendation: proceed","LOW"
"Workflow run ID: 70000000102
Workflow: Kubernetes Deployment Pipeline
Event: workflow_dispatch
Status: completed
Conclusion: success
Branch: feature/risk-analysis
Jobs created: 1
Duration seconds: 99

Job: build
Job status: completed
Job conclusion: success
Runner: GitHub Actions 1229189073
Steps:
- Set up job: success
- Checkout repository: success
- Setup Java 21: success
- Compile application: success
- Run Unit Tests: success
- Run Integration Tests: success
- Build Docker Image: success
- Post Setup Java 21: success
- Post Checkout repository: success
- Complete job: success

Workflow result: all required stages completed successfully
Deployment recommendation: proceed","LOW"
"Workflow run ID: 70000000131
Workflow: Maven Build Pipeline
Event: push
Status: completed
Conclusion: success
Branch: hotfix/build-fix
Jobs created: 1
Duration seconds: 460

Job: build
Job status: completed
Job conclusion: success
Runner: GitHub Actions 1139870167
Steps:
- Set up job: success
- Checkout repository: success
- Setup Java 21: success
- Maven Build: success
- Run Unit Tests: success
- SonarQube Analysis: success
- Complete Build: success
- Post Setup Java 21: success
- Post Checkout repository: success
- Complete job: success

Workflow result: all required stages completed successfully
Deployment recommendation: proceed","LOW"
"Workflow run ID: 90000000313
Workflow: Kubernetes Deployment Pipeline
Event: pull_request
Status: completed
Conclusion: failure
Branch: develop
Jobs created: 1
Duration seconds: 227

Job: build
Job status: completed
Job conclusion: failure
Runner: GitHub Actions 1107822698
Steps:
- Set up job: success
- Checkout repository: success
- Setup Java 21: success
- Resolve Maven dependencies: success
- Compile application: failure
- Run Unit Tests: skipped
- Run Integration Tests: skipped
- Build Docker Image: skipped
- Deploy to Staging: skipped
- Application Health Check: skipped
- Upload diagnostic reports: success
- Post Setup Java 21: success
- Post Checkout repository: success
- Complete job: success

Error: Compilation failed because symbol could not be resolved
Process completed with exit code 1
Workflow result: pipeline failed
Deployment recommendation: stop deployment","HIGH"
"Workflow run ID: 70000000127
Workflow: Java CI Build
Event: pull_request
Status: completed
Conclusion: success
Branch: main
Jobs created: 1
Duration seconds: 366

Job: build
Job status: completed
Job conclusion: success
Runner: GitHub Actions 1644393052
Steps:
- Set up job: success
- Checkout repository: success
- Setup Java 21: success
- Build Project: success
- Run Unit Tests: success
- Code Coverage Check: success
- Package Application: success
- Post Setup Java 21: success
- Post Checkout repository: success
- Complete job: success

Workflow result: all required stages completed successfully
Deployment recommendation: proceed","LOW"
"Workflow run ID: 70000000032
Workflow: Java CI Build
Event: push
Status: completed
Conclusion: success
Branch: feature/risk-analysis
Jobs created: 1
Duration seconds: 417

Job: build
Job status: completed
Job conclusion: success
Runner: GitHub Actions 1357553794
Steps:
- Set up job: success
- Checkout repository: success
- Setup Java 21: success
- Build Docker Image: success
- Push Docker Image: success
- Deploy to Staging: success
- Application Health Check: success
- Post Setup Java 21: success
- Post Checkout repository: success
- Complete job: success

Workflow result: all required stages completed successfully
Deployment recommendation: proceed","LOW"
"Workflow run ID: 70000000015
Workflow: Java CI Build
Event: workflow_dispatch
Status: completed
Conclusion: success
Branch: hotfix/build-fix
Jobs created: 1
Duration seconds: 455

Job: build
Job status: completed
Job conclusion: success
Runner: GitHub Actions 1741613284
Steps:
- Set up job: success
- Checkout repository: success
- Setup Java 21: success
- Build Project: success
- Dependency Scan: success
- Security Scan: success
- Publish Artifact: success
- Post Setup Java 21: success
- Post Checkout repository: success
- Complete job: success

Workflow result: all required stages completed successfully
Deployment recommendation: proceed","LOW"
"Workflow run ID: 70000000192
Workflow: Cloud Native CI/CD
Event: pull_request
Status: completed
Conclusion: success
Branch: feature/risk-analysis
Jobs created: 1
Duration seconds: 432

Job: build
Job status: completed
Job conclusion: success
Runner: GitHub Actions 1723978288
Steps:
- Set up job: success
- Checkout repository: success
- Setup Java 21: success
- Build Project: success
- Dependency Scan: success
- Security Scan: success
- Publish Artifact: success
- Post Setup Java 21: success
- Post Checkout repository: success
- Complete job: success

Workflow result: all required stages completed successfully
Deployment recommendation: proceed","LOW"
"Workflow run ID: 90000000234
Workflow: Kubernetes Deployment Pipeline
Event: push
Status: completed
Conclusion: failure
Branch: release
Jobs created: 1
Duration seconds: 118

Job: build
Job status: completed
Job conclusion: failure
Runner: GitHub Actions 1896457290
Steps:
- Set up job: success
- Checkout repository: success
- Setup Java 21: success
- Resolve Maven dependencies: success
- Compile application: success
- Run Unit Tests: success
- Run Integration Tests: success
- Build Docker Image: success
- Deploy to Staging: failure
- Application Health Check: skipped
- Upload diagnostic reports: success
- Post Setup Java 21: success
- Post Checkout repository: success
- Complete job: success

Error: Deployment failed because service was unavailable
Process completed with exit code 1
Workflow result: pipeline failed
Deployment recommendation: stop deployment","HIGH"
"Workflow run ID: 90000000028
Workflow: Docker Build and Deploy
Event: workflow_dispatch
Status: completed
Conclusion: failure
Branch: main
Jobs created: 1
Duration seconds: 215

Job: build
Job status: completed
Job conclusion: failure
Runner: GitHub Actions 1446771124
Steps:
- Set up job: success
- Checkout repository: success
- Setup Java 21: success
- Resolve Maven dependencies: success
- Compile application: success
- Run Unit Tests: success
- Run Integration Tests: success
- Build Docker Image: failure
- Deploy to Staging: skipped
- Application Health Check: skipped
- Upload diagnostic reports: success
- Post Setup Java 21: success
- Post Checkout repository: success
- Complete job: success

Error: Docker build failed because base image was not found
Process completed with exit code 1
Workflow result: pipeline failed
Deployment recommendation: stop deployment","HIGH"
"Workflow run ID: 90000000284
Workflow: Spring Boot CI
Event: pull_request
Status: completed
Conclusion: failure
Branch: main
Jobs created: 1
Duration seconds: 244

Job: build
Job status: completed
Job conclusion: failure
Runner: GitHub Actions 1730757734
Steps:
- Set up job: success
- Checkout repository: success
- Setup Java 21: success
- Resolve Maven dependencies: success
- Compile application: success
- Run Unit Tests: success
- Run Integration Tests: success
- Build Docker Image: failure
- Deploy to Staging: skipped
- Application Health Check: skipped
- Upload diagnostic reports: success
- Post Setup Java 21: success
- Post Checkout repository: success
- Complete job: success

Error: Docker build failed because base image was not found
Process completed with exit code 1
Workflow result: pipeline failed
Deployment recommendation: stop deployment","HIGH"
"Workflow run ID: 70000000164
Workflow: Maven Build Pipeline
Event: pull_request
Status: completed
Conclusion: success
Branch: main
Jobs created: 1
Duration seconds: 53

Job: build
Job status: completed
Job conclusion: success
Runner: GitHub Actions 1272135209
Steps:
- Set up job: success
- Checkout repository: success
- Setup Java 21: success
- Build Docker Image: success
- Push Docker Image: success
- Deploy to Staging: success
- Application Health Check: success
- Post Setup Java 21: success
- Post Checkout repository: success
- Complete job: success

Workflow result: all required stages completed successfully
Deployment recommendation: proceed","LOW"
"Workflow run ID: 80000000076
Workflow: Spring Boot CI
Event: workflow_dispatch
Status: completed
Conclusion: success
Branch: develop
Jobs created: 1
Duration seconds: 363

Job: build
Job status: completed
Job conclusion: success
Runner: GitHub Actions 1529722683
Steps:
- Set up job: success
- Checkout repository: success
- Setup Java 21: success
- Build Project: success
- Run Unit Tests: success
- Code coverage below threshold manual review required: success
- Deploy to Staging: success
- Post Setup Java 21: success
- Post Checkout repository: success
- Complete job: success

Warning: Code coverage below threshold manual review required
Workflow result: completed successfully with non-critical warnings
Deployment recommendation: manual review required","MEDIUM"
"Workflow run ID: 70000000256
Workflow: Spring Boot CI
Event: workflow_dispatch
Status: completed
Conclusion: success
Branch: develop
Jobs created: 1
Duration seconds: 81

Job: build
Job status: completed
Job conclusion: success
Runner: GitHub Actions 1295150179
Steps:
- Set up job: success
- Checkout repository: success
- Setup Java 21: success
- Compile application: success
- Run Unit Tests: success
- Run Integration Tests: success
- Build Docker Image: success
- Post Setup Java 21: success
- Post Checkout repository: success
- Complete job: success

Workflow result: all required stages completed successfully
Deployment recommendation: proceed","LOW"
"Workflow run ID: 90000000299
Workflow: Maven Build Pipeline
Event: push
Status: completed
Conclusion: failure
Branch: hotfix/build-fix
Jobs created: 1
Duration seconds: 318

Job: build
Job status: completed
Job conclusion: failure
Runner: GitHub Actions 1101317561
Steps:
- Set up job: success
- Checkout repository: success
- Setup Java 21: success
- Resolve Maven dependencies: success
- Compile application: success
- Run Unit Tests: failure
- Run Integration Tests: skipped
- Build Docker Image: skipped
- Deploy to Staging: skipped
- Application Health Check: skipped
- Upload diagnostic reports: success
- Post Setup Java 21: success
- Post Checkout repository: success
- Complete job: success

Error: Unit tests failed with assertion errors
Process completed with exit code 1
Workflow result: pipeline failed
Deployment recommendation: stop deployment","HIGH"
"Workflow run ID: 70000000045
Workflow: Java CI Build
Event: push
Status: completed
Conclusion: success
Branch: hotfix/build-fix
Jobs created: 1
Duration seconds: 509

Job: build
Job status: completed
Job conclusion: success
Runner: GitHub Actions 1373158411
Steps:
- Set up job: success
- Checkout repository: success
- Setup Java 21: success
- Compile application: success
- Run Unit Tests: success
- Run Integration Tests: success
- Build Docker Image: success
- Post Setup Java 21: success
- Post Checkout repository: success
- Complete job: success

Workflow result: all required stages completed successfully
Deployment recommendation: proceed","LOW"
"Workflow run ID: 90000000073
Workflow: Java CI Build
Event: pull_request
Status: completed
Conclusion: failure
Branch: hotfix/build-fix
Jobs created: 1
Duration seconds: 76

Job: build
Job status: completed
Job conclusion: failure
Runner: GitHub Actions 1844013461
Steps:
- Set up job: success
- Checkout repository: success
- Setup Java 21: success
- Resolve Maven dependencies: success
- Compile application: success
- Run Unit Tests: failure
- Run Integration Tests: skipped
- Build Docker Image: skipped
- Deploy to Staging: skipped
- Application Health Check: skipped
- Upload diagnostic reports: success
- Post Setup Java 21: success
- Post Checkout repository: success
- Complete job: success

Error: Unit tests failed with assertion errors
Process completed with exit code 1
Workflow result: pipeline failed
Deployment recommendation: stop deployment","HIGH"
"Workflow run ID: 80000000025
Workflow: Docker Build and Deploy
Event: pull_request
Status: completed
Conclusion: success
Branch: release
Jobs created: 1
Duration seconds: 599

Job: build
Job status: completed
Job conclusion: success
Runner: GitHub Actions 1083946863
Steps:
- Set up job: success
- Checkout repository: success
- Setup Java 21: success
- Build Project: success
- Run Unit Tests: success
- Flaky tests detected retry passed manual review required: success
- Deploy to Staging: success
- Post Setup Java 21: success
- Post Checkout repository: success
- Complete job: success

Warning: Flaky tests detected retry passed manual review required
Workflow result: completed successfully with non-critical warnings
Deployment recommendation: manual review required","MEDIUM"
"Workflow run ID: 80000000268
Workflow: Docker Build and Deploy
Event: pull_request
Status: completed
Conclusion: success
Branch: main
Jobs created: 1
Duration seconds: 267

Job: build
Job status: completed
Job conclusion: success
Runner: GitHub Actions 1947164590
Steps:
- Set up job: success
- Checkout repository: success
- Setup Java 21: success
- Build Project: success
- Run Unit Tests: success
- Build duration above expected threshold performance review required: success
- Deploy to Staging: success
- Post Setup Java 21: success
- Post Checkout repository: success
- Complete job: success

Warning: Build duration above expected threshold performance review required
Workflow result: completed successfully with non-critical warnings
Deployment recommendation: manual review required","MEDIUM"
"Workflow run ID: 90000000129
Workflow: Kubernetes Deployment Pipeline
Event: pull_request
Status: completed
Conclusion: failure
Branch: develop
Jobs created: 1
Duration seconds: 330

Job: build
Job status: completed
Job conclusion: failure
Runner: GitHub Actions 1834169959
Steps:
- Set up job: success
- Checkout repository: success
- Setup Java 21: success
- Resolve Maven dependencies: success
- Compile application: success
- Run Unit Tests: success
- Run Integration Tests: success
- Build Docker Image: success
- Deploy to Staging: success
- Application Health Check: success
- Kubernetes Deployment: failure
- Upload diagnostic reports: success
- Post Setup Java 21: success
- Post Checkout repository: success
- Complete job: success

Error: Kubernetes deployment failed with ImagePullBackOff
Process completed with exit code 1
Workflow result: pipeline failed
Deployment recommendation: stop deployment","HIGH"
"Workflow run ID: 90000000308
Workflow: Maven Build Pipeline
Event: workflow_dispatch
Status: completed
Conclusion: failure
Branch: develop
Jobs created: 1
Duration seconds: 419

Job: build
Job status: completed
Job conclusion: failure
Runner: GitHub Actions 1475067333
Steps:
- Set up job: success
- Checkout repository: success
- Setup Java 21: success
- Resolve Maven dependencies: success
- Compile application: failure
- Run Unit Tests: skipped
- Run Integration Tests: skipped
- Build Docker Image: skipped
- Deploy to Staging: skipped
- Application Health Check: skipped
- Upload diagnostic reports: success
- Post Setup Java 21: success
- Post Checkout repository: success
- Complete job: success

Error: Compilation failed because symbol could not be resolved
Process completed with exit code 1
Workflow result: pipeline failed
Deployment recommendation: stop deployment","HIGH"
"Workflow run ID: 70000000273
Workflow: Java CI Build
Event: pull_request
Status: completed
Conclusion: success
Branch: develop
Jobs created: 1
Duration seconds: 270

Job: build
Job status: completed
Job conclusion: success
Runner: GitHub Actions 1408479761
Steps:
- Set up job: success
- Checkout repository: success
- Setup Java 21: success
- Build Project: success
- Run Unit Tests: success
- Code Coverage Check: success
- Package Application: success
- Post Setup Java 21: success
- Post Checkout repository: success
- Complete job: success

Workflow result: all required stages completed successfully
Deployment recommendation: proceed","LOW"
"Workflow run ID: 70000000162
Workflow: Java CI Build
Event: workflow_dispatch
Status: completed
Conclusion: success
Branch: feature/risk-analysis
Jobs created: 1
Duration seconds: 537

Job: build
Job status: completed
Job conclusion: success
Runner: GitHub Actions 1380082381
Steps:
- Set up job: success
- Checkout repository: success
- Setup Java 21: success
- Maven Build: success
- Run Unit Tests: success
- SonarQube Analysis: success
- Complete Build: success
- Post Setup Java 21: success
- Post Checkout repository: success
- Complete job: success

Workflow result: all required stages completed successfully
Deployment recommendation: proceed","LOW"
"Workflow run ID: 80000000154
Workflow: Spring Boot CI
Event: workflow_dispatch
Status: completed
Conclusion: success
Branch: feature/risk-analysis
Jobs created: 1
Duration seconds: 337

Job: build
Job status: completed
Job conclusion: success
Runner: GitHub Actions 1866323375
Steps:
- Set up job: success
- Checkout repository: success
- Setup Java 21: success
- Build Project: success
- Run Unit Tests: success
- Code coverage below threshold manual review required: success
- Build Docker Image: success
- Post Setup Java 21: success
- Post Checkout repository: success
- Complete job: success

Warning: Code coverage below threshold manual review required
Workflow result: completed successfully with non-critical warnings
Deployment recommendation: manual review required","MEDIUM"

"Workflow: Java CI Build
Status: completed
Conclusion: failure
Branch: main

Job: build
Job conclusion: failure
Steps:
- Checkout repository: success
- Setup Java 21: success
- Build Project: success
- API Test: failure

Running API endpoint test...
GET /api/users
Expected HTTP status 200 but received 404
404 Not Found
API endpoint test failed
Process completed with exit code 1

Workflow result: pipeline failed
Deployment recommendation: stop deployment","HIGH"

"Workflow: Spring Boot CI
Status: completed
Conclusion: failure
Branch: main

Job: integration-test
Job conclusion: failure

Testing GET /api/products
Expected HTTP status 200 but received 404
Response: 404 Not Found
Endpoint /api/products could not be found
Process completed with exit code 1

Workflow result: pipeline failed
Deployment recommendation: stop deployment","HIGH"

"Workflow: API Integration Pipeline
Status: completed
Conclusion: failure

API Test: failure
POST /api/orders
Expected HTTP status 201 but received 404
404 Not Found
Order endpoint test failed
Process completed with exit code 1

Workflow result: pipeline failed
Deployment recommendation: stop deployment","HIGH"

"Workflow: Java CI Build
Status: completed
Conclusion: failure
Branch: develop

Run Unit Tests: failure

Running UserServiceTest
Expected HTTP status 200 but received 500
AssertionError: expected 200 but was 500
UserServiceTest failed
Process completed with exit code 1

Workflow result: pipeline failed
Deployment recommendation: stop deployment","HIGH"

"Workflow: Spring Boot Test Pipeline
Status: completed
Conclusion: failure

Run Integration Tests: failure

Testing /api/customers
Expected HTTP status 200 but received 500
Internal Server Error
CustomerControllerIntegrationTest failed
Process completed with exit code 1

Workflow result: pipeline failed
Deployment recommendation: stop deployment","HIGH"

"Workflow: Maven Build Pipeline
Status: completed
Conclusion: failure

Compile application: failure

[ERROR] COMPILATION ERROR
[ERROR] cannot find symbol
symbol: class PaymentService
location: class PaymentController
[ERROR] Failed to execute goal maven-compiler-plugin
Process completed with exit code 1

Workflow result: pipeline failed
Deployment recommendation: stop deployment","HIGH"

"Workflow: Java CI Build
Status: completed
Conclusion: failure

Build Project: failure

[ERROR] Failed to execute goal org.apache.maven.plugins:maven-compiler-plugin
Compilation failure
cannot find symbol variable userRepository
BUILD FAILURE
Process completed with exit code 1

Workflow result: pipeline failed
Deployment recommendation: stop deployment","HIGH"

"Workflow: Maven Dependency Pipeline
Status: completed
Conclusion: failure

Resolve Maven dependencies: failure

[ERROR] Failed to execute goal on project application
Could not resolve dependencies
Could not find artifact com.example:shared-library:jar:2.0.0
DependencyResolutionException
Process completed with exit code 1

Workflow result: pipeline failed
Deployment recommendation: stop deployment","HIGH"

"Workflow: Docker Build and Deploy
Status: completed
Conclusion: failure

Build Docker Image: failure

ERROR: failed to solve
failed to read dockerfile
Dockerfile: no such file or directory
Process completed with exit code 1

Workflow result: pipeline failed
Deployment recommendation: stop deployment","HIGH"

"Workflow: Docker Build and Deploy
Status: completed
Conclusion: failure

Build Docker Image: failure

failed to solve: eclipse-temurin:21-jre
pull access denied
repository does not exist or may require authorization
Process completed with exit code 1

Workflow result: pipeline failed
Deployment recommendation: stop deployment","HIGH"

"Workflow: Docker Publish Pipeline
Status: completed
Conclusion: failure

Push Docker Image: failure

denied: requested access to the resource is denied
unauthorized: authentication required
Docker image push failed
Process completed with exit code 1

Workflow result: pipeline failed
Deployment recommendation: stop deployment","HIGH"

"Workflow: Kubernetes Deployment Pipeline
Status: completed
Conclusion: failure

Deploy to Staging: failure

Pod status: ImagePullBackOff
Failed to pull image application:latest
Kubernetes deployment failed
Process completed with exit code 1

Workflow result: pipeline failed
Deployment recommendation: stop deployment","HIGH"

"Workflow: Kubernetes Deployment Pipeline
Status: completed
Conclusion: failure

Deploy Application: failure

Pod status: CrashLoopBackOff
Container terminated with exit code 1
Application container repeatedly crashed
Deployment rollout failed

Workflow result: pipeline failed
Deployment recommendation: stop deployment","HIGH"

"Workflow: Kubernetes Deployment Pipeline
Status: completed
Conclusion: failure

Deployment rollout status: failure

Error: deployment application exceeded its progress deadline
0 of 3 updated replicas are available
Process completed with exit code 1

Workflow result: pipeline failed
Deployment recommendation: stop deployment","HIGH"

"Workflow: Database Integration Pipeline
Status: completed
Conclusion: failure

Run Integration Tests: failure

org.postgresql.util.PSQLException
Connection to postgres:5432 refused
Check that the hostname and port are correct
Integration tests failed connection refused
Process completed with exit code 1

Workflow result: pipeline failed
Deployment recommendation: stop deployment","HIGH"

"Workflow: Spring Boot CI
Status: completed
Conclusion: failure

Database Migration: failure

org.postgresql.util.PSQLException
FATAL: password authentication failed for user application_user
Database authentication failed
Process completed with exit code 1

Workflow result: pipeline failed
Deployment recommendation: stop deployment","HIGH"

"Workflow: Cloud Native CI/CD
Status: completed
Conclusion: failure

Security Scan: failure

Critical vulnerability detected
Package: example-library
Severity: CRITICAL
Deployment blocked by security policy
Process completed with exit code 1

Workflow result: pipeline failed
Deployment recommendation: stop deployment","HIGH"

"Workflow: Spring Boot CI
Status: completed
Conclusion: failure

Application Health Check: failure

Readiness probe failed
GET http://application:8080/actuator/health
connection refused
Health check failed after deployment
Process completed with exit code 1

Workflow result: pipeline failed
Deployment recommendation: stop deployment","HIGH"

"Workflow: Java CI Build
Status: completed
Conclusion: success

Build Project: success
Run Unit Tests: success
Code Coverage Check: success

Warning: code coverage 74 percent below recommended threshold of 80 percent
Workflow completed successfully with non-critical warning
Deployment recommendation: manual review required","MEDIUM"

"Workflow: Spring Boot CI
Status: completed
Conclusion: success

Build Project: success
Run Unit Tests: success

Warning: deprecated dependency detected
spring-library version is outdated
Upgrade recommended before future release
Workflow completed successfully
Deployment recommendation: manual review required","MEDIUM"

"Workflow: Maven Build Pipeline
Status: completed
Conclusion: success

Run Unit Tests: success

Warning: PaymentServiceTest failed on first execution
Test passed successfully on retry
Flaky test detected
Workflow result: completed with warning
Deployment recommendation: manual review required","MEDIUM"

"Workflow: Docker Build and Deploy
Status: completed
Conclusion: success

Build Docker Image: success

Warning: Docker image size 1.8 GB exceeds recommended limit
Image successfully created and published
Workflow result: completed with non-critical warning
Deployment recommendation: manual review required","MEDIUM"

"Workflow: Cloud Native CI/CD
Status: completed
Conclusion: success

Deploy to Staging: success

Warning: deployment duration exceeded expected threshold
Application became healthy after delayed startup
Workflow result: completed successfully with warning
Deployment recommendation: manual review required","MEDIUM"

"Workflow: Security Pipeline
Status: completed
Conclusion: success

Security Scan: success

Warning: medium severity vulnerability detected
No critical or high severity vulnerabilities found
Deployment requires security review
Workflow result: completed successfully
Deployment recommendation: manual review required","MEDIUM"

"Workflow: Java CI Build
Status: completed
Conclusion: success
Branch: main

Checkout repository: success
Setup Java 21: success
Build Project: success
Run Unit Tests: success
Tests run: 52, Failures: 0, Errors: 0
Package Application: success

BUILD SUCCESS
Workflow result: all required stages completed successfully
Deployment recommendation: proceed","LOW"

"Workflow: Spring Boot CI
Status: completed
Conclusion: success
Branch: main

Compile application: success
Run Unit Tests: success
Run Integration Tests: success
Application Health Check: success

All tests passed
Application started successfully
Workflow result: pipeline completed successfully
Deployment recommendation: proceed","LOW"

"Workflow: Docker Build and Deploy
Status: completed
Conclusion: success

Build Docker Image: success
Push Docker Image: success
Deploy to Staging: success
Application Health Check: success

Docker image built and deployed successfully
Workflow result: all required stages completed successfully
Deployment recommendation: proceed","LOW"

"Workflow: Kubernetes Deployment Pipeline
Status: completed
Conclusion: success

Build Docker Image: success
Deploy to Staging: success
Kubernetes rollout status: success
3 of 3 replicas available
Readiness probe: success

Workflow result: deployment completed successfully
Deployment recommendation: proceed","LOW"

"Workflow: Maven Build Pipeline
Status: completed
Conclusion: success

Resolve Maven dependencies: success
Compile application: success
Run Unit Tests: success
Run Integration Tests: success

[INFO] BUILD SUCCESS
Tests run: 40, Failures: 0, Errors: 0
Workflow result: all required stages completed successfully
Deployment recommendation: proceed","LOW"

"Workflow: Cloud Native CI/CD
Status: completed
Conclusion: success

Dependency Scan: success
Security Scan: success
Build Docker Image: success
Deploy to Staging: success
Application Health Check: success

No critical vulnerabilities detected
All services healthy
Workflow result: pipeline completed successfully
Deployment recommendation: proceed","LOW"
